Product_Weight,Product_Allocated_Area,Product_MRP,Store_Establishment_Year,Product_Id,Product_Sugar_Content,Product_Type,Store_Id,Store_Size,Store_Location_City_Type,Store_Type
13.64,0.071,157.1,2009,NC6218,No Sugar,Household,OUT004,Medium,Tier 2,Supermarket Type2
10.03,0.016,126.66,1987,FD7005,Low Sugar,Frozen Foods,OUT001,High,Tier 2,Supermarket Type1
12.26,0.14,138.27,2009,FD3181,Low Sugar,Snack Foods,OUT004,Medium,Tier 2,Supermarket Type2
10.28,0.143,147.44,2009,FD4347,Low Sugar,Canned,OUT004,Medium,Tier 2,Supermarket Type2
16.38,0.082,205.16,1999,FD2424,Low Sugar,Baking Goods,OUT003,Medium,Tier 1,Departmental Store
13.37,0.113,137.21,2009,FD7234,Low Sugar,Baking Goods,OUT004,Medium,Tier 2,Supermarket Type2
11.8,0.029,144.64,2009,FD8547,reg,Breads,OUT004,Medium,Tier 2,Supermarket Type2
9.61,0.026,161.79,2009,FD201,Low Sugar,Snack Foods,OUT004,Medium,Tier 2,Supermarket Type2
11.98,0.086,125.08,2009,FD2119,Low Sugar,Fruits and Vegetables,OUT004,Medium,Tier 2,Supermarket Type2
11.5,0.039,159.66,2009,FD671,Low Sugar,Dairy,OUT004,Medium,Tier 2,Supermarket Type2
12.66,0.153,151.92,2009,FD8491,Regular,Canned,OUT004,Medium,Tier 2,Supermarket Type2
9.18,0.171,115.82,1998,FD4274,Regular,Dairy,OUT002,Small,Tier 3,Food Mart
13.61,0.03,146.14,2009,NC3189,No Sugar,Household,OUT004,Medium,Tier 2,Supermarket Type2
13.18,0.059,178.63,1999,NC6507,No Sugar,Health and Hygiene,OUT003,Medium,Tier 1,Departmental Store
13.18,0.056,164.71,2009,FD2469,Low Sugar,Fruits and Vegetables,OUT004,Medium,Tier 2,Supermarket Type2
10.56,0.012,131.37,2009,FD3794,Regular,Baking Goods,OUT004,Medium,Tier 2,Supermarket Type2
15.45,0.036,166.22,1999,NC2775,No Sugar,Household,OUT003,Medium,Tier 1,Departmental Store
15.4,0.128,177.14,1987,FD5874,Low Sugar,Fruits and Vegetables,OUT001,High,Tier 2,Supermarket Type1
13.89,0.047,153.26,2009,FD1671,Low Sugar,Meat,OUT004,Medium,Tier 2,Supermarket Type2
13.31,0.1,160.34,2009,FD1747,Low Sugar,Snack Foods,OUT004,Medium,Tier 2,Supermarket Type2
10.43,0.077,119.8,1999,FD185,Regular,Snack Foods,OUT003,Medium,Tier 1,Departmental Store
12.73,0.056,144.22,2009,FD1120,Low Sugar,Fruits and Vegetables,OUT004,Medium,Tier 2,Supermarket Type2
10.95,0.027,120.35,2009,FD4705,Low Sugar,Frozen Foods,OUT004,Medium,Tier 2,Supermarket Type2
13.64,0.016,155.99,2009,FD5155,Regular,Dairy,OUT004,Medium,Tier 2,Supermarket Type2
13.7,0.016,136.46,2009,NC6066,No Sugar,Health and Hygiene,OUT004,Medium,Tier 2,Supermarket Type2
12.74,0.025,121.39,2009,FD4734,Regular,Snack Foods,OUT004,Medium,Tier 2,Supermarket Type2
16.86,0.061,217.5,1999,FD2596,Low Sugar,Fruits and Vegetables,OUT003,Medium,Tier 1,Departmental Store
11.69,0.076,141.63,2009,FD2030,Low Sugar,Frozen Foods,OUT004,Medium,Tier 2,Supermarket Type2
11.76,0.124,185.36,1987,FD7705,Low Sugar,Frozen Foods,OUT001,High,Tier 2,Supermarket Type1
12.78,0.058,181.08,1987,FD6517,Low Sugar,Snack Foods,OUT001,High,Tier 2,Supermarket Type1
18.01,0.012,229.54,1999,NC2868,No Sugar,Health and Hygiene,OUT003,Medium,Tier 1,Departmental Store
9.99,0.04,97.16,1998,DR3465,Low Sugar,Hard Drinks,OUT002,Small,Tier 3,Food Mart
10.09,0.02,116.0,1998,NC2284,No Sugar,Household,OUT002,Small,Tier 3,Food Mart
11.0,0.078,167.49,2009,DR6318,Regular,Soft Drinks,OUT004,Medium,Tier 2,Supermarket Type2
9.5,0.05,80.23,1998,FD4634,Low Sugar,Fruits and Vegetables,OUT002,Small,Tier 3,Food Mart
13.61,0.056,135.29,2009,FD8175,Regular,Fruits and Vegetables,OUT004,Medium,Tier 2,Supermarket Type2
12.14,0.09,95.05,1998,FD7866,Low Sugar,Baking Goods,OUT002,Small,Tier 3,Food Mart
11.73,0.048,122.21,2009,DR7064,Regular,Soft Drinks,OUT004,Medium,Tier 2,Supermarket Type2
15.2,0.013,164.09,1999,FD5350,Low Sugar,Baking Goods,OUT003,Medium,Tier 1,Departmental Store
14.23,0.057,156.52,1987,DR2334,Regular,Soft Drinks,OUT001,High,Tier 2,Supermarket Type1
12.95,0.114,134.98,2009,FD3729,Regular,Baking Goods,OUT004,Medium,Tier 2,Supermarket Type2
13.13,0.095,116.75,2009,FD5424,Regular,Snack Foods,OUT004,Medium,Tier 2,Supermarket Type2
12.83,0.011,150.54,2009,FD5941,Low Sugar,Dairy,OUT004,Medium,Tier 2,Supermarket Type2
10.84,0.049,124.93,1998,FD129,Low Sugar,Meat,OUT002,Small,Tier 3,Food Mart
10.92,0.052,100.26,1998,FD1535,Low Sugar,Fruits and Vegetables,OUT002,Small,Tier 3,Food Mart
13.68,0.022,169.62,1987,FD3733,Low Sugar,Canned,OUT001,High,Tier 2,Supermarket Type1
13.02,0.02,136.03,2009,NC7474,No Sugar,Health and Hygiene,OUT004,Medium,Tier 2,Supermarket Type2
11.73,0.128,137.31,2009,DR1305,Low Sugar,Soft Drinks,OUT004,Medium,Tier 2,Supermarket Type2
13.31,0.066,162.29,2009,FD5996,Low Sugar,Fruits and Vegetables,OUT004,Medium,Tier 2,Supermarket Type2
11.68,0.142,142.45,2009,FD2029,Regular,Fruits and Vegetables,OUT004,Medium,Tier 2,Supermarket Type2
11.73,0.144,164.52,2009,FD6651,Low Sugar,Canned,OUT004,Medium,Tier 2,Supermarket Type2
12.28,0.012,206.85,1987,NC4508,No Sugar,Household,OUT001,High,Tier 2,Supermarket Type1
10.86,0.058,161.79,2009,FD1729,Low Sugar,Snack Foods,OUT004,Medium,Tier 2,Supermarket Type2
11.77,0.025,152.22,1999,FD75,Low Sugar,Dairy,OUT003,Medium,Tier 1,Departmental Store
17.11,0.065,180.36,1999,FD4230,Regular,Snack Foods,OUT003,Medium,Tier 1,Departmental Store
11.49,0.11,135.98,2009,FD95,reg,Snack Foods,OUT004,Medium,Tier 2,Supermarket Type2
13.31,0.074,134.89,2009,FD7438,Regular,Snack Foods,OUT004,Medium,Tier 2,Supermarket Type2
10.89,0.142,112.77,1987,FD3870,Regular,Frozen Foods,OUT001,High,Tier 2,Supermarket Type1
15.26,0.168,173.03,1987,FD8519,Low Sugar,Baking Goods,OUT001,High,Tier 2,Supermarket Type1
8.27,0.075,156.11,2009,NC6064,No Sugar,Health and Hygiene,OUT004,Medium,Tier 2,Supermarket Type2
14.88,0.099,146.81,2009,FD4235,Regular,Canned,OUT004,Medium,Tier 2,Supermarket Type2
12.44,0.093,137.86,1998,FD501,Low Sugar,Dairy,OUT002,Small,Tier 3,Food Mart
12.44,0.061,137.09,2009,FD2626,Low Sugar,Canned,OUT004,Medium,Tier 2,Supermarket Type2
12.32,0.032,181.1,1987,DR3140,Regular,Soft Drinks,OUT001,High,Tier 2,Supermarket Type1
18.12,0.031,202.1,1999,FD656,Low Sugar,Dairy,OUT003,Medium,Tier 1,Departmental Store
13.21,0.059,151.87,2009,DR1249,Low Sugar,Soft Drinks,OUT004,Medium,Tier 2,Supermarket Type2
7.72,0.07,123.45,1998,FD2371,Low Sugar,Fruits and Vegetables,OUT002,Small,Tier 3,Food Mart
11.8,0.046,164.82,2009,NC3256,No Sugar,Household,OUT004,Medium,Tier 2,Supermarket Type2
14.19,0.08,143.34,2009,FD5613,Low Sugar,Fruits and Vegetables,OUT004,Medium,Tier 2,Supermarket Type2
13.09,0.112,123.09,2009,DR5056,Low Sugar,Soft Drinks,OUT004,Medium,Tier 2,Supermarket Type2
12.01,0.019,134.17,2009,FD5696,Regular,Canned,OUT004,Medium,Tier 2,Supermarket Type2
15.55,0.054,175.65,1987,FD2790,Low Sugar,Frozen Foods,OUT001,High,Tier 2,Supermarket Type1
14.84,0.064,135.55,2009,FD7219,Low Sugar,Dairy,OUT004,Medium,Tier 2,Supermarket Type2
12.04,0.064,99.19,1987,NC7356,No Sugar,Health and Hygiene,OUT001,High,Tier 2,Supermarket Type1
17.15,0.094,182.91,1999,FD4808,Low Sugar,Baking Goods,OUT003,Medium,Tier 1,Departmental Store
9.77,0.03,132.65,2009,FD313,Low Sugar,Dairy,OUT004,Medium,Tier 2,Supermarket Type2
9.88,0.032,142.22,2009,FD1357,Low Sugar,Snack Foods,OUT004,Medium,Tier 2,Supermarket Type2
11.85,0.137,172.17,2009,FD6957,Low Sugar,Breads,OUT004,Medium,Tier 2,Supermarket Type2
15.83,0.065,180.77,1987,FD4233,Low Sugar,Frozen Foods,OUT001,High,Tier 2,Supermarket Type1
10.71,0.066,118.97,1987,FD1202,Regular,Canned,OUT001,High,Tier 2,Supermarket Type1
11.45,0.034,133.9,2009,FD2299,Low Sugar,Dairy,OUT004,Medium,Tier 2,Supermarket Type2
10.09,0.038,129.34,2009,FD4147,Low Sugar,Frozen Foods,OUT004,Medium,Tier 2,Supermarket Type2
10.15,0.016,104.0,1998,NC6521,No Sugar,Household,OUT002,Small,Tier 3,Food Mart
14.76,0.161,188.48,1987,NC7354,No Sugar,Household,OUT001,High,Tier 2,Supermarket Type1
13.89,0.016,143.01,2009,FD1279,Low Sugar,Breads,OUT004,Medium,Tier 2,Supermarket Type2
14.53,0.092,218.91,1999,FD3260,Low Sugar,Breads,OUT003,Medium,Tier 1,Departmental Store
12.68,0.017,102.94,2009,FD3191,Low Sugar,Snack Foods,OUT004,Medium,Tier 2,Supermarket Type2
13.48,0.129,142.83,2009,FD7066,Regular,Frozen Foods,OUT004,Medium,Tier 2,Supermarket Type2
12.41,0.042,166.09,2009,NC5165,No Sugar,Health and Hygiene,OUT004,Medium,Tier 2,Supermarket Type2
9.82,0.045,128.34,1987,FD2505,Low Sugar,Baking Goods,OUT001,High,Tier 2,Supermarket Type1
10.3,0.116,130.39,2009,DR4511,Low Sugar,Soft Drinks,OUT004,Medium,Tier 2,Supermarket Type2
13.14,0.034,97.35,2009,FD4399,Regular,Frozen Foods,OUT004,Medium,Tier 2,Supermarket Type2
11.92,0.031,138.42,1998,FD588,Regular,Dairy,OUT002,Small,Tier 3,Food Mart
10.94,0.138,121.01,2009,FD6680,Low Sugar,Dairy,OUT004,Medium,Tier 2,Supermarket Type2
11.65,0.058,135.76,2009,FD6320,Low Sugar,Fruits and Vegetables,OUT004,Medium,Tier 2,Supermarket Type2
11.48,0.122,153.27,2009,FD4643,Low Sugar,Dairy,OUT004,Medium,Tier 2,Supermarket Type2
11.72,0.022,133.1,2009,FD8529,Low Sugar,Meat,OUT004,Medium,Tier 2,Supermarket Type2
15.11,0.014,176.72,1987,NC7723,No Sugar,Health and Hygiene,OUT001,High,Tier 2,Supermarket Type1
13.67,0.028,141.51,2009,FD1334,Low Sugar,Frozen Foods,OUT004,Medium,Tier 2,Supermarket Type2
10.8,0.07,135.13,2009,NC5779,No Sugar,Health and Hygiene,OUT004,Medium,Tier 2,Supermarket Type2
15.97,0.011,169.76,1987,FD2839,Low Sugar,Meat,OUT001,High,Tier 2,Supermarket Type1
13.57,0.044,121.38,2009,FD5890,reg,Dairy,OUT004,Medium,Tier 2,Supermarket Type2
16.24,0.032,196.44,1999,FD8730,Low Sugar,Fruits and Vegetables,OUT003,Medium,Tier 1,Departmental Store
14.3,0.076,159.21,1987,FD5868,Low Sugar,Dairy,OUT001,High,Tier 2,Supermarket Type1
14.4,0.021,174.68,1999,FD8106,Low Sugar,Dairy,OUT003,Medium,Tier 1,Departmental Store
12.26,0.159,124.22,2009,NC4006,No Sugar,Household,OUT004,Medium,Tier 2,Supermarket Type2
12.71,0.18,183.54,1999,FD4801,Low Sugar,Fruits and Vegetables,OUT003,Medium,Tier 1,Departmental Store
16.09,0.138,161.68,1987,FD2753,Regular,Fruits and Vegetables,OUT001,High,Tier 2,Supermarket Type1
7.11,0.065,96.54,1998,FD1948,Low Sugar,Frozen Foods,OUT002,Small,Tier 3,Food Mart
13.08,0.128,146.35,2009,FD90,Low Sugar,Meat,OUT004,Medium,Tier 2,Supermarket Type2
9.2,0.081,108.37,1998,FD1487,Low Sugar,Snack Foods,OUT002,Small,Tier 3,Food Mart
16.15,0.185,168.51,1987,FD6226,Regular,Canned,OUT001,High,Tier 2,Supermarket Type1
13.44,0.011,153.62,2009,DR7360,Low Sugar,Hard Drinks,OUT004,Medium,Tier 2,Supermarket Type2
11.99,0.081,122.18,2009,FD6530,Regular,Dairy,OUT004,Medium,Tier 2,Supermarket Type2
12.58,0.174,110.83,2009,FD5600,Regular,Frozen Foods,OUT004,Medium,Tier 2,Supermarket Type2
10.85,0.111,102.41,1998,DR8566,Regular,Soft Drinks,OUT002,Small,Tier 3,Food Mart
13.73,0.027,157.0,2009,FD555,Low Sugar,Fruits and Vegetables,OUT004,Medium,Tier 2,Supermarket Type2
14.94,0.098,132.02,2009,FD7265,Low Sugar,Canned,OUT004,Medium,Tier 2,Supermarket Type2
12.33,0.16,111.53,2009,FD6541,Regular,Meat,OUT004,Medium,Tier 2,Supermarket Type2
17.33,0.038,195.06,1999,NC3500,No Sugar,Health and Hygiene,OUT003,Medium,Tier 1,Departmental Store
13.51,0.047,144.06,2009,FD8008,Low Sugar,Baking Goods,OUT004,Medium,Tier 2,Supermarket Type2
11.49,0.06,94.19,1998,FD5148,Low Sugar,Dairy,OUT002,Small,Tier 3,Food Mart
10.1,0.006,117.76,1998,FD8023,Low Sugar,Fruits and Vegetables,OUT002,Small,Tier 3,Food Mart
13.75,0.038,150.43,2009,FD711,Low Sugar,Snack Foods,OUT004,Medium,Tier 2,Supermarket Type2
14.52,0.019,214.98,1999,FD7458,Regular,Baking Goods,OUT003,Medium,Tier 1,Departmental Store
13.45,0.106,141.05,2009,FD5843,Regular,Baking Goods,OUT004,Medium,Tier 2,Supermarket Type2
11.47,0.058,178.4,2009,FD5311,Low Sugar,Meat,OUT004,Medium,Tier 2,Supermarket Type2
16.03,0.064,194.26,1999,FD1902,Low Sugar,Meat,OUT003,Medium,Tier 1,Departmental Store
19.82,0.014,210.94,1998,FD150,Low Sugar,Canned,OUT002,Small,Tier 3,Food Mart
11.74,0.026,123.21,2009,NC3710,No Sugar,Household,OUT004,Medium,Tier 2,Supermarket Type2
15.79,0.069,144.12,1987,FD7733,Low Sugar,Canned,OUT001,High,Tier 2,Supermarket Type1
14.77,0.077,187.72,1987,FD1687,Low Sugar,Starchy Foods,OUT001,High,Tier 2,Supermarket Type1
13.7,0.07,183.45,1999,FD6700,Low Sugar,Snack Foods,OUT003,Medium,Tier 1,Departmental Store
13.06,0.191,151.96,2009,FD2888,Regular,Snack Foods,OUT004,Medium,Tier 2,Supermarket Type2
12.95,0.085,107.38,2009,NC249,No Sugar,Household,OUT004,Medium,Tier 2,Supermarket Type2
13.04,0.028,126.64,1999,FD14,Low Sugar,Breads,OUT003,Medium,Tier 1,Departmental Store
13.05,0.014,169.41,1987,FD8445,Regular,Frozen Foods,OUT001,High,Tier 2,Supermarket Type1
14.77,0.041,130.2,1999,NC114,No Sugar,Others,OUT003,Medium,Tier 1,Departmental Store
14.32,0.03,194.4,1987,FD8658,Regular,Frozen Foods,OUT001,High,Tier 2,Supermarket Type1
11.54,0.071,107.03,1987,DR2335,Regular,Soft Drinks,OUT001,High,Tier 2,Supermarket Type1
16.12,0.12,175.82,1987,NC1050,No Sugar,Health and Hygiene,OUT001,High,Tier 2,Supermarket Type1
15.27,0.082,144.22,2009,DR5292,Regular,Soft Drinks,OUT004,Medium,Tier 2,Supermarket Type2
11.77,0.068,140.05,2009,FD8377,Regular,Canned,OUT004,Medium,Tier 2,Supermarket Type2
10.85,0.066,143.92,2009,FD6247,Regular,Baking Goods,OUT004,Medium,Tier 2,Supermarket Type2
11.01,0.147,92.24,1998,FD6086,Low Sugar,Fruits and Vegetables,OUT002,Small,Tier 3,Food Mart
10.55,0.08,94.69,1998,FD5551,Regular,Snack Foods,OUT002,Small,Tier 3,Food Mart
8.49,0.083,133.15,1998,FD7547,Low Sugar,Snack Foods,OUT002,Small,Tier 3,Food Mart
9.75,0.009,116.15,1998,FD6587,Low Sugar,Snack Foods,OUT002,Small,Tier 3,Food Mart
14.54,0.128,175.77,1999,FD6924,Low Sugar,Dairy,OUT003,Medium,Tier 1,Departmental Store
15.98,0.106,169.63,1987,FD7460,Low Sugar,Snack Foods,OUT001,High,Tier 2,Supermarket Type1
12.4,0.086,187.48,1999,FD6003,Regular,Fruits and Vegetables,OUT003,Medium,Tier 1,Departmental Store
9.77,0.055,139.51,2009,FD604,Low Sugar,Canned,OUT004,Medium,Tier 2,Supermarket Type2
11.14,0.016,109.91,1987,FD1266,Regular,Canned,OUT001,High,Tier 2,Supermarket Type1
13.81,0.013,170.97,1999,NC3882,No Sugar,Health and Hygiene,OUT003,Medium,Tier 1,Departmental Store
17.24,0.034,205.11,1999,FD3788,Low Sugar,Dairy,OUT003,Medium,Tier 1,Departmental Store
11.48,0.097,148.56,2009,FD8441,Low Sugar,Canned,OUT004,Medium,Tier 2,Supermarket Type2
13.08,0.052,202.0,1999,NC35,No Sugar,Health and Hygiene,OUT003,Medium,Tier 1,Departmental Store
8.34,0.024,125.95,1998,FD4662,Regular,Canned,OUT002,Small,Tier 3,Food Mart
12.51,0.043,102.78,2009,FD4273,Low Sugar,Dairy,OUT004,Medium,Tier 2,Supermarket Type2
14.74,0.083,167.42,1999,DR4400,Regular,Soft Drinks,OUT003,Medium,Tier 1,Departmental Store
14.14,0.064,119.88,2009,NC5183,No Sugar,Household,OUT004,Medium,Tier 2,Supermarket Type2
13.21,0.067,157.8,2009,FD5602,Low Sugar,Snack Foods,OUT004,Medium,Tier 2,Supermarket Type2
13.77,0.107,130.94,2009,FD4840,Low Sugar,Breakfast,OUT004,Medium,Tier 2,Supermarket Type2
12.82,0.184,133.98,2009,FD8552,Regular,Baking Goods,OUT004,Medium,Tier 2,Supermarket Type2
12.02,0.163,123.66,2009,FD759,Low Sugar,Fruits and Vegetables,OUT004,Medium,Tier 2,Supermarket Type2
14.08,0.047,133.08,2009,FD3362,Low Sugar,Dairy,OUT004,Medium,Tier 2,Supermarket Type2
11.72,0.054,143.43,2009,FD7453,Low Sugar,Snack Foods,OUT004,Medium,Tier 2,Supermarket Type2
13.68,0.041,196.53,1987,DR5567,Low Sugar,Hard Drinks,OUT001,High,Tier 2,Supermarket Type1
13.28,0.084,148.86,2009,FD4351,Low Sugar,Meat,OUT004,Medium,Tier 2,Supermarket Type2
9.64,0.03,141.23,2009,NC171,No Sugar,Household,OUT004,Medium,Tier 2,Supermarket Type2
12.1,0.12,126.21,2009,FD4555,Low Sugar,Baking Goods,OUT004,Medium,Tier 2,Supermarket Type2
10.33,0.047,133.86,2009,FD5718,Low Sugar,Snack Foods,OUT004,Medium,Tier 2,Supermarket Type2
7.13,0.074,83.24,1998,FD7401,Low Sugar,Frozen Foods,OUT002,Small,Tier 3,Food Mart
12.48,0.214,105.0,2009,FD6058,Regular,Dairy,OUT004,Medium,Tier 2,Supermarket Type2
12.24,0.136,147.39,2009,FD3344,Low Sugar,Fruits and Vegetables,OUT004,Medium,Tier 2,Supermarket Type2
12.54,0.023,178.97,1987,FD2114,Low Sugar,Fruits and Vegetables,OUT001,High,Tier 2,Supermarket Type1
8.87,0.088,113.03,1998,FD2676,Low Sugar,Baking Goods,OUT002,Small,Tier 3,Food Mart
12.18,0.097,137.39,2009,FD620,Low Sugar,Breads,OUT004,Medium,Tier 2,Supermarket Type2
12.17,0.059,177.83,2009,FD4060,Low Sugar,Meat,OUT004,Medium,Tier 2,Supermarket Type2
11.92,0.028,176.11,2009,FD1907,Low Sugar,Snack Foods,OUT004,Medium,Tier 2,Supermarket Type2
10.92,0.031,110.63,1987,FD7364,Regular,Dairy,OUT001,High,Tier 2,Supermarket Type1
13.34,0.093,124.78,1999,FD320,Low Sugar,Meat,OUT003,Medium,Tier 1,Departmental Store
11.31,0.152,146.11,2009,FD8637,Low Sugar,Canned,OUT004,Medium,Tier 2,Supermarket Type2
10.66,0.174,141.0,2009,FD458,Low Sugar,Starchy Foods,OUT004,Medium,Tier 2,Supermarket Type2
12.88,0.026,89.6,1987,FD3570,Regular,Baking Goods,OUT001,High,Tier 2,Supermarket Type1
11.01,0.117,114.6,1987,FD6860,Regular,Frozen Foods,OUT001,High,Tier 2,Supermarket Type1
11.59,0.015,136.89,2009,FD5506,Regular,Frozen Foods,OUT004,Medium,Tier 2,Supermarket Type2
14.02,0.129,112.36,2009,FD2690,Low Sugar,Canned,OUT004,Medium,Tier 2,Supermarket Type2
15.23,0.047,158.9,1999,DR2650,Low Sugar,Soft Drinks,OUT003,Medium,Tier 1,Departmental Store
15.03,0.066,117.04,2009,FD3523,Low Sugar,Dairy,OUT004,Medium,Tier 2,Supermarket Type2
12.47,0.035,147.92,2009,DR3434,Low Sugar,Soft Drinks,OUT004,Medium,Tier 2,Supermarket Type2
9.37,0.049,94.63,1998,DR6286,Low Sugar,Soft Drinks,OUT002,Small,Tier 3,Food Mart
15.12,0.058,133.4,2009,FD8251,Regular,Frozen Foods,OUT004,Medium,Tier 2,Supermarket Type2
12.88,0.044,98.09,2009,FD861,Low Sugar,Snack Foods,OUT004,Medium,Tier 2,Supermarket Type2
15.52,0.053,173.65,1987,FD2234,Low Sugar,Canned,OUT001,High,Tier 2,Supermarket Type1
11.47,0.047,130.27,2009,FD199,Regular,Dairy,OUT004,Medium,Tier 2,Supermarket Type2
11.1,0.053,122.31,2009,FD5055,Low Sugar,Breads,OUT004,Medium,Tier 2,Supermarket Type2
14.08,0.047,173.2,1999,NC6576,No Sugar,Household,OUT003,Medium,Tier 1,Departmental Store
17.42,0.027,143.85,1998,FD450,Low Sugar,Baking Goods,OUT002,Small,Tier 3,Food Mart
15.14,0.031,166.7,1999,FD1966,Regular,Frozen Foods,OUT003,Medium,Tier 1,Departmental Store
14.14,0.02,147.81,2009,FD4463,Regular,Dairy,OUT004,Medium,Tier 2,Supermarket Type2
13.59,0.069,150.54,2009,FD8665,Low Sugar,Dairy,OUT004,Medium,Tier 2,Supermarket Type2
11.52,0.066,109.74,1987,NC5513,No Sugar,Others,OUT001,High,Tier 2,Supermarket Type1
13.7,0.116,131.24,2009,NC5089,No Sugar,Household,OUT004,Medium,Tier 2,Supermarket Type2
9.2,0.15,84.37,1998,FD1595,Regular,Canned,OUT002,Small,Tier 3,Food Mart
16.4,0.227,158.93,1987,NC6049,No Sugar,Health and Hygiene,OUT001,High,Tier 2,Supermarket Type1
14.76,0.033,145.42,2009,FD5011,Low Sugar,Frozen Foods,OUT004,Medium,Tier 2,Supermarket Type2
14.35,0.053,173.04,1999,NC1522,No Sugar,Household,OUT003,Medium,Tier 1,Departmental Store
13.36,0.104,109.88,2009,FD8316,Regular,Baking Goods,OUT004,Medium,Tier 2,Supermarket Type2
8.32,0.084,116.5,1998,FD4778,Low Sugar,Snack Foods,OUT002,Small,Tier 3,Food Mart
12.23,0.054,152.83,2009,FD5453,Low Sugar,Fruits and Vegetables,OUT004,Medium,Tier 2,Supermarket Type2
12.21,0.205,142.68,2009,FD4729,Low Sugar,Starchy Foods,OUT004,Medium,Tier 2,Supermarket Type2
7.02,0.029,50.42,1998,FD4245,Regular,Baking Goods,OUT002,Small,Tier 3,Food Mart
13.46,0.08,148.75,2009,NC2208,No Sugar,Household,OUT004,Medium,Tier 2,Supermarket Type2
11.48,0.107,112.69,1987,FD4802,Low Sugar,Meat,OUT001,High,Tier 2,Supermarket Type1
13.07,0.045,161.18,2009,DR4331,Low Sugar,Soft Drinks,OUT004,Medium,Tier 2,Supermarket Type2
9.37,0.068,104.81,1998,FD6152,Low Sugar,Snack Foods,OUT002,Small,Tier 3,Food Mart
10.46,0.137,117.84,1987,FD74,Low Sugar,Baking Goods,OUT001,High,Tier 2,Supermarket Type1
10.72,0.119,127.9,2009,FD1993,Regular,Canned,OUT004,Medium,Tier 2,Supermarket Type2
14.42,0.067,181.17,1987,FD6315,Low Sugar,Baking Goods,OUT001,High,Tier 2,Supermarket Type1
14.93,0.083,189.03,1987,DR4824,Low Sugar,Soft Drinks,OUT001,High,Tier 2,Supermarket Type1
13.33,0.082,135.39,2009,FD3591,Regular,Dairy,OUT004,Medium,Tier 2,Supermarket Type2
14.28,0.169,160.97,1987,NC4243,No Sugar,Health and Hygiene,OUT001,High,Tier 2,Supermarket Type1
13.54,0.1,154.55,2009,FD2678,Low Sugar,Snack Foods,OUT004,Medium,Tier 2,Supermarket Type2
14.82,0.03,190.42,1987,FD7876,Regular,Baking Goods,OUT001,High,Tier 2,Supermarket Type1
10.02,0.132,120.83,1987,FD7633,Regular,Snack Foods,OUT001,High,Tier 2,Supermarket Type1
12.78,0.169,152.33,2009,FD6121,Low Sugar,Snack Foods,OUT004,Medium,Tier 2,Supermarket Type2
12.66,0.066,117.41,2009,FD5264,Regular,Fruits and Vegetables,OUT004,Medium,Tier 2,Supermarket Type2
13.04,0.058,91.53,1987,FD4269,Low Sugar,Snack Foods,OUT001,High,Tier 2,Supermarket Type1
10.54,0.067,172.61,2009,FD7831,reg,Canned,OUT004,Medium,Tier 2,Supermarket Type2
14.91,0.1,166.86,1999,FD1111,Low Sugar,Meat,OUT003,Medium,Tier 1,Departmental Store
11.43,0.065,99.29,1998,FD1571,Regular,Baking Goods,OUT002,Small,Tier 3,Food Mart
8.81,0.157,167.03,2009,FD7884,Low Sugar,Snack Foods,OUT004,Medium,Tier 2,Supermarket Type2
14.61,0.093,147.49,2009,FD6641,Low Sugar,Starchy Foods,OUT004,Medium,Tier 2,Supermarket Type2
12.75,0.007,146.47,2009,FD2432,Regular,Snack Foods,OUT004,Medium,Tier 2,Supermarket Type2
11.2,0.069,124.4,2009,FD5278,Regular,Snack Foods,OUT004,Medium,Tier 2,Supermarket Type2
7.94,0.012,131.06,1998,DR1983,Low Sugar,Hard Drinks,OUT002,Small,Tier 3,Food Mart
14.72,0.033,183.18,1987,FD6518,Regular,Snack Foods,OUT001,High,Tier 2,Supermarket Type1
14.91,0.037,182.95,1987,FD1554,Regular,Snack Foods,OUT001,High,Tier 2,Supermarket Type1
16.9,0.122,243.98,1999,FD7471,Low Sugar,Meat,OUT003,Medium,Tier 1,Departmental Store
12.77,0.083,175.12,1987,NC4765,No Sugar,Health and Hygiene,OUT001,High,Tier 2,Supermarket Type1
12.16,0.039,124.07,2009,NC1117,No Sugar,Household,OUT004,Medium,Tier 2,Supermarket Type2
10.37,0.024,126.19,2009,FD4469,Low Sugar,Fruits and Vegetables,OUT004,Medium,Tier 2,Supermarket Type2
14.34,0.021,168.19,1999,FD6685,Regular,Baking Goods,OUT003,Medium,Tier 1,Departmental Store
13.28,0.073,154.5,2009,NC7223,No Sugar,Household,OUT004,Medium,Tier 2,Supermarket Type2
16.1,0.027,156.81,1999,FD3231,Low Sugar,Meat,OUT003,Medium,Tier 1,Departmental Store
16.66,0.04,203.88,1999,FD7309,Regular,Meat,OUT003,Medium,Tier 1,Departmental Store
15.99,0.038,164.5,1987,FD4635,Low Sugar,Snack Foods,OUT001,High,Tier 2,Supermarket Type1
14.27,0.01,184.71,1987,FD6020,Low Sugar,Snack Foods,OUT001,High,Tier 2,Supermarket Type1
7.8,0.036,131.56,1998,FD2036,Low Sugar,Dairy,OUT002,Small,Tier 3,Food Mart
18.29,0.142,146.15,1999,FD7468,Low Sugar,Meat,OUT003,Medium,Tier 1,Departmental Store
10.76,0.017,174.58,2009,FD8497,Regular,Canned,OUT004,Medium,Tier 2,Supermarket Type2
11.25,0.046,191.85,1987,FD4437,Regular,Baking Goods,OUT001,High,Tier 2,Supermarket Type1
14.82,0.027,119.5,2009,FD2352,Low Sugar,Baking Goods,OUT004,Medium,Tier 2,Supermarket Type2
10.9,0.029,131.3,2009,FD3546,Low Sugar,Dairy,OUT004,Medium,Tier 2,Supermarket Type2
16.31,0.076,192.76,1999,FD6865,Low Sugar,Fruits and Vegetables,OUT003,Medium,Tier 1,Departmental Store
16.73,0.066,166.21,1987,FD8366,Low Sugar,Dairy,OUT001,High,Tier 2,Supermarket Type1
13.26,0.037,147.89,2009,FD3649,Low Sugar,Dairy,OUT004,Medium,Tier 2,Supermarket Type2
11.25,0.009,142.24,2009,FD5076,Low Sugar,Snack Foods,OUT004,Medium,Tier 2,Supermarket Type2
10.33,0.032,159.28,2009,FD6502,Regular,Snack Foods,OUT004,Medium,Tier 2,Supermarket Type2
11.0,0.041,124.52,2009,NC7999,No Sugar,Health and Hygiene,OUT004,Medium,Tier 2,Supermarket Type2
11.63,0.045,139.5,2009,FD2249,reg,Frozen Foods,OUT004,Medium,Tier 2,Supermarket Type2
11.79,0.144,145.5,2009,FD8286,Low Sugar,Fruits and Vegetables,OUT004,Medium,Tier 2,Supermarket Type2
14.62,0.086,153.14,1987,DR6889,Regular,Hard Drinks,OUT001,High,Tier 2,Supermarket Type1
11.45,0.052,154.54,2009,FD1795,Regular,Baking Goods,OUT004,Medium,Tier 2,Supermarket Type2
13.83,0.1,134.77,2009,NC1062,No Sugar,Health and Hygiene,OUT004,Medium,Tier 2,Supermarket Type2
13.13,0.03,165.99,2009,FD4790,Regular,Frozen Foods,OUT004,Medium,Tier 2,Supermarket Type2
12.74,0.085,145.01,2009,NC7462,No Sugar,Others,OUT004,Medium,Tier 2,Supermarket Type2
10.32,0.024,117.27,1987,FD4480,Low Sugar,Meat,OUT001,High,Tier 2,Supermarket Type1
9.16,0.018,95.11,1998,FD5388,Regular,Snack Foods,OUT002,Small,Tier 3,Food Mart
16.64,0.015,172.08,1999,FD4410,Regular,Meat,OUT003,Medium,Tier 1,Departmental Store
11.68,0.097,129.87,1998,NC480,No Sugar,Health and Hygiene,OUT002,Small,Tier 3,Food Mart
15.7,0.154,180.84,1987,FD1295,Low Sugar,Frozen Foods,OUT001,High,Tier 2,Supermarket Type1
12.89,0.059,148.99,2009,DR862,Low Sugar,Hard Drinks,OUT004,Medium,Tier 2,Supermarket Type2
12.13,0.073,136.15,2009,FD5598,Regular,Dairy,OUT004,Medium,Tier 2,Supermarket Type2
11.66,0.055,147.97,2009,FD1896,Low Sugar,Fruits and Vegetables,OUT004,Medium,Tier 2,Supermarket Type2
15.62,0.102,200.97,1999,FD1029,Low Sugar,Snack Foods,OUT003,Medium,Tier 1,Departmental Store
10.48,0.169,94.81,1998,FD7877,Low Sugar,Baking Goods,OUT002,Small,Tier 3,Food Mart
15.56,0.03,137.87,2009,FD5270,Regular,Fruits and Vegetables,OUT004,Medium,Tier 2,Supermarket Type2
12.66,0.115,132.52,2009,FD5556,Regular,Snack Foods,OUT004,Medium,Tier 2,Supermarket Type2
15.19,0.023,199.94,1999,FD967,Low Sugar,Canned,OUT003,Medium,Tier 1,Departmental Store
15.47,0.07,196.0,1987,FD30,Regular,Dairy,OUT001,High,Tier 2,Supermarket Type1
14.53,0.14,154.61,1987,FD3596,Regular,Snack Foods,OUT001,High,Tier 2,Supermarket Type1
9.14,0.098,117.87,1998,FD8722,Low Sugar,Fruits and Vegetables,OUT002,Small,Tier 3,Food Mart
12.29,0.047,123.19,2009,FD5616,Low Sugar,Breakfast,OUT004,Medium,Tier 2,Supermarket Type2
10.94,0.051,133.62,2009,FD6194,Low Sugar,Frozen Foods,OUT004,Medium,Tier 2,Supermarket Type2
14.93,0.085,174.03,1987,FD6421,Low Sugar,Snack Foods,OUT001,High,Tier 2,Supermarket Type1
13.41,0.128,178.88,1999,FD4760,Low Sugar,Canned,OUT003,Medium,Tier 1,Departmental Store
10.31,0.133,114.65,1998,FD4425,Low Sugar,Meat,OUT002,Small,Tier 3,Food Mart
11.53,0.083,158.53,2009,FD5443,Regular,Frozen Foods,OUT004,Medium,Tier 2,Supermarket Type2
15.62,0.038,125.82,2009,FD7905,Low Sugar,Starchy Foods,OUT004,Medium,Tier 2,Supermarket Type2
12.48,0.066,109.64,2009,FD891,Low Sugar,Snack Foods,OUT004,Medium,Tier 2,Supermarket Type2
14.24,0.108,161.97,1987,DR2584,Regular,Soft Drinks,OUT001,High,Tier 2,Supermarket Type1
8.96,0.023,113.57,1998,DR3008,Regular,Hard Drinks,OUT002,Small,Tier 3,Food Mart
11.69,0.011,135.43,2009,FD8321,Low Sugar,Canned,OUT004,Medium,Tier 2,Supermarket Type2
10.63,0.282,96.15,1998,FD3590,Low Sugar,Snack Foods,OUT002,Small,Tier 3,Food Mart
13.37,0.161,163.02,2009,NC385,No Sugar,Health and Hygiene,OUT004,Medium,Tier 2,Supermarket Type2
10.04,0.162,118.72,1998,FD2747,Low Sugar,Fruits and Vegetables,OUT002,Small,Tier 3,Food Mart
10.62,0.036,195.34,2009,FD8551,Low Sugar,Snack Foods,OUT004,Medium,Tier 2,Supermarket Type2
13.1,0.035,119.36,2009,FD7075,Low Sugar,Meat,OUT004,Medium,Tier 2,Supermarket Type2
12.54,0.1,217.78,1987,NC6377,No Sugar,Health and Hygiene,OUT001,High,Tier 2,Supermarket Type1
10.97,0.045,117.36,1987,FD4097,Low Sugar,Frozen Foods,OUT001,High,Tier 2,Supermarket Type1
10.0,0.006,160.82,2009,FD4121,Regular,Baking Goods,OUT004,Medium,Tier 2,Supermarket Type2
13.61,0.082,160.36,2009,FD6706,reg,Fruits and Vegetables,OUT004,Medium,Tier 2,Supermarket Type2
12.58,0.057,119.09,2009,FD8232,Low Sugar,Fruits and Vegetables,OUT004,Medium,Tier 2,Supermarket Type2
14.33,0.061,138.52,2009,NC6169,No Sugar,Health and Hygiene,OUT004,Medium,Tier 2,Supermarket Type2
13.26,0.01,180.65,1999,NC8597,No Sugar,Health and Hygiene,OUT003,Medium,Tier 1,Departmental Store
11.96,0.061,148.12,2009,DR5543,Regular,Soft Drinks,OUT004,Medium,Tier 2,Supermarket Type2
16.96,0.057,180.06,1999,FD5670,Low Sugar,Canned,OUT003,Medium,Tier 1,Departmental Store
9.83,0.131,92.19,1998,FD5009,Low Sugar,Dairy,OUT002,Small,Tier 3,Food Mart
9.23,0.091,145.85,2009,NC2437,No Sugar,Health and Hygiene,OUT004,Medium,Tier 2,Supermarket Type2
9.79,0.043,99.46,1998,NC2129,No Sugar,Household,OUT002,Small,Tier 3,Food Mart
12.37,0.049,94.72,1987,FD6989,Regular,Baking Goods,OUT001,High,Tier 2,Supermarket Type1
12.15,0.007,169.98,2009,NC1090,No Sugar,Household,OUT004,Medium,Tier 2,Supermarket Type2
12.56,0.038,152.41,2009,FD6673,Low Sugar,Snack Foods,OUT004,Medium,Tier 2,Supermarket Type2
11.5,0.021,131.1,2009,FD8178,Low Sugar,Baking Goods,OUT004,Medium,Tier 2,Supermarket Type2
16.3,0.013,170.94,1987,NC8224,No Sugar,Household,OUT001,High,Tier 2,Supermarket Type1
12.76,0.032,82.59,1998,FD742,Low Sugar,Fruits and Vegetables,OUT002,Small,Tier 3,Food Mart
13.35,0.149,150.59,2009,NC1267,No Sugar,Household,OUT004,Medium,Tier 2,Supermarket Type2
16.4,0.11,171.86,1987,FD743,Regular,Fruits and Vegetables,OUT001,High,Tier 2,Supermarket Type1
13.73,0.137,120.67,2009,FD1523,Regular,Starchy Foods,OUT004,Medium,Tier 2,Supermarket Type2
11.02,0.027,156.98,2009,FD2910,Low Sugar,Fruits and Vegetables,OUT004,Medium,Tier 2,Supermarket Type2
13.18,0.028,156.32,2009,FD4314,Regular,Breads,OUT004,Medium,Tier 2,Supermarket Type2
13.98,0.077,176.77,1999,FD1843,Regular,Fruits and Vegetables,OUT003,Medium,Tier 1,Departmental Store
8.43,0.026,137.92,1987,NC1665,No Sugar,Health and Hygiene,OUT001,High,Tier 2,Supermarket Type1
13.58,0.004,182.35,1999,FD448,Regular,Canned,OUT003,Medium,Tier 1,Departmental Store
14.34,0.064,201.82,1987,FD3229,Low Sugar,Frozen Foods,OUT001,High,Tier 2,Supermarket Type1
11.61,0.079,101.77,1998,FD6710,Low Sugar,Baking Goods,OUT002,Small,Tier 3,Food Mart
12.63,0.024,110.06,2009,FD6412,Low Sugar,Snack Foods,OUT004,Medium,Tier 2,Supermarket Type2
10.54,0.02,115.72,1987,NC5778,No Sugar,Household,OUT001,High,Tier 2,Supermarket Type1
14.46,0.038,129.92,2009,DR7350,Low Sugar,Hard Drinks,OUT004,Medium,Tier 2,Supermarket Type2
15.22,0.015,158.64,1999,FD2255,Regular,Fruits and Vegetables,OUT003,Medium,Tier 1,Departmental Store
15.09,0.011,151.69,1987,FD3306,Low Sugar,Snack Foods,OUT001,High,Tier 2,Supermarket Type1
13.22,0.292,195.82,1987,NC1160,No Sugar,Household,OUT001,High,Tier 2,Supermarket Type1
14.32,0.128,149.82,2009,FD1980,Regular,Fruits and Vegetables,OUT004,Medium,Tier 2,Supermarket Type2
11.26,0.08,161.09,2009,FD1986,Low Sugar,Canned,OUT004,Medium,Tier 2,Supermarket Type2
11.91,0.115,121.68,2009,FD4063,Regular,Fruits and Vegetables,OUT004,Medium,Tier 2,Supermarket Type2
10.67,0.079,124.92,2009,FD6705,Low Sugar,Canned,OUT004,Medium,Tier 2,Supermarket Type2
11.93,0.048,174.57,2009,FD5601,Low Sugar,Dairy,OUT004,Medium,Tier 2,Supermarket Type2
14.5,0.067,194.8,1987,FD4672,Regular,Canned,OUT001,High,Tier 2,Supermarket Type1
16.7,0.099,131.03,1987,FD6267,Low Sugar,Breads,OUT001,High,Tier 2,Supermarket Type1
8.18,0.073,106.54,1998,FD2159,Low Sugar,Meat,OUT002,Small,Tier 3,Food Mart
14.23,0.063,190.67,1987,FD662,Regular,Meat,OUT001,High,Tier 2,Supermarket Type1
13.58,0.077,182.08,1999,NC1009,No Sugar,Health and Hygiene,OUT003,Medium,Tier 1,Departmental Store
20.35,0.022,156.56,1999,FD4966,Low Sugar,Snack Foods,OUT003,Medium,Tier 1,Departmental Store
12.02,0.041,118.48,2009,FD4524,Low Sugar,Snack Foods,OUT004,Medium,Tier 2,Supermarket Type2
12.97,0.04,165.45,2009,FD5151,Low Sugar,Dairy,OUT004,Medium,Tier 2,Supermarket Type2
9.93,0.041,120.85,1987,FD2100,Low Sugar,Snack Foods,OUT001,High,Tier 2,Supermarket Type1
12.22,0.064,151.05,2009,FD827,Regular,Baking Goods,OUT004,Medium,Tier 2,Supermarket Type2
13.37,0.045,127.97,2009,DR8701,Low Sugar,Soft Drinks,OUT004,Medium,Tier 2,Supermarket Type2
13.07,0.036,115.87,2009,NC2809,No Sugar,Household,OUT004,Medium,Tier 2,Supermarket Type2
11.65,0.154,157.84,2009,FD1364,Regular,Canned,OUT004,Medium,Tier 2,Supermarket Type2
14.44,0.036,134.53,1999,FD188,Low Sugar,Snack Foods,OUT003,Medium,Tier 1,Departmental Store
10.72,0.083,119.55,1987,FD697,Regular,Fruits and Vegetables,OUT001,High,Tier 2,Supermarket Type1
14.62,0.119,199.73,1987,DR835,Regular,Hard Drinks,OUT001,High,Tier 2,Supermarket Type1
14.34,0.033,148.41,2009,FD4346,Low Sugar,Dairy,OUT004,Medium,Tier 2,Supermarket Type2
15.68,0.104,141.98,1987,FD4972,Regular,Snack Foods,OUT001,High,Tier 2,Supermarket Type1
12.2,0.084,134.65,2009,FD5518,Low Sugar,Fruits and Vegetables,OUT004,Medium,Tier 2,Supermarket Type2
9.67,0.082,104.08,1998,NC4132,No Sugar,Household,OUT002,Small,Tier 3,Food Mart
11.38,0.026,117.21,2009,FD5306,Low Sugar,Meat,OUT004,Medium,Tier 2,Supermarket Type2
13.29,0.124,174.98,1987,NC7951,No Sugar,Health and Hygiene,OUT001,High,Tier 2,Supermarket Type1
7.63,0.077,128.77,1998,DR3820,Low Sugar,Soft Drinks,OUT002,Small,Tier 3,Food Mart
13.3,0.009,158.76,2009,FD1518,Regular,Fruits and Vegetables,OUT004,Medium,Tier 2,Supermarket Type2
9.81,0.05,156.67,2009,FD7661,Low Sugar,Frozen Foods,OUT004,Medium,Tier 2,Supermarket Type2
15.42,0.021,187.03,1987,FD3738,Regular,Frozen Foods,OUT001,High,Tier 2,Supermarket Type1
10.97,0.057,163.96,2009,FD852,Low Sugar,Snack Foods,OUT004,Medium,Tier 2,Supermarket Type2
15.04,0.024,196.19,1987,FD5099,reg,Breads,OUT001,High,Tier 2,Supermarket Type1
10.06,0.031,77.58,1998,FD3048,Low Sugar,Baking Goods,OUT002,Small,Tier 3,Food Mart
13.67,0.055,125.03,2009,FD6321,Low Sugar,Meat,OUT004,Medium,Tier 2,Supermarket Type2
12.59,0.032,153.59,2009,FD1895,Regular,Snack Foods,OUT004,Medium,Tier 2,Supermarket Type2
10.43,0.059,73.7,1998,FD2644,Low Sugar,Snack Foods,OUT002,Small,Tier 3,Food Mart
12.26,0.085,138.07,2009,FD3622,reg,Fruits and Vegetables,OUT004,Medium,Tier 2,Supermarket Type2
10.57,0.065,128.59,2009,DR1789,Regular,Soft Drinks,OUT004,Medium,Tier 2,Supermarket Type2
10.99,0.126,148.23,2009,FD7978,Low Sugar,Frozen Foods,OUT004,Medium,Tier 2,Supermarket Type2
11.59,0.035,96.26,1998,FD8028,Regular,Canned,OUT002,Small,Tier 3,Food Mart
15.44,0.082,220.07,1999,FD2403,Low Sugar,Frozen Foods,OUT003,Medium,Tier 1,Departmental Store
11.16,0.052,151.76,2009,FD986,Low Sugar,Fruits and Vegetables,OUT004,Medium,Tier 2,Supermarket Type2
13.48,0.142,153.36,2009,NC7236,No Sugar,Health and Hygiene,OUT004,Medium,Tier 2,Supermarket Type2
10.02,0.184,89.92,1998,FD5756,reg,Fruits and Vegetables,OUT002,Small,Tier 3,Food Mart
11.58,0.228,152.36,2009,DR6409,Regular,Soft Drinks,OUT004,Medium,Tier 2,Supermarket Type2
10.21,0.096,121.78,1987,FD3588,Low Sugar,Fruits and Vegetables,OUT001,High,Tier 2,Supermarket Type1
14.83,0.071,167.45,1999,FD6264,Low Sugar,Frozen Foods,OUT003,Medium,Tier 1,Departmental Store
8.44,0.188,102.17,1987,NC570,No Sugar,Health and Hygiene,OUT001,High,Tier 2,Supermarket Type1
8.4,0.036,90.7,1998,FD7896,Regular,Dairy,OUT002,Small,Tier 3,Food Mart
12.16,0.21,173.09,2009,NC4385,No Sugar,Household,OUT004,Medium,Tier 2,Supermarket Type2
17.18,0.026,217.07,1999,FD6605,Low Sugar,Fruits and Vegetables,OUT003,Medium,Tier 1,Departmental Store
13.84,0.061,146.78,2009,FD7611,Low Sugar,Meat,OUT004,Medium,Tier 2,Supermarket Type2
14.54,0.048,174.41,1999,FD7390,Low Sugar,Snack Foods,OUT003,Medium,Tier 1,Departmental Store
11.36,0.14,152.15,2009,DR5641,Low Sugar,Soft Drinks,OUT004,Medium,Tier 2,Supermarket Type2
13.68,0.055,172.37,1999,FD8354,Regular,Snack Foods,OUT003,Medium,Tier 1,Departmental Store
12.4,0.055,112.74,2009,FD3396,Low Sugar,Dairy,OUT004,Medium,Tier 2,Supermarket Type2
11.35,0.023,95.79,1998,DR6480,Regular,Hard Drinks,OUT002,Small,Tier 3,Food Mart
17.24,0.069,224.3,1999,DR7097,Low Sugar,Soft Drinks,OUT003,Medium,Tier 1,Departmental Store
8.18,0.151,103.74,1998,DR8080,Low Sugar,Soft Drinks,OUT002,Small,Tier 3,Food Mart
9.65,0.027,94.67,1998,FD6659,Low Sugar,Starchy Foods,OUT002,Small,Tier 3,Food Mart
16.54,0.013,220.37,1999,FD821,Regular,Snack Foods,OUT003,Medium,Tier 1,Departmental Store
12.14,0.079,144.92,2009,FD1013,Low Sugar,Meat,OUT004,Medium,Tier 2,Supermarket Type2
11.68,0.12,129.73,2009,FD1079,Low Sugar,Fruits and Vegetables,OUT004,Medium,Tier 2,Supermarket Type2
11.49,0.081,160.35,2009,FD2028,Low Sugar,Canned,OUT004,Medium,Tier 2,Supermarket Type2
13.22,0.122,127.13,2009,FD4783,reg,Baking Goods,OUT004,Medium,Tier 2,Supermarket Type2
8.63,0.036,129.62,1998,NC6703,No Sugar,Household,OUT002,Small,Tier 3,Food Mart
11.33,0.03,145.97,2009,FD618,Low Sugar,Dairy,OUT004,Medium,Tier 2,Supermarket Type2
14.35,0.027,135.3,2009,FD5597,Low Sugar,Baking Goods,OUT004,Medium,Tier 2,Supermarket Type2
10.2,0.08,145.66,2009,FD1988,Low Sugar,Snack Foods,OUT004,Medium,Tier 2,Supermarket Type2
14.04,0.032,108.88,2009,FD8005,Low Sugar,Frozen Foods,OUT004,Medium,Tier 2,Supermarket Type2
10.29,0.027,150.71,2009,FD2383,Low Sugar,Snack Foods,OUT004,Medium,Tier 2,Supermarket Type2
16.1,0.05,172.97,1987,FD5826,Low Sugar,Dairy,OUT001,High,Tier 2,Supermarket Type1
10.99,0.022,146.14,2009,DR467,Low Sugar,Soft Drinks,OUT004,Medium,Tier 2,Supermarket Type2
12.28,0.093,100.94,1987,FD7926,Low Sugar,Snack Foods,OUT001,High,Tier 2,Supermarket Type1
10.37,0.112,146.48,2009,FD7784,Low Sugar,Canned,OUT004,Medium,Tier 2,Supermarket Type2
12.92,0.027,131.58,2009,FD4527,Regular,Fruits and Vegetables,OUT004,Medium,Tier 2,Supermarket Type2
12.12,0.113,151.61,2009,NC3054,No Sugar,Health and Hygiene,OUT004,Medium,Tier 2,Supermarket Type2
14.33,0.098,194.7,1987,FD409,Regular,Meat,OUT001,High,Tier 2,Supermarket Type1
13.54,0.103,99.24,2009,FD6553,Regular,Frozen Foods,OUT004,Medium,Tier 2,Supermarket Type2
17.44,0.034,193.87,1999,NC6915,No Sugar,Household,OUT003,Medium,Tier 1,Departmental Store
15.49,0.089,156.13,1999,FD7915,Regular,Fruits and Vegetables,OUT003,Medium,Tier 1,Departmental Store
21.04,0.04,158.86,1999,FD5491,Regular,Starchy Foods,OUT003,Medium,Tier 1,Departmental Store
12.03,0.02,95.47,1998,NC6113,No Sugar,Health and Hygiene,OUT002,Small,Tier 3,Food Mart
13.58,0.178,117.91,2009,FD4922,Regular,Dairy,OUT004,Medium,Tier 2,Supermarket Type2
16.19,0.067,126.46,2009,FD8499,Regular,Fruits and Vegetables,OUT004,Medium,Tier 2,Supermarket Type2
5.71,0.031,120.96,1998,FD4308,Low Sugar,Dairy,OUT002,Small,Tier 3,Food Mart
13.69,0.062,155.48,2009,NC5318,No Sugar,Household,OUT004,Medium,Tier 2,Supermarket Type2
14.44,0.031,135.2,2009,FD7183,Low Sugar,Snack Foods,OUT004,Medium,Tier 2,Supermarket Type2
16.74,0.1,203.67,1999,FD870,Low Sugar,Snack Foods,OUT003,Medium,Tier 1,Departmental Store
10.93,0.083,105.58,1998,NC8099,No Sugar,Household,OUT002,Small,Tier 3,Food Mart
9.01,0.089,96.1,1998,FD3416,Regular,Canned,OUT002,Small,Tier 3,Food Mart
15.01,0.09,145.57,2009,FD8345,Low Sugar,Baking Goods,OUT004,Medium,Tier 2,Supermarket Type2
12.48,0.021,143.52,2009,FD6347,Low Sugar,Baking Goods,OUT004,Medium,Tier 2,Supermarket Type2
13.85,0.033,159.07,2009,FD3758,Regular,Meat,OUT004,Medium,Tier 2,Supermarket Type2
14.17,0.082,161.55,1998,FD279,Low Sugar,Frozen Foods,OUT002,Small,Tier 3,Food Mart
11.19,0.043,130.27,2009,FD7526,Regular,Canned,OUT004,Medium,Tier 2,Supermarket Type2
11.12,0.119,102.57,1998,DR4172,Low Sugar,Soft Drinks,OUT002,Small,Tier 3,Food Mart
13.1,0.03,157.08,2009,FD3208,Regular,Frozen Foods,OUT004,Medium,Tier 2,Supermarket Type2
10.22,0.123,130.98,2009,FD5847,Low Sugar,Dairy,OUT004,Medium,Tier 2,Supermarket Type2
13.45,0.029,146.12,2009,FD7512,Low Sugar,Fruits and Vegetables,OUT004,Medium,Tier 2,Supermarket Type2
15.39,0.09,154.27,1999,FD4404,Low Sugar,Breads,OUT003,Medium,Tier 1,Departmental Store
13.18,0.14,144.03,2009,FD4631,Regular,Breakfast,OUT004,Medium,Tier 2,Supermarket Type2
16.33,0.089,146.79,1999,FD7493,Low Sugar,Snack Foods,OUT003,Medium,Tier 1,Departmental Store
11.39,0.065,178.11,2009,FD348,Low Sugar,Fruits and Vegetables,OUT004,Medium,Tier 2,Supermarket Type2
14.13,0.118,223.61,1999,FD932,Low Sugar,Fruits and Vegetables,OUT003,Medium,Tier 1,Departmental Store
13.17,0.076,151.4,2009,FD7534,Low Sugar,Frozen Foods,OUT004,Medium,Tier 2,Supermarket Type2
12.5,0.032,149.26,2009,NC4020,No Sugar,Household,OUT004,Medium,Tier 2,Supermarket Type2
10.64,0.144,150.91,2009,FD5936,Low Sugar,Starchy Foods,OUT004,Medium,Tier 2,Supermarket Type2
15.54,0.027,186.52,1987,FD5217,Low Sugar,Dairy,OUT001,High,Tier 2,Supermarket Type1
13.26,0.029,120.55,2009,DR3737,Regular,Soft Drinks,OUT004,Medium,Tier 2,Supermarket Type2
15.36,0.044,221.8,1999,FD8049,Low Sugar,Dairy,OUT003,Medium,Tier 1,Departmental Store
15.95,0.036,176.83,1987,NC7244,No Sugar,Others,OUT001,High,Tier 2,Supermarket Type1
12.36,0.026,98.31,1987,DR6552,Regular,Soft Drinks,OUT001,High,Tier 2,Supermarket Type1
5.93,0.03,109.76,1998,FD7889,Low Sugar,Dairy,OUT002,Small,Tier 3,Food Mart
8.92,0.173,142.67,2009,FD6087,Low Sugar,Canned,OUT004,Medium,Tier 2,Supermarket Type2
8.96,0.022,129.98,1998,NC1464,No Sugar,Health and Hygiene,OUT002,Small,Tier 3,Food Mart
12.91,0.044,131.29,2009,FD7444,Low Sugar,Breads,OUT004,Medium,Tier 2,Supermarket Type2
10.73,0.014,153.79,2009,FD283,Low Sugar,Fruits and Vegetables,OUT004,Medium,Tier 2,Supermarket Type2
12.68,0.024,140.13,2009,NC7553,No Sugar,Health and Hygiene,OUT004,Medium,Tier 2,Supermarket Type2
11.15,0.116,140.71,2009,FD3560,Low Sugar,Fruits and Vegetables,OUT004,Medium,Tier 2,Supermarket Type2
12.99,0.061,130.04,2009,FD2244,Low Sugar,Snack Foods,OUT004,Medium,Tier 2,Supermarket Type2
15.35,0.081,162.2,1999,DR3802,Regular,Soft Drinks,OUT003,Medium,Tier 1,Departmental Store
10.09,0.029,88.75,1998,NC3406,No Sugar,Household,OUT002,Small,Tier 3,Food Mart
14.28,0.084,148.82,2009,NC6689,No Sugar,Health and Hygiene,OUT004,Medium,Tier 2,Supermarket Type2
11.41,0.054,138.43,2009,NC2379,No Sugar,Household,OUT004,Medium,Tier 2,Supermarket Type2
12.15,0.063,155.6,2009,NC4255,No Sugar,Others,OUT004,Medium,Tier 2,Supermarket Type2
15.56,0.036,193.44,1999,FD5846,Low Sugar,Frozen Foods,OUT003,Medium,Tier 1,Departmental Store
8.81,0.015,142.71,1987,FD4682,Low Sugar,Meat,OUT001,High,Tier 2,Supermarket Type1
13.94,0.041,98.97,2009,FD364,Low Sugar,Frozen Foods,OUT004,Medium,Tier 2,Supermarket Type2
10.7,0.128,124.23,2009,NC4312,No Sugar,Household,OUT004,Medium,Tier 2,Supermarket Type2
13.94,0.036,191.07,1987,FD1559,Regular,Baking Goods,OUT001,High,Tier 2,Supermarket Type1
11.9,0.067,118.8,2009,FD3502,Regular,Fruits and Vegetables,OUT004,Medium,Tier 2,Supermarket Type2
11.42,0.072,131.2,2009,FD333,Low Sugar,Seafood,OUT004,Medium,Tier 2,Supermarket Type2
12.13,0.072,98.87,1987,DR444,Low Sugar,Soft Drinks,OUT001,High,Tier 2,Supermarket Type1
10.34,0.12,126.22,2009,NC5129,No Sugar,Household,OUT004,Medium,Tier 2,Supermarket Type2
10.3,0.037,154.46,2009,DR121,Low Sugar,Soft Drinks,OUT004,Medium,Tier 2,Supermarket Type2
16.33,0.052,196.68,1999,FD1259,Low Sugar,Frozen Foods,OUT003,Medium,Tier 1,Departmental Store
15.7,0.039,188.25,1999,FD8252,Regular,Meat,OUT003,Medium,Tier 1,Departmental Store
13.35,0.067,108.83,2009,FD7487,Low Sugar,Fruits and Vegetables,OUT004,Medium,Tier 2,Supermarket Type2
11.03,0.098,142.58,2009,FD7253,Regular,Canned,OUT004,Medium,Tier 2,Supermarket Type2
9.19,0.133,119.26,1998,NC7363,No Sugar,Health and Hygiene,OUT002,Small,Tier 3,Food Mart
11.49,0.119,141.28,2009,FD659,Low Sugar,Fruits and Vegetables,OUT004,Medium,Tier 2,Supermarket Type2
11.75,0.122,99.16,1998,FD6990,Low Sugar,Dairy,OUT002,Small,Tier 3,Food Mart
13.17,0.034,122.91,2009,FD4497,Regular,Fruits and Vegetables,OUT004,Medium,Tier 2,Supermarket Type2
12.84,0.109,175.87,1987,FD1135,Low Sugar,Meat,OUT001,High,Tier 2,Supermarket Type1
11.22,0.067,125.23,2009,NC6592,No Sugar,Household,OUT004,Medium,Tier 2,Supermarket Type2
17.35,0.047,137.15,1999,DR3464,Regular,Soft Drinks,OUT003,Medium,Tier 1,Departmental Store
12.86,0.076,154.49,2009,NC7548,No Sugar,Health and Hygiene,OUT004,Medium,Tier 2,Supermarket Type2
13.17,0.035,160.78,2009,FD8420,Regular,Frozen Foods,OUT004,Medium,Tier 2,Supermarket Type2
14.83,0.147,183.62,1987,FD652,Low Sugar,Baking Goods,OUT001,High,Tier 2,Supermarket Type1
12.31,0.066,119.26,2009,FD4292,Low Sugar,Fruits and Vegetables,OUT004,Medium,Tier 2,Supermarket Type2
11.32,0.071,149.64,2009,FD2567,Low Sugar,Fruits and Vegetables,OUT004,Medium,Tier 2,Supermarket Type2
10.59,0.126,165.05,2009,FD3979,Low Sugar,Canned,OUT004,Medium,Tier 2,Supermarket Type2
10.4,0.029,123.1,1987,FD1127,Regular,Baking Goods,OUT001,High,Tier 2,Supermarket Type1
13.22,0.143,176.83,1998,FD195,Low Sugar,Fruits and Vegetables,OUT002,Small,Tier 3,Food Mart
12.98,0.138,146.5,2009,NC633,No Sugar,Household,OUT004,Medium,Tier 2,Supermarket Type2
13.91,0.103,151.64,2009,DR8083,Regular,Soft Drinks,OUT004,Medium,Tier 2,Supermarket Type2
11.52,0.015,141.18,2009,FD6782,Low Sugar,Fruits and Vegetables,OUT004,Medium,Tier 2,Supermarket Type2
7.99,0.033,86.79,1987,FD182,Low Sugar,Fruits and Vegetables,OUT001,High,Tier 2,Supermarket Type1
10.3,0.089,118.94,1987,FD3107,Regular,Starchy Foods,OUT001,High,Tier 2,Supermarket Type1
16.98,0.015,188.74,1999,FD8034,Regular,Starchy Foods,OUT003,Medium,Tier 1,Departmental Store
15.46,0.004,150.48,1987,FD2324,Regular,Fruits and Vegetables,OUT001,High,Tier 2,Supermarket Type1
13.37,0.144,173.1,1987,FD7288,reg,Fruits and Vegetables,OUT001,High,Tier 2,Supermarket Type1
10.85,0.01,144.61,2009,DR2009,Low Sugar,Soft Drinks,OUT004,Medium,Tier 2,Supermarket Type2
14.11,0.078,131.65,2009,FD308,Low Sugar,Baking Goods,OUT004,Medium,Tier 2,Supermarket Type2
12.38,0.028,180.73,1987,FD6243,Low Sugar,Meat,OUT001,High,Tier 2,Supermarket Type1
11.55,0.053,153.55,2009,FD3968,Regular,Starchy Foods,OUT004,Medium,Tier 2,Supermarket Type2
12.14,0.048,168.28,2009,FD4647,Low Sugar,Canned,OUT004,Medium,Tier 2,Supermarket Type2
11.95,0.022,226.26,1987,FD1964,Low Sugar,Fruits and Vegetables,OUT001,High,Tier 2,Supermarket Type1
13.81,0.011,173.28,1999,FD3886,Low Sugar,Frozen Foods,OUT003,Medium,Tier 1,Departmental Store
11.88,0.188,160.57,2009,FD2799,Low Sugar,Snack Foods,OUT004,Medium,Tier 2,Supermarket Type2
12.22,0.074,135.02,2009,FD5676,Low Sugar,Baking Goods,OUT004,Medium,Tier 2,Supermarket Type2
13.08,0.079,168.87,2009,FD2592,Low Sugar,Dairy,OUT004,Medium,Tier 2,Supermarket Type2
14.52,0.046,186.63,1987,NC6783,No Sugar,Others,OUT001,High,Tier 2,Supermarket Type1
15.31,0.063,144.37,2009,NC8645,No Sugar,Household,OUT004,Medium,Tier 2,Supermarket Type2
14.1,0.006,210.11,1999,FD1569,Regular,Snack Foods,OUT003,Medium,Tier 1,Departmental Store
14.39,0.021,114.68,2009,FD3930,Low Sugar,Baking Goods,OUT004,Medium,Tier 2,Supermarket Type2
12.06,0.043,123.58,2009,NC5342,No Sugar,Household,OUT004,Medium,Tier 2,Supermarket Type2
9.82,0.031,145.64,2009,FD1482,Regular,Baking Goods,OUT004,Medium,Tier 2,Supermarket Type2
12.05,0.027,145.13,2009,FD8160,Low Sugar,Baking Goods,OUT004,Medium,Tier 2,Supermarket Type2
13.02,0.12,158.7,2009,FD5816,Low Sugar,Fruits and Vegetables,OUT004,Medium,Tier 2,Supermarket Type2
10.54,0.049,151.98,2009,DR7851,Regular,Soft Drinks,OUT004,Medium,Tier 2,Supermarket Type2
15.03,0.128,164.72,1999,FD5980,Regular,Canned,OUT003,Medium,Tier 1,Departmental Store
12.04,0.086,162.26,1998,NC544,No Sugar,Household,OUT002,Small,Tier 3,Food Mart
12.22,0.014,81.67,1998,FD4807,Regular,Meat,OUT002,Small,Tier 3,Food Mart
15.75,0.076,144.77,1987,FD1077,Regular,Dairy,OUT001,High,Tier 2,Supermarket Type1
13.07,0.037,143.79,2009,FD8037,Low Sugar,Meat,OUT004,Medium,Tier 2,Supermarket Type2
9.32,0.042,127.59,1987,FD7647,Low Sugar,Fruits and Vegetables,OUT001,High,Tier 2,Supermarket Type1
12.29,0.123,159.9,2009,NC6734,No Sugar,Household,OUT004,Medium,Tier 2,Supermarket Type2
12.11,0.033,175.29,2009,NC4895,No Sugar,Health and Hygiene,OUT004,Medium,Tier 2,Supermarket Type2
11.61,0.049,200.87,1999,NC655,No Sugar,Health and Hygiene,OUT003,Medium,Tier 1,Departmental Store
7.21,0.035,147.23,1998,NC6948,No Sugar,Household,OUT002,Small,Tier 3,Food Mart
11.6,0.028,190.11,1987,FD832,Low Sugar,Fruits and Vegetables,OUT001,High,Tier 2,Supermarket Type1
12.4,0.065,94.99,1987,FD236,Regular,Fruits and Vegetables,OUT001,High,Tier 2,Supermarket Type1
13.88,0.074,145.68,2009,FD3534,Low Sugar,Fruits and Vegetables,OUT004,Medium,Tier 2,Supermarket Type2
15.95,0.069,156.41,1999,FD1134,Low Sugar,Fruits and Vegetables,OUT003,Medium,Tier 1,Departmental Store
17.36,0.081,153.55,1987,FD5985,Low Sugar,Dairy,OUT001,High,Tier 2,Supermarket Type1
11.05,0.013,114.41,1987,FD1756,Low Sugar,Dairy,OUT001,High,Tier 2,Supermarket Type1
14.16,0.063,129.12,2009,FD672,Low Sugar,Snack Foods,OUT004,Medium,Tier 2,Supermarket Type2
11.89,0.089,161.22,2009,FD1989,Low Sugar,Frozen Foods,OUT004,Medium,Tier 2,Supermarket Type2
14.83,0.157,189.19,1987,FD7037,Low Sugar,Snack Foods,OUT001,High,Tier 2,Supermarket Type1
10.9,0.013,153.32,2009,NC8740,No Sugar,Health and Hygiene,OUT004,Medium,Tier 2,Supermarket Type2
12.54,0.066,124.0,2009,FD5624,Low Sugar,Fruits and Vegetables,OUT004,Medium,Tier 2,Supermarket Type2
14.88,0.038,96.49,2009,FD5447,Low Sugar,Canned,OUT004,Medium,Tier 2,Supermarket Type2
12.41,0.138,120.58,2009,DR7779,Low Sugar,Soft Drinks,OUT004,Medium,Tier 2,Supermarket Type2
12.81,0.025,143.16,2009,FD8692,Low Sugar,Snack Foods,OUT004,Medium,Tier 2,Supermarket Type2
12.68,0.03,133.19,2009,FD7255,Low Sugar,Snack Foods,OUT004,Medium,Tier 2,Supermarket Type2
12.01,0.105,146.0,2009,DR1920,Regular,Soft Drinks,OUT004,Medium,Tier 2,Supermarket Type2
15.02,0.044,193.24,1987,FD1758,Low Sugar,Snack Foods,OUT001,High,Tier 2,Supermarket Type1
9.81,0.039,141.69,2009,FD6946,Low Sugar,Frozen Foods,OUT004,Medium,Tier 2,Supermarket Type2
12.55,0.175,170.58,2009,FD1423,Regular,Dairy,OUT004,Medium,Tier 2,Supermarket Type2
14.24,0.133,135.42,1998,FD120,Low Sugar,Breads,OUT002,Small,Tier 3,Food Mart
14.09,0.128,178.38,1999,FD872,Low Sugar,Snack Foods,OUT003,Medium,Tier 1,Departmental Store
13.19,0.007,153.58,2009,FD8762,Low Sugar,Dairy,OUT004,Medium,Tier 2,Supermarket Type2
16.02,0.132,187.35,1999,FD3085,Low Sugar,Baking Goods,OUT003,Medium,Tier 1,Departmental Store
12.28,0.031,144.26,2009,FD1808,Regular,Frozen Foods,OUT004,Medium,Tier 2,Supermarket Type2
12.84,0.047,147.58,2009,FD6708,Low Sugar,Snack Foods,OUT004,Medium,Tier 2,Supermarket Type2
14.24,0.063,159.5,1987,FD4553,Low Sugar,Meat,OUT001,High,Tier 2,Supermarket Type1
9.74,0.036,89.74,1998,FD1825,Low Sugar,Baking Goods,OUT002,Small,Tier 3,Food Mart
10.36,0.089,138.92,2009,FD7749,Regular,Frozen Foods,OUT004,Medium,Tier 2,Supermarket Type2
9.76,0.015,139.5,1998,FD471,Regular,Snack Foods,OUT002,Small,Tier 3,Food Mart
14.02,0.128,195.0,1987,FD4906,Low Sugar,Meat,OUT001,High,Tier 2,Supermarket Type1
14.41,0.03,146.36,2009,FD3797,Low Sugar,Snack Foods,OUT004,Medium,Tier 2,Supermarket Type2
12.86,0.174,160.58,2009,FD5232,Low Sugar,Fruits and Vegetables,OUT004,Medium,Tier 2,Supermarket Type2
13.16,0.011,130.22,2009,FD7849,Regular,Meat,OUT004,Medium,Tier 2,Supermarket Type2
13.84,0.038,115.31,2009,FD7051,Low Sugar,Breads,OUT004,Medium,Tier 2,Supermarket Type2
14.43,0.065,177.0,1999,NC5869,No Sugar,Household,OUT003,Medium,Tier 1,Departmental Store
11.4,0.063,141.03,2009,NC5634,No Sugar,Health and Hygiene,OUT004,Medium,Tier 2,Supermarket Type2
9.11,0.031,122.34,1998,NC310,No Sugar,Health and Hygiene,OUT002,Small,Tier 3,Food Mart
9.37,0.047,130.6,1987,FD4268,Low Sugar,Meat,OUT001,High,Tier 2,Supermarket Type1
9.66,0.177,86.2,1998,NC3722,No Sugar,Household,OUT002,Small,Tier 3,Food Mart
12.13,0.067,171.71,2009,NC5258,No Sugar,Health and Hygiene,OUT004,Medium,Tier 2,Supermarket Type2
10.68,0.036,145.38,2009,FD2995,Low Sugar,Fruits and Vegetables,OUT004,Medium,Tier 2,Supermarket Type2
14.25,0.031,182.95,1987,FD1000,Low Sugar,Baking Goods,OUT001,High,Tier 2,Supermarket Type1
13.77,0.108,189.04,1987,FD4535,Low Sugar,Fruits and Vegetables,OUT001,High,Tier 2,Supermarket Type1
14.61,0.014,144.48,2009,FD8163,reg,Breakfast,OUT004,Medium,Tier 2,Supermarket Type2
12.29,0.037,129.26,2009,NC5457,No Sugar,Household,OUT004,Medium,Tier 2,Supermarket Type2
13.34,0.039,150.81,2009,FD819,Low Sugar,Frozen Foods,OUT004,Medium,Tier 2,Supermarket Type2
14.2,0.054,112.5,2009,FD6149,Regular,Dairy,OUT004,Medium,Tier 2,Supermarket Type2
10.58,0.04,121.29,1987,FD1930,Low Sugar,Snack Foods,OUT001,High,Tier 2,Supermarket Type1
13.1,0.041,124.94,2009,FD2931,Regular,Fruits and Vegetables,OUT004,Medium,Tier 2,Supermarket Type2
10.46,0.084,158.78,2009,FD8651,Low Sugar,Fruits and Vegetables,OUT004,Medium,Tier 2,Supermarket Type2
11.61,0.033,153.19,2009,FD6009,Low Sugar,Baking Goods,OUT004,Medium,Tier 2,Supermarket Type2
13.14,0.161,147.36,2009,NC4330,No Sugar,Health and Hygiene,OUT004,Medium,Tier 2,Supermarket Type2
13.68,0.137,97.26,2009,FD703,Low Sugar,Baking Goods,OUT004,Medium,Tier 2,Supermarket Type2
11.29,0.021,155.86,2009,DR8079,Low Sugar,Hard Drinks,OUT004,Medium,Tier 2,Supermarket Type2
12.68,0.064,183.73,1999,FD8652,Low Sugar,Fruits and Vegetables,OUT003,Medium,Tier 1,Departmental Store
10.24,0.077,123.65,1987,FD6083,Low Sugar,Dairy,OUT001,High,Tier 2,Supermarket Type1
9.4,0.082,125.61,1998,FD3265,Low Sugar,Breads,OUT002,Small,Tier 3,Food Mart
11.53,0.14,176.53,2009,DR6598,Low Sugar,Soft Drinks,OUT004,Medium,Tier 2,Supermarket Type2
8.93,0.031,126.48,1998,FD5438,Low Sugar,Snack Foods,OUT002,Small,Tier 3,Food Mart
11.03,0.028,172.58,2009,FD2158,Low Sugar,Snack Foods,OUT004,Medium,Tier 2,Supermarket Type2
12.87,0.089,133.63,2009,FD8604,Regular,Fruits and Vegetables,OUT004,Medium,Tier 2,Supermarket Type2
16.21,0.122,186.92,1999,NC2453,No Sugar,Household,OUT003,Medium,Tier 1,Departmental Store
11.9,0.024,152.37,2009,FD1744,Low Sugar,Dairy,OUT004,Medium,Tier 2,Supermarket Type2
13.09,0.148,124.13,2009,FD8068,Low Sugar,Dairy,OUT004,Medium,Tier 2,Supermarket Type2
14.71,0.023,153.67,1987,FD2252,Low Sugar,Baking Goods,OUT001,High,Tier 2,Supermarket Type1
14.48,0.128,171.58,1999,FD4661,Low Sugar,Baking Goods,OUT003,Medium,Tier 1,Departmental Store
10.41,0.17,115.64,1987,FD7386,Regular,Dairy,OUT001,High,Tier 2,Supermarket Type1
10.53,0.008,142.38,2009,FD5534,Low Sugar,Frozen Foods,OUT004,Medium,Tier 2,Supermarket Type2
12.37,0.066,120.29,2009,FD7907,Low Sugar,Frozen Foods,OUT004,Medium,Tier 2,Supermarket Type2
11.35,0.063,136.51,2009,FD3675,Regular,Canned,OUT004,Medium,Tier 2,Supermarket Type2
15.77,0.021,144.56,1987,FD2732,Low Sugar,Dairy,OUT001,High,Tier 2,Supermarket Type1
12.47,0.013,156.41,2009,FD8484,Regular,Frozen Foods,OUT004,Medium,Tier 2,Supermarket Type2
14.43,0.021,147.12,2009,NC4874,No Sugar,Household,OUT004,Medium,Tier 2,Supermarket Type2
10.91,0.056,106.68,1998,FD5838,Low Sugar,Meat,OUT002,Small,Tier 3,Food Mart
12.67,0.076,154.3,2009,NC8631,No Sugar,Household,OUT004,Medium,Tier 2,Supermarket Type2
15.99,0.064,172.33,1987,FD5683,Regular,Snack Foods,OUT001,High,Tier 2,Supermarket Type1
13.31,0.043,125.59,2009,FD4154,Low Sugar,Meat,OUT004,Medium,Tier 2,Supermarket Type2
12.09,0.123,148.76,2009,NC4296,No Sugar,Health and Hygiene,OUT004,Medium,Tier 2,Supermarket Type2
12.25,0.01,198.7,1999,NC4711,No Sugar,Health and Hygiene,OUT003,Medium,Tier 1,Departmental Store
12.35,0.022,113.41,2009,FD5229,Regular,Meat,OUT004,Medium,Tier 2,Supermarket Type2
11.13,0.035,110.81,1987,DR8561,Regular,Soft Drinks,OUT001,High,Tier 2,Supermarket Type1
11.95,0.047,164.23,2009,FD4326,Low Sugar,Breads,OUT004,Medium,Tier 2,Supermarket Type2
14.21,0.035,127.81,2009,FD3823,Regular,Fruits and Vegetables,OUT004,Medium,Tier 2,Supermarket Type2
10.31,0.054,111.08,1998,FD4068,Low Sugar,Frozen Foods,OUT002,Small,Tier 3,Food Mart
9.84,0.102,136.6,2009,FD6429,Regular,Baking Goods,OUT004,Medium,Tier 2,Supermarket Type2
12.39,0.114,175.47,2009,FD3976,Low Sugar,Frozen Foods,OUT004,Medium,Tier 2,Supermarket Type2
14.76,0.076,130.99,2009,FD5324,Low Sugar,Meat,OUT004,Medium,Tier 2,Supermarket Type2
14.71,0.083,145.12,2009,NC2282,No Sugar,Household,OUT004,Medium,Tier 2,Supermarket Type2
10.7,0.021,136.6,2009,FD2138,Low Sugar,Dairy,OUT004,Medium,Tier 2,Supermarket Type2
14.04,0.039,156.19,2009,FD1797,Low Sugar,Dairy,OUT004,Medium,Tier 2,Supermarket Type2
13.89,0.015,196.66,1987,FD6564,Low Sugar,Frozen Foods,OUT001,High,Tier 2,Supermarket Type1
11.0,0.12,152.09,2009,FD987,Regular,Frozen Foods,OUT004,Medium,Tier 2,Supermarket Type2
10.48,0.015,154.22,2009,FD2069,Regular,Meat,OUT004,Medium,Tier 2,Supermarket Type2
13.03,0.061,150.09,2009,NC4003,No Sugar,Health and Hygiene,OUT004,Medium,Tier 2,Supermarket Type2
12.98,0.021,147.61,2009,FD2210,Regular,Breads,OUT004,Medium,Tier 2,Supermarket Type2
8.88,0.115,124.27,1998,FD2207,Low Sugar,Dairy,OUT002,Small,Tier 3,Food Mart
7.96,0.016,85.82,1998,FD8753,Regular,Fruits and Vegetables,OUT002,Small,Tier 3,Food Mart
11.58,0.041,114.95,2009,FD8254,Regular,Fruits and Vegetables,OUT004,Medium,Tier 2,Supermarket Type2
15.91,0.092,171.64,1987,FD2801,Low Sugar,Frozen Foods,OUT001,High,Tier 2,Supermarket Type1
15.29,0.082,189.49,1987,FD6287,Low Sugar,Dairy,OUT001,High,Tier 2,Supermarket Type1
12.11,0.105,135.19,2009,FD2974,Low Sugar,Frozen Foods,OUT004,Medium,Tier 2,Supermarket Type2
9.26,0.021,83.38,1998,FD5329,Regular,Canned,OUT002,Small,Tier 3,Food Mart
8.02,0.065,124.97,1987,FD420,Low Sugar,Canned,OUT001,High,Tier 2,Supermarket Type1
15.73,0.031,149.47,1987,FD3069,Low Sugar,Baking Goods,OUT001,High,Tier 2,Supermarket Type1
10.96,0.137,122.25,2009,FD2173,Regular,Canned,OUT004,Medium,Tier 2,Supermarket Type2
16.01,0.027,117.48,2009,FD4706,Low Sugar,Fruits and Vegetables,OUT004,Medium,Tier 2,Supermarket Type2
12.16,0.084,130.67,2009,FD6610,Low Sugar,Snack Foods,OUT004,Medium,Tier 2,Supermarket Type2
13.27,0.046,173.14,1987,FD3934,Regular,Snack Foods,OUT001,High,Tier 2,Supermarket Type1
13.36,0.12,106.07,2009,DR8291,Low Sugar,Hard Drinks,OUT004,Medium,Tier 2,Supermarket Type2
13.0,0.054,166.75,2009,FD8020,Regular,Fruits and Vegetables,OUT004,Medium,Tier 2,Supermarket Type2
17.87,0.124,166.45,1999,FD899,Low Sugar,Snack Foods,OUT003,Medium,Tier 1,Departmental Store
12.87,0.175,146.47,2009,FD741,Low Sugar,Dairy,OUT004,Medium,Tier 2,Supermarket Type2
14.09,0.047,192.85,1987,DR3026,Regular,Hard Drinks,OUT001,High,Tier 2,Supermarket Type1
12.65,0.121,149.9,2009,FD3193,Low Sugar,Frozen Foods,OUT004,Medium,Tier 2,Supermarket Type2
10.48,0.073,92.63,1998,FD5333,Low Sugar,Meat,OUT002,Small,Tier 3,Food Mart
11.75,0.03,161.68,2009,FD7576,Low Sugar,Starchy Foods,OUT004,Medium,Tier 2,Supermarket Type2
11.3,0.099,90.06,1998,DR8694,Regular,Hard Drinks,OUT002,Small,Tier 3,Food Mart
12.8,0.034,147.19,2009,NC7872,No Sugar,Others,OUT004,Medium,Tier 2,Supermarket Type2
12.83,0.068,162.76,2009,FD3728,Low Sugar,Fruits and Vegetables,OUT004,Medium,Tier 2,Supermarket Type2
13.56,0.029,126.47,2009,FD2915,Low Sugar,Baking Goods,OUT004,Medium,Tier 2,Supermarket Type2
14.41,0.186,151.56,2009,FD3053,Low Sugar,Fruits and Vegetables,OUT004,Medium,Tier 2,Supermarket Type2
8.26,0.086,131.1,1998,FD7125,reg,Meat,OUT002,Small,Tier 3,Food Mart
15.52,0.086,214.65,1999,DR5460,Regular,Soft Drinks,OUT003,Medium,Tier 1,Departmental Store
13.46,0.162,159.2,2009,DR518,Low Sugar,Soft Drinks,OUT004,Medium,Tier 2,Supermarket Type2
12.6,0.047,130.67,2009,FD8510,Low Sugar,Fruits and Vegetables,OUT004,Medium,Tier 2,Supermarket Type2
11.15,0.079,92.71,1998,DR6014,Low Sugar,Soft Drinks,OUT002,Small,Tier 3,Food Mart
15.8,0.151,154.49,1999,FD7413,Low Sugar,Canned,OUT003,Medium,Tier 1,Departmental Store
15.67,0.076,135.36,2009,FD2701,Regular,Frozen Foods,OUT004,Medium,Tier 2,Supermarket Type2
10.4,0.026,131.82,2009,FD4817,Low Sugar,Frozen Foods,OUT004,Medium,Tier 2,Supermarket Type2
14.04,0.058,120.97,2009,FD5405,Low Sugar,Canned,OUT004,Medium,Tier 2,Supermarket Type2
10.87,0.007,143.98,2009,NC8757,No Sugar,Health and Hygiene,OUT004,Medium,Tier 2,Supermarket Type2
10.71,0.033,116.75,1987,FD6953,Low Sugar,Snack Foods,OUT001,High,Tier 2,Supermarket Type1
10.57,0.104,139.54,2009,FD2637,reg,Meat,OUT004,Medium,Tier 2,Supermarket Type2
13.64,0.021,163.72,1987,FD7134,Low Sugar,Seafood,OUT001,High,Tier 2,Supermarket Type1
12.03,0.031,137.0,2009,FD2579,Low Sugar,Baking Goods,OUT004,Medium,Tier 2,Supermarket Type2
11.15,0.03,180.22,2009,FD3723,Low Sugar,Snack Foods,OUT004,Medium,Tier 2,Supermarket Type2
14.29,0.018,188.64,1987,NC3429,No Sugar,Health and Hygiene,OUT001,High,Tier 2,Supermarket Type1
10.69,0.176,116.37,1987,FD2865,Regular,Canned,OUT001,High,Tier 2,Supermarket Type1
10.46,0.022,139.16,2009,FD4349,Low Sugar,Snack Foods,OUT004,Medium,Tier 2,Supermarket Type2
12.88,0.123,158.39,2009,FD2880,Low Sugar,Starchy Foods,OUT004,Medium,Tier 2,Supermarket Type2
11.85,0.045,147.18,2009,NC2086,No Sugar,Household,OUT004,Medium,Tier 2,Supermarket Type2
12.22,0.05,158.49,2009,FD3299,Regular,Canned,OUT004,Medium,Tier 2,Supermarket Type2
10.39,0.012,101.82,1998,NC4835,No Sugar,Health and Hygiene,OUT002,Small,Tier 3,Food Mart
11.49,0.013,128.44,2009,FD5916,Regular,Baking Goods,OUT004,Medium,Tier 2,Supermarket Type2
12.71,0.085,114.22,2009,FD2875,Low Sugar,Dairy,OUT004,Medium,Tier 2,Supermarket Type2
15.06,0.014,146.66,2009,DR8359,Regular,Soft Drinks,OUT004,Medium,Tier 2,Supermarket Type2
13.65,0.09,184.25,1999,FD7775,Low Sugar,Dairy,OUT003,Medium,Tier 1,Departmental Store
14.81,0.122,197.96,1987,FD6132,Low Sugar,Snack Foods,OUT001,High,Tier 2,Supermarket Type1
11.08,0.073,151.76,2009,FD8600,Low Sugar,Meat,OUT004,Medium,Tier 2,Supermarket Type2
12.22,0.032,137.13,2009,FD4359,Low Sugar,Canned,OUT004,Medium,Tier 2,Supermarket Type2
12.91,0.126,101.91,2009,FD2150,Low Sugar,Baking Goods,OUT004,Medium,Tier 2,Supermarket Type2
12.78,0.07,143.58,2009,FD8456,Low Sugar,Fruits and Vegetables,OUT004,Medium,Tier 2,Supermarket Type2
13.94,0.147,158.27,2009,FD8524,Low Sugar,Canned,OUT004,Medium,Tier 2,Supermarket Type2
14.5,0.06,192.2,1987,FD7635,Regular,Frozen Foods,OUT001,High,Tier 2,Supermarket Type1
8.84,0.017,85.76,1998,FD6620,Low Sugar,Baking Goods,OUT002,Small,Tier 3,Food Mart
11.97,0.034,127.04,2009,FD8242,Regular,Snack Foods,OUT004,Medium,Tier 2,Supermarket Type2
14.43,0.108,159.35,1987,FD5336,Regular,Breakfast,OUT001,High,Tier 2,Supermarket Type1
14.62,0.064,150.23,2009,FD7078,Regular,Canned,OUT004,Medium,Tier 2,Supermarket Type2
15.0,0.083,170.27,1999,FD2109,Low Sugar,Fruits and Vegetables,OUT003,Medium,Tier 1,Departmental Store
14.75,0.042,220.18,1999,FD2727,Low Sugar,Canned,OUT003,Medium,Tier 1,Departmental Store
13.2,0.138,159.85,2009,DR8743,Low Sugar,Soft Drinks,OUT004,Medium,Tier 2,Supermarket Type2
10.01,0.055,125.72,1987,FD5230,Regular,Fruits and Vegetables,OUT001,High,Tier 2,Supermarket Type1
12.18,0.102,111.27,2009,FD8391,Low Sugar,Snack Foods,OUT004,Medium,Tier 2,Supermarket Type2
12.34,0.085,145.17,2009,FD5635,Regular,Fruits and Vegetables,OUT004,Medium,Tier 2,Supermarket Type2
13.52,0.066,167.92,1987,FD1102,Low Sugar,Meat,OUT001,High,Tier 2,Supermarket Type1
9.37,0.031,154.88,2009,FD7476,Regular,Fruits and Vegetables,OUT004,Medium,Tier 2,Supermarket Type2
14.28,0.079,141.66,2009,FD1192,Low Sugar,Fruits and Vegetables,OUT004,Medium,Tier 2,Supermarket Type2
8.57,0.112,111.78,1998,FD3834,Low Sugar,Meat,OUT002,Small,Tier 3,Food Mart
11.96,0.05,147.06,2009,FD3810,Regular,Snack Foods,OUT004,Medium,Tier 2,Supermarket Type2
12.2,0.067,161.51,2009,FD1237,reg,Fruits and Vegetables,OUT004,Medium,Tier 2,Supermarket Type2
12.96,0.064,189.35,1999,FD1837,Low Sugar,Fruits and Vegetables,OUT003,Medium,Tier 1,Departmental Store
13.61,0.024,158.23,2009,FD3072,Low Sugar,Starchy Foods,OUT004,Medium,Tier 2,Supermarket Type2
13.25,0.039,144.34,2009,NC2169,No Sugar,Health and Hygiene,OUT004,Medium,Tier 2,Supermarket Type2
11.16,0.087,178.04,2009,FD7990,reg,Baking Goods,OUT004,Medium,Tier 2,Supermarket Type2
8.94,0.083,82.09,1998,FD4675,Regular,Frozen Foods,OUT002,Small,Tier 3,Food Mart
13.95,0.055,190.17,1987,FD5265,Low Sugar,Canned,OUT001,High,Tier 2,Supermarket Type1
13.16,0.142,142.18,2009,NC4566,No Sugar,Household,OUT004,Medium,Tier 2,Supermarket Type2
11.75,0.043,105.44,1987,FD7903,Regular,Meat,OUT001,High,Tier 2,Supermarket Type1
14.69,0.076,171.16,1999,FD8470,Low Sugar,Dairy,OUT003,Medium,Tier 1,Departmental Store
11.38,0.12,149.29,2009,DR5081,Low Sugar,Soft Drinks,OUT004,Medium,Tier 2,Supermarket Type2
14.59,0.052,154.95,1987,FD6942,Low Sugar,Frozen Foods,OUT001,High,Tier 2,Supermarket Type1
10.08,0.026,98.23,1998,FD8697,Low Sugar,Snack Foods,OUT002,Small,Tier 3,Food Mart
16.05,0.133,170.26,1987,FD6671,Regular,Canned,OUT001,High,Tier 2,Supermarket Type1
13.68,0.024,138.77,2009,FD8482,Low Sugar,Snack Foods,OUT004,Medium,Tier 2,Supermarket Type2
9.96,0.19,109.74,1998,NC3046,No Sugar,Household,OUT002,Small,Tier 3,Food Mart
11.99,0.183,159.66,2009,FD4431,Regular,Frozen Foods,OUT004,Medium,Tier 2,Supermarket Type2
7.27,0.025,129.68,1998,FD4207,Regular,Baking Goods,OUT002,Small,Tier 3,Food Mart
14.26,0.112,147.57,2009,NC5142,No Sugar,Health and Hygiene,OUT004,Medium,Tier 2,Supermarket Type2
18.0,0.095,233.52,1999,FD3076,Regular,Baking Goods,OUT003,Medium,Tier 1,Departmental Store
14.2,0.049,162.54,1987,FD6193,Low Sugar,Frozen Foods,OUT001,High,Tier 2,Supermarket Type1
12.42,0.061,164.19,2009,NC4592,No Sugar,Household,OUT004,Medium,Tier 2,Supermarket Type2
15.05,0.055,149.42,1987,FD6275,Low Sugar,Snack Foods,OUT001,High,Tier 2,Supermarket Type1
14.78,0.119,152.48,1987,FD3187,Low Sugar,Meat,OUT001,High,Tier 2,Supermarket Type1
12.51,0.015,157.5,2009,FD4818,Low Sugar,Fruits and Vegetables,OUT004,Medium,Tier 2,Supermarket Type2
9.54,0.04,106.83,1998,FD2669,Regular,Snack Foods,OUT002,Small,Tier 3,Food Mart
8.16,0.025,104.51,1998,NC3782,No Sugar,Household,OUT002,Small,Tier 3,Food Mart
13.33,0.053,103.88,2009,DR4188,Low Sugar,Hard Drinks,OUT004,Medium,Tier 2,Supermarket Type2
13.33,0.129,144.62,2009,FD1876,Low Sugar,Fruits and Vegetables,OUT004,Medium,Tier 2,Supermarket Type2
9.29,0.05,116.73,1998,FD6727,Low Sugar,Meat,OUT002,Small,Tier 3,Food Mart
10.55,0.072,111.63,1998,NC3615,No Sugar,Health and Hygiene,OUT002,Small,Tier 3,Food Mart
16.34,0.027,179.16,1999,FD1018,Low Sugar,Fruits and Vegetables,OUT003,Medium,Tier 1,Departmental Store
8.04,0.014,145.35,1987,FD3741,Low Sugar,Canned,OUT001,High,Tier 2,Supermarket Type1
13.07,0.088,121.25,2009,FD2833,Low Sugar,Fruits and Vegetables,OUT004,Medium,Tier 2,Supermarket Type2
14.85,0.07,169.28,1999,FD7911,Low Sugar,Frozen Foods,OUT003,Medium,Tier 1,Departmental Store
12.46,0.042,146.24,2009,FD504,Low Sugar,Snack Foods,OUT004,Medium,Tier 2,Supermarket Type2
14.47,0.17,147.45,2009,FD1637,Low Sugar,Fruits and Vegetables,OUT004,Medium,Tier 2,Supermarket Type2
13.51,0.082,142.16,2009,FD1975,Low Sugar,Fruits and Vegetables,OUT004,Medium,Tier 2,Supermarket Type2
9.02,0.032,104.6,1998,FD8579,Regular,Fruits and Vegetables,OUT002,Small,Tier 3,Food Mart
9.57,0.031,122.46,1998,FD28,Regular,Canned,OUT002,Small,Tier 3,Food Mart
13.27,0.069,194.1,1987,FD5014,Regular,Seafood,OUT001,High,Tier 2,Supermarket Type1
11.24,0.067,94.45,1998,FD1994,Low Sugar,Canned,OUT002,Small,Tier 3,Food Mart
15.7,0.015,163.16,1999,FD4276,Low Sugar,Snack Foods,OUT003,Medium,Tier 1,Departmental Store
12.12,0.102,134.17,2009,FD7766,Low Sugar,Breads,OUT004,Medium,Tier 2,Supermarket Type2
14.01,0.184,177.48,1999,FD1675,Regular,Meat,OUT003,Medium,Tier 1,Departmental Store
13.74,0.078,124.69,2009,FD2315,Regular,Frozen Foods,OUT004,Medium,Tier 2,Supermarket Type2
13.07,0.054,171.1,1987,NC619,No Sugar,Health and Hygiene,OUT001,High,Tier 2,Supermarket Type1
13.98,0.027,204.34,1987,FD8306,Low Sugar,Meat,OUT001,High,Tier 2,Supermarket Type1
14.28,0.055,200.43,1987,FD4693,Low Sugar,Dairy,OUT001,High,Tier 2,Supermarket Type1
13.69,0.171,175.92,1999,DR5197,Low Sugar,Soft Drinks,OUT003,Medium,Tier 1,Departmental Store
6.8,0.191,85.64,1998,NC3307,No Sugar,Health and Hygiene,OUT002,Small,Tier 3,Food Mart
12.52,0.011,126.79,2009,FD259,Low Sugar,Dairy,OUT004,Medium,Tier 2,Supermarket Type2
8.03,0.076,77.05,1998,DR4730,Regular,Soft Drinks,OUT002,Small,Tier 3,Food Mart
14.42,0.065,170.37,1999,FD6328,Regular,Snack Foods,OUT003,Medium,Tier 1,Departmental Store
10.45,0.089,89.04,1998,FD263,Low Sugar,Dairy,OUT002,Small,Tier 3,Food Mart
9.47,0.052,137.5,2009,FD8016,Low Sugar,Canned,OUT004,Medium,Tier 2,Supermarket Type2
11.11,0.138,152.91,2009,FD3133,Low Sugar,Baking Goods,OUT004,Medium,Tier 2,Supermarket Type2
16.29,0.098,200.39,1999,FD4458,Low Sugar,Frozen Foods,OUT003,Medium,Tier 1,Departmental Store
13.28,0.055,135.31,2009,NC5981,No Sugar,Household,OUT004,Medium,Tier 2,Supermarket Type2
13.68,0.018,163.02,1987,FD6043,Low Sugar,Baking Goods,OUT001,High,Tier 2,Supermarket Type1
13.28,0.035,188.91,1999,FD3871,Regular,Baking Goods,OUT003,Medium,Tier 1,Departmental Store
11.89,0.156,131.49,2009,NC1148,No Sugar,Household,OUT004,Medium,Tier 2,Supermarket Type2
17.68,0.049,152.4,1999,FD8662,Low Sugar,Baking Goods,OUT003,Medium,Tier 1,Departmental Store
15.56,0.153,171.92,1987,FD5300,Low Sugar,Canned,OUT001,High,Tier 2,Supermarket Type1
12.8,0.022,145.28,2009,FD4828,Regular,Canned,OUT004,Medium,Tier 2,Supermarket Type2
13.92,0.054,181.48,1999,FD8592,Regular,Canned,OUT003,Medium,Tier 1,Departmental Store
12.3,0.008,157.24,2009,FD1760,Low Sugar,Fruits and Vegetables,OUT004,Medium,Tier 2,Supermarket Type2
13.88,0.035,124.77,2009,FD1611,Regular,Fruits and Vegetables,OUT004,Medium,Tier 2,Supermarket Type2
10.11,0.053,88.91,1998,DR5455,Low Sugar,Hard Drinks,OUT002,Small,Tier 3,Food Mart
10.94,0.026,119.27,1987,FD5450,Low Sugar,Frozen Foods,OUT001,High,Tier 2,Supermarket Type1
15.89,0.171,168.67,1987,DR5831,Low Sugar,Soft Drinks,OUT001,High,Tier 2,Supermarket Type1
13.99,0.083,145.92,2009,NC7803,No Sugar,Health and Hygiene,OUT004,Medium,Tier 2,Supermarket Type2
13.51,0.099,157.57,2009,FD6029,Low Sugar,Snack Foods,OUT004,Medium,Tier 2,Supermarket Type2
8.99,0.041,101.94,1998,FD7081,Regular,Starchy Foods,OUT002,Small,Tier 3,Food Mart
10.42,0.039,132.7,2009,FD744,Low Sugar,Fruits and Vegetables,OUT004,Medium,Tier 2,Supermarket Type2
9.45,0.094,162.28,1998,FD289,Low Sugar,Canned,OUT002,Small,Tier 3,Food Mart
11.76,0.068,164.98,2009,DR3676,Low Sugar,Hard Drinks,OUT004,Medium,Tier 2,Supermarket Type2
12.75,0.028,136.17,2009,FD4759,Regular,Meat,OUT004,Medium,Tier 2,Supermarket Type2
14.33,0.097,131.06,2009,FD4644,Low Sugar,Frozen Foods,OUT004,Medium,Tier 2,Supermarket Type2
13.47,0.151,120.15,2009,FD4397,Regular,Dairy,OUT004,Medium,Tier 2,Supermarket Type2
10.32,0.025,122.2,1987,FD2387,Regular,Snack Foods,OUT001,High,Tier 2,Supermarket Type1
9.42,0.074,103.32,1998,FD7894,Regular,Dairy,OUT002,Small,Tier 3,Food Mart
11.83,0.123,130.51,2009,FD154,Regular,Frozen Foods,OUT004,Medium,Tier 2,Supermarket Type2
13.07,0.068,155.38,2009,DR3489,Low Sugar,Soft Drinks,OUT004,Medium,Tier 2,Supermarket Type2
10.63,0.034,194.38,2009,NC3577,No Sugar,Health and Hygiene,OUT004,Medium,Tier 2,Supermarket Type2
10.47,0.16,93.51,1999,DR421,Low Sugar,Soft Drinks,OUT003,Medium,Tier 1,Departmental Store
11.24,0.014,143.02,2009,NC5064,No Sugar,Household,OUT004,Medium,Tier 2,Supermarket Type2
11.78,0.066,144.41,2009,FD6740,Regular,Meat,OUT004,Medium,Tier 2,Supermarket Type2
13.89,0.053,182.66,1999,DR5284,Regular,Hard Drinks,OUT003,Medium,Tier 1,Departmental Store
13.66,0.076,144.64,2009,FD4883,Regular,Snack Foods,OUT004,Medium,Tier 2,Supermarket Type2
13.05,0.017,163.79,2009,FD2876,Low Sugar,Breads,OUT004,Medium,Tier 2,Supermarket Type2
12.67,0.054,158.53,2009,NC5360,No Sugar,Health and Hygiene,OUT004,Medium,Tier 2,Supermarket Type2
13.22,0.108,161.92,2009,FD2059,Low Sugar,Dairy,OUT004,Medium,Tier 2,Supermarket Type2
12.25,0.015,127.43,2009,NC8142,No Sugar,Household,OUT004,Medium,Tier 2,Supermarket Type2
9.26,0.043,102.67,1998,DR2860,Regular,Soft Drinks,OUT002,Small,Tier 3,Food Mart
14.07,0.05,154.0,2009,FD5856,Low Sugar,Meat,OUT004,Medium,Tier 2,Supermarket Type2
14.02,0.128,182.28,1999,DR7473,Low Sugar,Soft Drinks,OUT003,Medium,Tier 1,Departmental Store
11.79,0.009,114.28,2009,FD1223,Low Sugar,Dairy,OUT004,Medium,Tier 2,Supermarket Type2
11.07,0.086,88.12,1998,DR6405,Low Sugar,Soft Drinks,OUT002,Small,Tier 3,Food Mart
8.36,0.042,109.94,1998,FD2912,Regular,Meat,OUT002,Small,Tier 3,Food Mart
15.1,0.142,211.63,1999,NC4471,No Sugar,Household,OUT003,Medium,Tier 1,Departmental Store
14.2,0.128,181.79,1987,FD7817,Regular,Frozen Foods,OUT001,High,Tier 2,Supermarket Type1
13.0,0.047,191.22,1999,DR5343,Low Sugar,Hard Drinks,OUT003,Medium,Tier 1,Departmental Store
7.44,0.076,78.77,1998,FD2058,Low Sugar,Snack Foods,OUT002,Small,Tier 3,Food Mart
13.34,0.03,160.5,2009,FD3749,Regular,Canned,OUT004,Medium,Tier 2,Supermarket Type2
12.89,0.107,153.05,2009,FD7938,Low Sugar,Fruits and Vegetables,OUT004,Medium,Tier 2,Supermarket Type2
12.57,0.152,156.22,2009,FD3094,Low Sugar,Canned,OUT004,Medium,Tier 2,Supermarket Type2
14.62,0.033,147.64,2009,FD1239,Low Sugar,Fruits and Vegetables,OUT004,Medium,Tier 2,Supermarket Type2
10.17,0.005,149.66,2009,FD5356,Low Sugar,Snack Foods,OUT004,Medium,Tier 2,Supermarket Type2
12.69,0.172,135.49,2009,NC6384,No Sugar,Others,OUT004,Medium,Tier 2,Supermarket Type2
10.34,0.142,119.07,1987,FD7399,Low Sugar,Canned,OUT001,High,Tier 2,Supermarket Type1
8.9,0.108,149.8,2009,FD1496,Low Sugar,Snack Foods,OUT004,Medium,Tier 2,Supermarket Type2
16.35,0.08,202.49,1999,FD3734,Low Sugar,Baking Goods,OUT003,Medium,Tier 1,Departmental Store
17.84,0.037,148.23,1987,DR4889,Low Sugar,Soft Drinks,OUT001,High,Tier 2,Supermarket Type1
11.35,0.027,119.64,1998,FD46,Low Sugar,Dairy,OUT002,Small,Tier 3,Food Mart
16.64,0.094,194.6,1999,FD4014,Regular,Canned,OUT003,Medium,Tier 1,Departmental Store
11.47,0.09,157.41,2009,NC5787,No Sugar,Health and Hygiene,OUT004,Medium,Tier 2,Supermarket Type2
13.53,0.048,193.39,1987,FD8357,Regular,Snack Foods,OUT001,High,Tier 2,Supermarket Type1
17.16,0.036,167.49,1999,FD4594,Regular,Canned,OUT003,Medium,Tier 1,Departmental Store
14.76,0.011,167.31,1999,FD1623,Low Sugar,Meat,OUT003,Medium,Tier 1,Departmental Store
14.68,0.063,115.49,2009,FD7198,Low Sugar,Meat,OUT004,Medium,Tier 2,Supermarket Type2
13.91,0.092,175.26,1999,FD1271,Low Sugar,Fruits and Vegetables,OUT003,Medium,Tier 1,Departmental Store
13.28,0.072,208.64,1987,FD5672,Low Sugar,Snack Foods,OUT001,High,Tier 2,Supermarket Type1
10.14,0.01,95.25,1998,FD4588,Low Sugar,Canned,OUT002,Small,Tier 3,Food Mart
11.07,0.067,125.2,2009,FD801,Low Sugar,Dairy,OUT004,Medium,Tier 2,Supermarket Type2
12.64,0.12,103.88,2009,DR7648,Low Sugar,Soft Drinks,OUT004,Medium,Tier 2,Supermarket Type2
9.52,0.022,154.55,2009,FD4876,Low Sugar,Baking Goods,OUT004,Medium,Tier 2,Supermarket Type2
12.76,0.036,136.48,2009,DR4784,Low Sugar,Soft Drinks,OUT004,Medium,Tier 2,Supermarket Type2
11.05,0.081,119.87,2009,FD3768,Low Sugar,Canned,OUT004,Medium,Tier 2,Supermarket Type2
13.88,0.014,215.19,1999,FD4143,Regular,Canned,OUT003,Medium,Tier 1,Departmental Store
12.7,0.038,170.48,2009,FD1767,Low Sugar,Fruits and Vegetables,OUT004,Medium,Tier 2,Supermarket Type2
7.6,0.021,175.03,2009,FD7260,Regular,Frozen Foods,OUT004,Medium,Tier 2,Supermarket Type2
10.77,0.07,107.46,1998,FD7997,Low Sugar,Starchy Foods,OUT002,Small,Tier 3,Food Mart
11.3,0.077,166.76,2009,NC3206,No Sugar,Household,OUT004,Medium,Tier 2,Supermarket Type2
10.94,0.154,87.18,1998,FD3279,Regular,Fruits and Vegetables,OUT002,Small,Tier 3,Food Mart
12.39,0.055,114.62,2009,FD7406,Regular,Canned,OUT004,Medium,Tier 2,Supermarket Type2
16.12,0.097,160.18,1987,FD1451,Low Sugar,Dairy,OUT001,High,Tier 2,Supermarket Type1
13.2,0.129,119.89,2009,FD8696,Low Sugar,Snack Foods,OUT004,Medium,Tier 2,Supermarket Type2
8.52,0.055,135.91,1998,DR5018,Low Sugar,Soft Drinks,OUT002,Small,Tier 3,Food Mart
12.79,0.015,150.11,2009,NC4951,No Sugar,Household,OUT004,Medium,Tier 2,Supermarket Type2
14.34,0.026,162.64,1987,NC1899,No Sugar,Health and Hygiene,OUT001,High,Tier 2,Supermarket Type1
13.66,0.162,168.46,1987,FD2370,Low Sugar,Snack Foods,OUT001,High,Tier 2,Supermarket Type1
12.28,0.171,141.96,2009,FD5004,Regular,Baking Goods,OUT004,Medium,Tier 2,Supermarket Type2
12.49,0.047,124.68,2009,FD8618,Regular,Fruits and Vegetables,OUT004,Medium,Tier 2,Supermarket Type2
11.56,0.188,132.58,2009,FD7061,Low Sugar,Fruits and Vegetables,OUT004,Medium,Tier 2,Supermarket Type2
12.0,0.149,106.22,1987,NC1939,No Sugar,Health and Hygiene,OUT001,High,Tier 2,Supermarket Type1
12.55,0.162,157.6,2009,NC235,No Sugar,Household,OUT004,Medium,Tier 2,Supermarket Type2
13.05,0.055,165.89,2009,FD6295,Regular,Dairy,OUT004,Medium,Tier 2,Supermarket Type2
11.08,0.015,143.99,2009,NC6220,No Sugar,Household,OUT004,Medium,Tier 2,Supermarket Type2
13.56,0.027,151.12,2009,FD2061,Low Sugar,Frozen Foods,OUT004,Medium,Tier 2,Supermarket Type2
14.55,0.049,203.96,1999,FD2454,Regular,Snack Foods,OUT003,Medium,Tier 1,Departmental Store
14.21,0.142,152.13,2009,FD2511,Low Sugar,Fruits and Vegetables,OUT004,Medium,Tier 2,Supermarket Type2
14.9,0.05,199.95,1999,FD8469,Low Sugar,Snack Foods,OUT003,Medium,Tier 1,Departmental Store
9.02,0.108,106.93,1998,FD1332,Low Sugar,Snack Foods,OUT002,Small,Tier 3,Food Mart
12.86,0.062,139.32,2009,FD6107,Low Sugar,Fruits and Vegetables,OUT004,Medium,Tier 2,Supermarket Type2
15.57,0.173,157.75,1999,NC2846,No Sugar,Health and Hygiene,OUT003,Medium,Tier 1,Departmental Store
15.16,0.012,158.13,1999,FD8032,Low Sugar,Canned,OUT003,Medium,Tier 1,Departmental Store
11.22,0.027,144.32,2009,FD1709,Low Sugar,Meat,OUT004,Medium,Tier 2,Supermarket Type2
11.96,0.077,153.4,2009,FD1751,Regular,Breads,OUT004,Medium,Tier 2,Supermarket Type2
16.53,0.042,181.12,1999,FD2898,Low Sugar,Baking Goods,OUT003,Medium,Tier 1,Departmental Store
13.04,0.172,154.12,2009,FD1620,Low Sugar,Breads,OUT004,Medium,Tier 2,Supermarket Type2
14.67,0.072,150.17,2009,FD999,Regular,Canned,OUT004,Medium,Tier 2,Supermarket Type2
13.61,0.036,136.92,2009,FD2422,Low Sugar,Snack Foods,OUT004,Medium,Tier 2,Supermarket Type2
13.62,0.108,179.95,1999,FD5825,Regular,Fruits and Vegetables,OUT003,Medium,Tier 1,Departmental Store
12.04,0.013,101.35,1987,FD6128,Low Sugar,Dairy,OUT001,High,Tier 2,Supermarket Type1
11.69,0.142,115.05,2009,NC2743,No Sugar,Household,OUT004,Medium,Tier 2,Supermarket Type2
9.92,0.031,153.3,2009,FD3776,Low Sugar,Fruits and Vegetables,OUT004,Medium,Tier 2,Supermarket Type2
12.18,0.017,168.17,2009,FD808,Low Sugar,Fruits and Vegetables,OUT004,Medium,Tier 2,Supermarket Type2
10.42,0.091,155.82,2009,NC3583,No Sugar,Health and Hygiene,OUT004,Medium,Tier 2,Supermarket Type2
16.52,0.121,111.49,2009,FD8404,Regular,Snack Foods,OUT004,Medium,Tier 2,Supermarket Type2
14.15,0.014,169.94,1999,FD4454,Low Sugar,Fruits and Vegetables,OUT003,Medium,Tier 1,Departmental Store
12.17,0.022,132.58,2009,FD2763,Low Sugar,Baking Goods,OUT004,Medium,Tier 2,Supermarket Type2
13.23,0.019,175.13,1987,FD8724,Low Sugar,Frozen Foods,OUT001,High,Tier 2,Supermarket Type1
11.55,0.07,137.99,2009,FD4880,Low Sugar,Snack Foods,OUT004,Medium,Tier 2,Supermarket Type2
11.71,0.061,165.52,2009,NC6558,No Sugar,Health and Hygiene,OUT004,Medium,Tier 2,Supermarket Type2
9.11,0.054,123.37,1998,NC8481,No Sugar,Household,OUT002,Small,Tier 3,Food Mart
13.46,0.161,188.36,1999,FD6025,Regular,Snack Foods,OUT003,Medium,Tier 1,Departmental Store
12.52,0.119,105.32,1999,FD152,Regular,Fruits and Vegetables,OUT003,Medium,Tier 1,Departmental Store
16.67,0.033,233.57,1999,FD6994,Regular,Fruits and Vegetables,OUT003,Medium,Tier 1,Departmental Store
14.82,0.072,178.16,1987,FD5063,Low Sugar,Breakfast,OUT001,High,Tier 2,Supermarket Type1
11.09,0.158,153.24,2009,DR2078,Low Sugar,Soft Drinks,OUT004,Medium,Tier 2,Supermarket Type2
11.72,0.057,155.53,2009,FD3624,Low Sugar,Dairy,OUT004,Medium,Tier 2,Supermarket Type2
12.0,0.097,157.77,2009,FD6350,Low Sugar,Snack Foods,OUT004,Medium,Tier 2,Supermarket Type2
14.51,0.09,189.42,1987,FD2752,Regular,Snack Foods,OUT001,High,Tier 2,Supermarket Type1
11.58,0.09,123.81,2009,NC7435,No Sugar,Household,OUT004,Medium,Tier 2,Supermarket Type2
10.91,0.099,109.32,1998,FD2342,Low Sugar,Baking Goods,OUT002,Small,Tier 3,Food Mart
14.88,0.292,186.77,1987,FD2248,Low Sugar,Dairy,OUT001,High,Tier 2,Supermarket Type1
11.07,0.031,136.57,2009,NC3009,No Sugar,Others,OUT004,Medium,Tier 2,Supermarket Type2
10.92,0.087,116.87,1998,NC112,No Sugar,Household,OUT002,Small,Tier 3,Food Mart
14.79,0.144,128.07,2009,NC3035,No Sugar,Health and Hygiene,OUT004,Medium,Tier 2,Supermarket Type2
12.7,0.076,107.86,2009,FD7776,Regular,Meat,OUT004,Medium,Tier 2,Supermarket Type2
12.1,0.057,201.72,1999,NC6266,No Sugar,Others,OUT003,Medium,Tier 1,Departmental Store
12.42,0.119,168.13,2009,DR1593,Low Sugar,Soft Drinks,OUT004,Medium,Tier 2,Supermarket Type2
10.19,0.129,115.6,1998,FD3773,Regular,Dairy,OUT002,Small,Tier 3,Food Mart
11.9,0.067,158.76,2009,FD8273,Low Sugar,Baking Goods,OUT004,Medium,Tier 2,Supermarket Type2
9.46,0.119,73.87,1998,FD7713,Regular,Baking Goods,OUT002,Small,Tier 3,Food Mart
12.52,0.142,158.05,2009,FD6750,Low Sugar,Snack Foods,OUT004,Medium,Tier 2,Supermarket Type2
14.47,0.033,181.67,1987,FD8046,Low Sugar,Fruits and Vegetables,OUT001,High,Tier 2,Supermarket Type1
11.18,0.107,100.57,1998,NC8103,No Sugar,Household,OUT002,Small,Tier 3,Food Mart
11.94,0.138,176.77,2009,NC4287,No Sugar,Household,OUT004,Medium,Tier 2,Supermarket Type2
11.07,0.128,108.41,1987,FD2646,Low Sugar,Meat,OUT001,High,Tier 2,Supermarket Type1
11.16,0.014,162.72,2009,FD5684,Low Sugar,Breads,OUT004,Medium,Tier 2,Supermarket Type2
15.6,0.128,142.9,1987,FD5475,Low Sugar,Meat,OUT001,High,Tier 2,Supermarket Type1
17.44,0.094,181.24,1999,NC5593,No Sugar,Others,OUT003,Medium,Tier 1,Departmental Store
13.64,0.021,135.83,2009,FD8018,Low Sugar,Frozen Foods,OUT004,Medium,Tier 2,Supermarket Type2
12.55,0.102,140.58,2009,NC7455,No Sugar,Household,OUT004,Medium,Tier 2,Supermarket Type2
11.65,0.035,153.25,2009,DR4491,Low Sugar,Soft Drinks,OUT004,Medium,Tier 2,Supermarket Type2
8.19,0.049,137.13,1998,NC3280,No Sugar,Health and Hygiene,OUT002,Small,Tier 3,Food Mart
13.82,0.104,197.84,1987,NC2457,No Sugar,Household,OUT001,High,Tier 2,Supermarket Type1
12.51,0.066,173.85,2009,DR6798,Low Sugar,Soft Drinks,OUT004,Medium,Tier 2,Supermarket Type2
14.08,0.046,147.01,2009,FD6053,Low Sugar,Baking Goods,OUT004,Medium,Tier 2,Supermarket Type2
11.42,0.034,156.9,2009,FD6739,Low Sugar,Meat,OUT004,Medium,Tier 2,Supermarket Type2
12.98,0.123,129.04,2009,NC5307,No Sugar,Health and Hygiene,OUT004,Medium,Tier 2,Supermarket Type2
9.65,0.06,109.18,1998,FD6023,Low Sugar,Dairy,OUT002,Small,Tier 3,Food Mart
12.56,0.092,161.24,2009,FD253,Low Sugar,Snack Foods,OUT004,Medium,Tier 2,Supermarket Type2
11.48,0.025,159.46,2009,FD5371,Regular,Baking Goods,OUT004,Medium,Tier 2,Supermarket Type2
12.05,0.041,143.47,2009,FD4356,Low Sugar,Dairy,OUT004,Medium,Tier 2,Supermarket Type2
11.9,0.151,207.46,1987,NC4016,No Sugar,Others,OUT001,High,Tier 2,Supermarket Type1
14.37,0.154,126.74,2009,FD2668,Low Sugar,Dairy,OUT004,Medium,Tier 2,Supermarket Type2
14.05,0.191,130.02,2009,FD6184,Low Sugar,Snack Foods,OUT004,Medium,Tier 2,Supermarket Type2
10.52,0.079,181.03,2009,FD459,Low Sugar,Canned,OUT004,Medium,Tier 2,Supermarket Type2
9.29,0.034,127.26,1998,NC8663,No Sugar,Household,OUT002,Small,Tier 3,Food Mart
9.11,0.022,97.82,1998,DR8277,Low Sugar,Soft Drinks,OUT002,Small,Tier 3,Food Mart
14.88,0.026,139.44,2009,FD3866,Low Sugar,Canned,OUT004,Medium,Tier 2,Supermarket Type2
15.47,0.159,180.54,1987,FD5023,Low Sugar,Fruits and Vegetables,OUT001,High,Tier 2,Supermarket Type1
10.36,0.021,137.03,2009,FD5035,Regular,Meat,OUT004,Medium,Tier 2,Supermarket Type2
14.83,0.009,161.92,1999,FD5640,Low Sugar,Fruits and Vegetables,OUT003,Medium,Tier 1,Departmental Store
10.77,0.081,139.28,2009,NC1542,No Sugar,Health and Hygiene,OUT004,Medium,Tier 2,Supermarket Type2
12.8,0.085,139.4,2009,FD346,Low Sugar,Breads,OUT004,Medium,Tier 2,Supermarket Type2
9.16,0.016,97.23,1998,DR7956,Low Sugar,Hard Drinks,OUT002,Small,Tier 3,Food Mart
13.43,0.01,134.38,2009,FD3089,Low Sugar,Fruits and Vegetables,OUT004,Medium,Tier 2,Supermarket Type2
13.53,0.136,133.19,2009,FD1347,Regular,Baking Goods,OUT004,Medium,Tier 2,Supermarket Type2
13.74,0.027,142.6,2009,FD2968,Low Sugar,Canned,OUT004,Medium,Tier 2,Supermarket Type2
12.72,0.119,125.06,2009,FD1791,Regular,Canned,OUT004,Medium,Tier 2,Supermarket Type2
11.91,0.127,159.0,2009,DR3220,Low Sugar,Hard Drinks,OUT004,Medium,Tier 2,Supermarket Type2
17.34,0.025,239.31,1999,FD140,Low Sugar,Snack Foods,OUT003,Medium,Tier 1,Departmental Store
11.38,0.013,128.73,2009,FD2389,Low Sugar,Seafood,OUT004,Medium,Tier 2,Supermarket Type2
10.86,0.08,208.49,1998,FD441,Regular,Canned,OUT002,Small,Tier 3,Food Mart
12.89,0.154,120.58,2009,FD2202,Low Sugar,Baking Goods,OUT004,Medium,Tier 2,Supermarket Type2
10.84,0.066,120.6,2009,FD902,Regular,Meat,OUT004,Medium,Tier 2,Supermarket Type2
13.84,0.054,149.18,2009,FD5408,Low Sugar,Baking Goods,OUT004,Medium,Tier 2,Supermarket Type2
15.32,0.033,166.49,1999,FD335,Low Sugar,Fruits and Vegetables,OUT003,Medium,Tier 1,Departmental Store
14.63,0.112,191.61,1987,FD6163,Regular,Fruits and Vegetables,OUT001,High,Tier 2,Supermarket Type1
15.67,0.041,171.66,1987,FD8667,Low Sugar,Canned,OUT001,High,Tier 2,Supermarket Type1
14.5,0.033,177.73,1999,FD3152,Regular,Starchy Foods,OUT003,Medium,Tier 1,Departmental Store
12.66,0.141,146.25,2009,NC2572,No Sugar,Health and Hygiene,OUT004,Medium,Tier 2,Supermarket Type2
13.7,0.03,147.42,2009,FD7964,Regular,Fruits and Vegetables,OUT004,Medium,Tier 2,Supermarket Type2
12.53,0.036,131.28,2009,FD2712,Low Sugar,Meat,OUT004,Medium,Tier 2,Supermarket Type2
11.41,0.099,167.06,2009,FD1689,Regular,Dairy,OUT004,Medium,Tier 2,Supermarket Type2
13.25,0.091,111.71,2009,DR5927,Low Sugar,Soft Drinks,OUT004,Medium,Tier 2,Supermarket Type2
12.25,0.012,188.2,1999,DR6970,Low Sugar,Hard Drinks,OUT003,Medium,Tier 1,Departmental Store
12.65,0.031,143.48,2009,DR7211,Low Sugar,Soft Drinks,OUT004,Medium,Tier 2,Supermarket Type2
17.21,0.033,199.57,1999,FD3149,Low Sugar,Fruits and Vegetables,OUT003,Medium,Tier 1,Departmental Store
9.01,0.099,53.86,1998,FD3055,Regular,Fruits and Vegetables,OUT002,Small,Tier 3,Food Mart
8.81,0.026,89.94,1998,NC7492,No Sugar,Others,OUT002,Small,Tier 3,Food Mart
15.52,0.044,185.24,1987,NC563,No Sugar,Others,OUT001,High,Tier 2,Supermarket Type1
14.91,0.042,172.32,1999,FD2919,Regular,Meat,OUT003,Medium,Tier 1,Departmental Store
11.49,0.064,148.49,2009,FD757,Regular,Canned,OUT004,Medium,Tier 2,Supermarket Type2
14.07,0.1,138.43,2009,FD5123,Low Sugar,Breads,OUT004,Medium,Tier 2,Supermarket Type2
12.54,0.188,113.72,2009,DR4435,Low Sugar,Soft Drinks,OUT004,Medium,Tier 2,Supermarket Type2
18.54,0.057,171.9,1999,FD4011,Low Sugar,Breads,OUT003,Medium,Tier 1,Departmental Store
9.21,0.113,80.14,1998,FD4210,Regular,Dairy,OUT002,Small,Tier 3,Food Mart
15.2,0.077,184.73,1999,FD233,Low Sugar,Frozen Foods,OUT003,Medium,Tier 1,Departmental Store
11.51,0.161,141.2,2009,FD4419,Regular,Canned,OUT004,Medium,Tier 2,Supermarket Type2
12.5,0.071,144.48,2009,FD3659,reg,Canned,OUT004,Medium,Tier 2,Supermarket Type2
9.35,0.049,102.96,1998,FD4882,Low Sugar,Canned,OUT002,Small,Tier 3,Food Mart
15.55,0.081,207.8,1999,FD4785,Regular,Snack Foods,OUT003,Medium,Tier 1,Departmental Store
10.55,0.096,190.65,2009,FD4489,Low Sugar,Snack Foods,OUT004,Medium,Tier 2,Supermarket Type2
11.4,0.174,165.93,2009,DR3787,Low Sugar,Soft Drinks,OUT004,Medium,Tier 2,Supermarket Type2
13.2,0.124,159.31,2009,FD3525,Low Sugar,Fruits and Vegetables,OUT004,Medium,Tier 2,Supermarket Type2
14.35,0.039,179.76,1987,FD7052,Low Sugar,Dairy,OUT001,High,Tier 2,Supermarket Type1
16.13,0.071,205.27,1999,FD5247,Low Sugar,Breads,OUT003,Medium,Tier 1,Departmental Store
15.62,0.052,183.02,1987,FD3492,reg,Frozen Foods,OUT001,High,Tier 2,Supermarket Type1
13.01,0.089,135.16,2009,FD3757,Low Sugar,Meat,OUT004,Medium,Tier 2,Supermarket Type2
15.0,0.064,188.52,1987,NC6090,No Sugar,Household,OUT001,High,Tier 2,Supermarket Type1
15.54,0.025,191.21,1999,NC2835,No Sugar,Health and Hygiene,OUT003,Medium,Tier 1,Departmental Store
11.16,0.096,142.9,2009,FD6337,Low Sugar,Meat,OUT004,Medium,Tier 2,Supermarket Type2
9.24,0.024,119.52,1998,NC338,No Sugar,Household,OUT002,Small,Tier 3,Food Mart
7.99,0.016,135.44,1998,FD7718,Regular,Frozen Foods,OUT002,Small,Tier 3,Food Mart
11.11,0.034,153.58,2009,FD7940,Low Sugar,Snack Foods,OUT004,Medium,Tier 2,Supermarket Type2
15.36,0.01,181.89,1987,FD1039,Low Sugar,Starchy Foods,OUT001,High,Tier 2,Supermarket Type1
14.2,0.007,166.57,1999,FD6891,Regular,Canned,OUT003,Medium,Tier 1,Departmental Store
16.94,0.039,191.11,1999,FD3495,Regular,Canned,OUT003,Medium,Tier 1,Departmental Store
15.9,0.016,182.28,1999,FD6568,Low Sugar,Meat,OUT003,Medium,Tier 1,Departmental Store
15.6,0.079,163.51,1999,NC7893,No Sugar,Health and Hygiene,OUT003,Medium,Tier 1,Departmental Store
15.22,0.011,130.5,2009,FD3852,Low Sugar,Starchy Foods,OUT004,Medium,Tier 2,Supermarket Type2
15.25,0.085,122.62,2009,FD5472,Regular,Canned,OUT004,Medium,Tier 2,Supermarket Type2
13.97,0.142,142.2,2009,DR7053,Low Sugar,Soft Drinks,OUT004,Medium,Tier 2,Supermarket Type2
14.41,0.141,169.16,1999,FD8472,Low Sugar,Snack Foods,OUT003,Medium,Tier 1,Departmental Store
12.85,0.112,154.57,2009,FD6906,Low Sugar,Snack Foods,OUT004,Medium,Tier 2,Supermarket Type2
10.71,0.082,114.58,1987,FD3725,Low Sugar,Fruits and Vegetables,OUT001,High,Tier 2,Supermarket Type1
12.69,0.031,109.59,2009,FD4983,Low Sugar,Breads,OUT004,Medium,Tier 2,Supermarket Type2
10.74,0.015,101.94,1998,NC2512,No Sugar,Health and Hygiene,OUT002,Small,Tier 3,Food Mart
9.85,0.09,128.55,1987,DR1715,Low Sugar,Soft Drinks,OUT001,High,Tier 2,Supermarket Type1
11.93,0.034,198.39,1999,FD7767,Low Sugar,Fruits and Vegetables,OUT003,Medium,Tier 1,Departmental Store
12.98,0.032,140.64,2009,FD5430,Regular,Canned,OUT004,Medium,Tier 2,Supermarket Type2
14.25,0.027,148.87,2009,FD4297,Low Sugar,Fruits and Vegetables,OUT004,Medium,Tier 2,Supermarket Type2
14.66,0.014,168.73,1999,DR2568,Low Sugar,Hard Drinks,OUT003,Medium,Tier 1,Departmental Store
14.86,0.031,190.16,1987,FD5929,Low Sugar,Canned,OUT001,High,Tier 2,Supermarket Type1
13.35,0.076,117.88,2009,FD5660,Low Sugar,Baking Goods,OUT004,Medium,Tier 2,Supermarket Type2
13.5,0.091,182.58,1999,FD906,Low Sugar,Snack Foods,OUT003,Medium,Tier 1,Departmental Store
12.64,0.113,149.42,2009,FD1923,Low Sugar,Frozen Foods,OUT004,Medium,Tier 2,Supermarket Type2
8.06,0.049,129.72,1998,FD6935,Low Sugar,Fruits and Vegetables,OUT002,Small,Tier 3,Food Mart
11.81,0.12,160.44,2009,FD593,Low Sugar,Fruits and Vegetables,OUT004,Medium,Tier 2,Supermarket Type2
13.22,0.164,123.76,2009,FD8304,Low Sugar,Snack Foods,OUT004,Medium,Tier 2,Supermarket Type2
16.13,0.023,189.18,1999,NC4546,No Sugar,Household,OUT003,Medium,Tier 1,Departmental Store
13.12,0.177,206.69,1987,FD3262,Low Sugar,Dairy,OUT001,High,Tier 2,Supermarket Type1
13.29,0.078,154.82,2009,FD1472,Low Sugar,Meat,OUT004,Medium,Tier 2,Supermarket Type2
17.08,0.174,192.86,1999,FD8044,Low Sugar,Frozen Foods,OUT003,Medium,Tier 1,Departmental Store
11.11,0.297,185.72,2009,NC5153,No Sugar,Health and Hygiene,OUT004,Medium,Tier 2,Supermarket Type2
11.79,0.097,156.35,2009,DR5893,Low Sugar,Soft Drinks,OUT004,Medium,Tier 2,Supermarket Type2
12.14,0.154,132.23,2009,FD637,Low Sugar,Baking Goods,OUT004,Medium,Tier 2,Supermarket Type2
10.04,0.168,111.63,1998,FD3916,Low Sugar,Snack Foods,OUT002,Small,Tier 3,Food Mart
11.3,0.059,105.62,1987,NC8196,No Sugar,Household,OUT001,High,Tier 2,Supermarket Type1
11.36,0.061,126.82,2009,FD2619,Regular,Frozen Foods,OUT004,Medium,Tier 2,Supermarket Type2
15.07,0.035,158.7,1999,DR1303,Low Sugar,Soft Drinks,OUT003,Medium,Tier 1,Departmental Store
13.18,0.053,186.55,1999,NC5612,No Sugar,Household,OUT003,Medium,Tier 1,Departmental Store
8.02,0.045,145.98,1987,FD8077,Low Sugar,Meat,OUT001,High,Tier 2,Supermarket Type1
13.59,0.131,223.98,1999,FD2205,Regular,Fruits and Vegetables,OUT003,Medium,Tier 1,Departmental Store
12.02,0.063,120.23,2009,FD5194,Regular,Snack Foods,OUT004,Medium,Tier 2,Supermarket Type2
9.36,0.006,94.31,1998,FD2369,Low Sugar,Snack Foods,OUT002,Small,Tier 3,Food Mart
11.11,0.103,127.5,2009,FD4434,Low Sugar,Dairy,OUT004,Medium,Tier 2,Supermarket Type2
10.59,0.136,173.42,2009,NC7552,No Sugar,Household,OUT004,Medium,Tier 2,Supermarket Type2
15.38,0.05,150.32,1987,FD4428,Regular,Canned,OUT001,High,Tier 2,Supermarket Type1
8.64,0.116,105.07,1998,FD1037,Low Sugar,Fruits and Vegetables,OUT002,Small,Tier 3,Food Mart
10.37,0.061,110.76,1998,FD6779,Low Sugar,Fruits and Vegetables,OUT002,Small,Tier 3,Food Mart
11.26,0.104,133.62,2009,FD5588,Low Sugar,Dairy,OUT004,Medium,Tier 2,Supermarket Type2
12.77,0.027,146.96,2009,FD2558,Low Sugar,Baking Goods,OUT004,Medium,Tier 2,Supermarket Type2
12.15,0.013,141.87,2009,FD8444,Low Sugar,Canned,OUT004,Medium,Tier 2,Supermarket Type2
14.38,0.129,194.04,1987,FD4153,Low Sugar,Baking Goods,OUT001,High,Tier 2,Supermarket Type1
11.82,0.023,140.98,2009,FD6010,Low Sugar,Snack Foods,OUT004,Medium,Tier 2,Supermarket Type2
12.56,0.031,158.58,1999,FD286,Regular,Snack Foods,OUT003,Medium,Tier 1,Departmental Store
12.09,0.129,161.54,2009,DR2421,Low Sugar,Soft Drinks,OUT004,Medium,Tier 2,Supermarket Type2
9.39,0.018,151.86,2009,FD1749,Regular,Fruits and Vegetables,OUT004,Medium,Tier 2,Supermarket Type2
10.6,0.039,110.61,1998,FD6415,Low Sugar,Frozen Foods,OUT002,Small,Tier 3,Food Mart
11.78,0.023,171.33,2009,FD6722,Low Sugar,Canned,OUT004,Medium,Tier 2,Supermarket Type2
18.92,0.152,228.58,1999,NC5255,No Sugar,Others,OUT003,Medium,Tier 1,Departmental Store
12.85,0.13,132.12,2009,FD2108,reg,Fruits and Vegetables,OUT004,Medium,Tier 2,Supermarket Type2
11.15,0.026,124.33,2009,FD3276,Low Sugar,Meat,OUT004,Medium,Tier 2,Supermarket Type2
11.26,0.055,68.44,1998,FD7609,Regular,Fruits and Vegetables,OUT002,Small,Tier 3,Food Mart
10.28,0.01,148.37,2009,NC3315,No Sugar,Others,OUT004,Medium,Tier 2,Supermarket Type2
11.31,0.067,208.21,1999,FD2674,Regular,Meat,OUT003,Medium,Tier 1,Departmental Store
10.5,0.031,99.99,1998,FD3770,Low Sugar,Snack Foods,OUT002,Small,Tier 3,Food Mart
9.23,0.08,176.94,2009,DR5673,Low Sugar,Soft Drinks,OUT004,Medium,Tier 2,Supermarket Type2
14.31,0.109,151.43,2009,FD8089,Low Sugar,Snack Foods,OUT004,Medium,Tier 2,Supermarket Type2
14.75,0.104,148.76,2009,FD3856,Low Sugar,Dairy,OUT004,Medium,Tier 2,Supermarket Type2
15.67,0.077,191.78,1999,FD3903,Low Sugar,Baking Goods,OUT003,Medium,Tier 1,Departmental Store
11.72,0.023,169.4,2009,FD215,Low Sugar,Dairy,OUT004,Medium,Tier 2,Supermarket Type2
12.8,0.075,144.69,2009,FD6004,Regular,Fruits and Vegetables,OUT004,Medium,Tier 2,Supermarket Type2
13.85,0.036,154.78,2009,NC2189,No Sugar,Health and Hygiene,OUT004,Medium,Tier 2,Supermarket Type2
13.66,0.108,81.08,1987,FD6443,Regular,Frozen Foods,OUT001,High,Tier 2,Supermarket Type1
14.07,0.077,197.49,1987,FD1813,Regular,Canned,OUT001,High,Tier 2,Supermarket Type1
13.87,0.099,116.18,2009,FD7301,Low Sugar,Snack Foods,OUT004,Medium,Tier 2,Supermarket Type2
9.29,0.021,67.99,1998,NC7105,No Sugar,Health and Hygiene,OUT002,Small,Tier 3,Food Mart
15.13,0.026,128.72,2009,DR5861,Low Sugar,Soft Drinks,OUT004,Medium,Tier 2,Supermarket Type2
12.91,0.024,162.0,2009,FD1707,Regular,Snack Foods,OUT004,Medium,Tier 2,Supermarket Type2
15.0,0.04,153.86,1987,FD3584,Low Sugar,Dairy,OUT001,High,Tier 2,Supermarket Type1
15.69,0.158,137.22,2009,FD6931,Low Sugar,Fruits and Vegetables,OUT004,Medium,Tier 2,Supermarket Type2
13.99,0.021,139.73,2009,FD686,Regular,Snack Foods,OUT004,Medium,Tier 2,Supermarket Type2
11.12,0.074,129.51,2009,FD6254,Low Sugar,Baking Goods,OUT004,Medium,Tier 2,Supermarket Type2
10.9,0.048,140.8,2009,DR3104,Low Sugar,Soft Drinks,OUT004,Medium,Tier 2,Supermarket Type2
15.17,0.033,200.39,1999,FD1860,Regular,Snack Foods,OUT003,Medium,Tier 1,Departmental Store
8.9,0.074,102.65,1998,FD883,Low Sugar,Baking Goods,OUT002,Small,Tier 3,Food Mart
9.01,0.046,104.24,1999,FD531,Regular,Fruits and Vegetables,OUT003,Medium,Tier 1,Departmental Store
14.12,0.038,144.32,2009,FD452,Low Sugar,Frozen Foods,OUT004,Medium,Tier 2,Supermarket Type2
11.4,0.066,183.68,2009,FD1935,Low Sugar,Fruits and Vegetables,OUT004,Medium,Tier 2,Supermarket Type2
11.01,0.016,136.7,2009,DR840,Regular,Soft Drinks,OUT004,Medium,Tier 2,Supermarket Type2
14.99,0.007,132.97,2009,FD1282,Low Sugar,Fruits and Vegetables,OUT004,Medium,Tier 2,Supermarket Type2
10.59,0.074,122.2,1987,FD1618,Low Sugar,Dairy,OUT001,High,Tier 2,Supermarket Type1
15.04,0.049,196.49,1999,FD8627,Low Sugar,Snack Foods,OUT003,Medium,Tier 1,Departmental Store
14.66,0.036,159.94,1987,FD651,Low Sugar,Meat,OUT001,High,Tier 2,Supermarket Type1
12.13,0.039,107.33,2009,FD1031,Regular,Baking Goods,OUT004,Medium,Tier 2,Supermarket Type2
13.1,0.046,133.97,2009,FD3263,Low Sugar,Breakfast,OUT004,Medium,Tier 2,Supermarket Type2
10.69,0.027,132.3,2009,FD2922,Low Sugar,Baking Goods,OUT004,Medium,Tier 2,Supermarket Type2
10.33,0.061,164.31,2009,FD6596,Low Sugar,Frozen Foods,OUT004,Medium,Tier 2,Supermarket Type2
12.2,0.015,154.52,2009,FD5299,Low Sugar,Fruits and Vegetables,OUT004,Medium,Tier 2,Supermarket Type2
12.5,0.013,166.72,2009,FD3335,Regular,Fruits and Vegetables,OUT004,Medium,Tier 2,Supermarket Type2
13.48,0.066,155.23,2009,FD8496,Low Sugar,Snack Foods,OUT004,Medium,Tier 2,Supermarket Type2
9.03,0.015,146.39,2009,DR3520,Low Sugar,Soft Drinks,OUT004,Medium,Tier 2,Supermarket Type2
9.79,0.062,105.19,1998,FD4211,Low Sugar,Dairy,OUT002,Small,Tier 3,Food Mart
16.72,0.093,221.09,1999,NC1774,No Sugar,Household,OUT003,Medium,Tier 1,Departmental Store
11.09,0.022,130.95,2009,FD4251,Low Sugar,Meat,OUT004,Medium,Tier 2,Supermarket Type2
16.21,0.149,153.28,1999,FD3904,Low Sugar,Dairy,OUT003,Medium,Tier 1,Departmental Store
14.81,0.164,208.64,1999,NC548,No Sugar,Others,OUT003,Medium,Tier 1,Departmental Store
10.63,0.015,130.63,2009,FD6008,Low Sugar,Dairy,OUT004,Medium,Tier 2,Supermarket Type2
14.52,0.044,186.51,1987,FD4788,Regular,Frozen Foods,OUT001,High,Tier 2,Supermarket Type1
9.63,0.121,142.24,2009,NC749,No Sugar,Health and Hygiene,OUT004,Medium,Tier 2,Supermarket Type2
8.18,0.161,154.41,2009,NC6547,No Sugar,Household,OUT004,Medium,Tier 2,Supermarket Type2
14.05,0.04,137.43,2009,NC6420,No Sugar,Health and Hygiene,OUT004,Medium,Tier 2,Supermarket Type2
10.86,0.041,154.43,2009,FD7295,Low Sugar,Meat,OUT004,Medium,Tier 2,Supermarket Type2
11.99,0.184,71.29,1998,FD5008,Low Sugar,Baking Goods,OUT002,Small,Tier 3,Food Mart
13.19,0.064,150.89,2009,FD1106,Regular,Snack Foods,OUT004,Medium,Tier 2,Supermarket Type2
12.21,0.021,107.93,2009,FD5645,Low Sugar,Seafood,OUT004,Medium,Tier 2,Supermarket Type2
15.41,0.133,166.49,1999,FD1081,Low Sugar,Dairy,OUT003,Medium,Tier 1,Departmental Store
11.87,0.058,140.58,2009,FD309,Low Sugar,Frozen Foods,OUT004,Medium,Tier 2,Supermarket Type2
13.54,0.025,149.17,2009,FD80,Regular,Meat,OUT004,Medium,Tier 2,Supermarket Type2
13.93,0.086,186.31,1987,NC4772,No Sugar,Health and Hygiene,OUT001,High,Tier 2,Supermarket Type1
13.7,0.16,184.37,1999,NC2011,No Sugar,Health and Hygiene,OUT003,Medium,Tier 1,Departmental Store
15.05,0.047,121.48,2009,FD7316,Low Sugar,Frozen Foods,OUT004,Medium,Tier 2,Supermarket Type2
13.15,0.143,123.37,2009,FD274,Low Sugar,Breakfast,OUT004,Medium,Tier 2,Supermarket Type2
10.71,0.048,155.95,2009,FD2795,Low Sugar,Baking Goods,OUT004,Medium,Tier 2,Supermarket Type2
10.55,0.077,150.88,2009,FD657,Low Sugar,Snack Foods,OUT004,Medium,Tier 2,Supermarket Type2
11.17,0.076,132.94,2009,FD5432,Low Sugar,Snack Foods,OUT004,Medium,Tier 2,Supermarket Type2
9.85,0.021,171.56,2009,NC3568,No Sugar,Health and Hygiene,OUT004,Medium,Tier 2,Supermarket Type2
11.79,0.11,106.73,1987,NC8736,No Sugar,Others,OUT001,High,Tier 2,Supermarket Type1
12.61,0.042,132.58,2009,FD7686,Regular,Snack Foods,OUT004,Medium,Tier 2,Supermarket Type2
11.61,0.035,123.09,2009,FD6677,Regular,Canned,OUT004,Medium,Tier 2,Supermarket Type2
11.52,0.058,101.99,1998,NC7308,No Sugar,Household,OUT002,Small,Tier 3,Food Mart
16.58,0.052,159.67,1987,FD530,Low Sugar,Frozen Foods,OUT001,High,Tier 2,Supermarket Type1
14.36,0.039,117.03,2009,FD6165,Low Sugar,Canned,OUT004,Medium,Tier 2,Supermarket Type2
14.36,0.107,164.93,1999,FD3244,Low Sugar,Fruits and Vegetables,OUT003,Medium,Tier 1,Departmental Store
12.63,0.039,124.77,2009,FD6135,Low Sugar,Breads,OUT004,Medium,Tier 2,Supermarket Type2
15.42,0.028,181.59,1987,FD4894,Low Sugar,Dairy,OUT001,High,Tier 2,Supermarket Type1
13.68,0.063,114.36,2009,FD6288,Low Sugar,Fruits and Vegetables,OUT004,Medium,Tier 2,Supermarket Type2
9.98,0.024,186.83,2009,NC4998,No Sugar,Household,OUT004,Medium,Tier 2,Supermarket Type2
10.3,0.098,142.54,2009,DR807,Low Sugar,Soft Drinks,OUT004,Medium,Tier 2,Supermarket Type2
12.33,0.044,116.39,2009,FD7955,Regular,Fruits and Vegetables,OUT004,Medium,Tier 2,Supermarket Type2
13.65,0.014,157.15,2009,FD8538,Regular,Fruits and Vegetables,OUT004,Medium,Tier 2,Supermarket Type2
9.67,0.064,133.88,2009,FD6493,Low Sugar,Baking Goods,OUT004,Medium,Tier 2,Supermarket Type2
9.56,0.098,94.4,1998,NC2230,No Sugar,Household,OUT002,Small,Tier 3,Food Mart
11.68,0.04,128.59,2009,FD2583,Regular,Breads,OUT004,Medium,Tier 2,Supermarket Type2
11.31,0.099,152.64,2009,NC1001,No Sugar,Health and Hygiene,OUT004,Medium,Tier 2,Supermarket Type2
13.26,0.024,156.17,2009,FD1387,Low Sugar,Breads,OUT004,Medium,Tier 2,Supermarket Type2
14.08,0.074,127.51,2009,FD8450,reg,Breads,OUT004,Medium,Tier 2,Supermarket Type2
12.89,0.153,170.29,2009,DR5540,Low Sugar,Soft Drinks,OUT004,Medium,Tier 2,Supermarket Type2
13.81,0.034,189.95,1987,FD8346,Low Sugar,Dairy,OUT001,High,Tier 2,Supermarket Type1
13.22,0.022,124.22,2009,NC6141,No Sugar,Household,OUT004,Medium,Tier 2,Supermarket Type2
16.69,0.147,169.3,1999,FD319,Regular,Canned,OUT003,Medium,Tier 1,Departmental Store
11.25,0.021,144.48,2009,NC2174,No Sugar,Household,OUT004,Medium,Tier 2,Supermarket Type2
16.35,0.06,153.6,1999,NC3984,No Sugar,Household,OUT003,Medium,Tier 1,Departmental Store
13.81,0.11,154.16,2009,NC7175,No Sugar,Household,OUT004,Medium,Tier 2,Supermarket Type2
15.52,0.085,191.57,1999,FD3471,Low Sugar,Snack Foods,OUT003,Medium,Tier 1,Departmental Store
10.0,0.023,146.58,2009,FD8061,Low Sugar,Starchy Foods,OUT004,Medium,Tier 2,Supermarket Type2
11.7,0.032,156.24,2009,FD5176,Low Sugar,Canned,OUT004,Medium,Tier 2,Supermarket Type2
11.74,0.09,159.96,2009,NC7624,No Sugar,Household,OUT004,Medium,Tier 2,Supermarket Type2
10.57,0.065,116.43,1987,FD1094,Low Sugar,Frozen Foods,OUT001,High,Tier 2,Supermarket Type1
12.86,0.107,176.41,1987,FD4593,Low Sugar,Snack Foods,OUT001,High,Tier 2,Supermarket Type1
13.9,0.035,118.48,2009,FD6743,Low Sugar,Fruits and Vegetables,OUT004,Medium,Tier 2,Supermarket Type2
10.95,0.061,110.82,1987,DR5537,Low Sugar,Soft Drinks,OUT001,High,Tier 2,Supermarket Type1
9.54,0.046,136.88,2009,FD1425,Regular,Fruits and Vegetables,OUT004,Medium,Tier 2,Supermarket Type2
9.83,0.105,118.26,1998,NC6908,No Sugar,Health and Hygiene,OUT002,Small,Tier 3,Food Mart
11.4,0.048,143.79,2009,FD4597,Low Sugar,Baking Goods,OUT004,Medium,Tier 2,Supermarket Type2
15.38,0.017,185.92,1987,FD895,Regular,Breakfast,OUT001,High,Tier 2,Supermarket Type1
13.35,0.118,120.89,2009,DR2887,Low Sugar,Hard Drinks,OUT004,Medium,Tier 2,Supermarket Type2
11.51,0.089,146.47,2009,FD1586,Low Sugar,Fruits and Vegetables,OUT004,Medium,Tier 2,Supermarket Type2
13.58,0.064,168.84,1987,FD3480,Regular,Baking Goods,OUT001,High,Tier 2,Supermarket Type1
11.82,0.073,118.41,2009,FD4495,Low Sugar,Snack Foods,OUT004,Medium,Tier 2,Supermarket Type2
13.88,0.098,191.35,1987,FD2920,Low Sugar,Fruits and Vegetables,OUT001,High,Tier 2,Supermarket Type1
10.87,0.047,103.68,1998,FD3572,Low Sugar,Fruits and Vegetables,OUT002,Small,Tier 3,Food Mart
15.51,0.118,164.9,1999,NC4565,No Sugar,Household,OUT003,Medium,Tier 1,Departmental Store
7.86,0.036,95.79,1998,NC5741,No Sugar,Health and Hygiene,OUT002,Small,Tier 3,Food Mart
12.43,0.021,152.28,2009,FD2813,Regular,Meat,OUT004,Medium,Tier 2,Supermarket Type2
7.22,0.093,123.14,1998,FD8185,Low Sugar,Fruits and Vegetables,OUT002,Small,Tier 3,Food Mart
12.94,0.028,114.81,2009,FD6467,Regular,Canned,OUT004,Medium,Tier 2,Supermarket Type2
11.91,0.045,129.12,2009,FD6424,Low Sugar,Dairy,OUT004,Medium,Tier 2,Supermarket Type2
9.28,0.145,110.31,1998,NC2837,No Sugar,Household,OUT002,Small,Tier 3,Food Mart
10.92,0.12,149.64,2009,FD2936,Low Sugar,Snack Foods,OUT004,Medium,Tier 2,Supermarket Type2
12.45,0.038,160.71,2009,FD4126,Low Sugar,Snack Foods,OUT004,Medium,Tier 2,Supermarket Type2
12.26,0.057,136.75,2009,FD2385,Low Sugar,Fruits and Vegetables,OUT004,Medium,Tier 2,Supermarket Type2
8.49,0.042,119.53,1998,FD3610,Low Sugar,Fruits and Vegetables,OUT002,Small,Tier 3,Food Mart
13.3,0.071,207.75,1987,NC1985,No Sugar,Household,OUT001,High,Tier 2,Supermarket Type1
14.64,0.052,185.13,1998,FD567,Low Sugar,Fruits and Vegetables,OUT002,Small,Tier 3,Food Mart
10.57,0.09,139.77,2009,FD3378,Low Sugar,Snack Foods,OUT004,Medium,Tier 2,Supermarket Type2
15.37,0.033,134.74,2009,FD1392,Low Sugar,Meat,OUT004,Medium,Tier 2,Supermarket Type2
12.74,0.058,112.05,2009,FD3605,Low Sugar,Starchy Foods,OUT004,Medium,Tier 2,Supermarket Type2
14.09,0.073,159.22,1987,FD3375,Low Sugar,Meat,OUT001,High,Tier 2,Supermarket Type1
14.32,0.185,148.83,2009,NC2952,No Sugar,Household,OUT004,Medium,Tier 2,Supermarket Type2
10.27,0.105,123.79,1998,DR160,Regular,Soft Drinks,OUT002,Small,Tier 3,Food Mart
14.67,0.062,157.49,1987,FD4081,Regular,Baking Goods,OUT001,High,Tier 2,Supermarket Type1
14.55,0.08,186.12,1987,FD2484,Low Sugar,Baking Goods,OUT001,High,Tier 2,Supermarket Type1
10.96,0.056,112.35,1987,FD2672,Low Sugar,Snack Foods,OUT001,High,Tier 2,Supermarket Type1
11.11,0.025,157.92,2009,FD1772,Low Sugar,Snack Foods,OUT004,Medium,Tier 2,Supermarket Type2
12.42,0.044,180.1,1987,NC7828,No Sugar,Health and Hygiene,OUT001,High,Tier 2,Supermarket Type1
16.96,0.173,204.5,1999,FD2961,Regular,Fruits and Vegetables,OUT003,Medium,Tier 1,Departmental Store
9.8,0.142,97.05,1998,FD4989,Low Sugar,Fruits and Vegetables,OUT002,Small,Tier 3,Food Mart
10.48,0.144,80.3,1998,FD7970,Regular,Snack Foods,OUT002,Small,Tier 3,Food Mart
13.99,0.071,166.83,1987,FD2531,Low Sugar,Breads,OUT001,High,Tier 2,Supermarket Type1
14.64,0.071,178.84,1987,FD769,Low Sugar,Frozen Foods,OUT001,High,Tier 2,Supermarket Type1
12.92,0.01,173.23,1987,FD4036,Regular,Baking Goods,OUT001,High,Tier 2,Supermarket Type1
12.61,0.025,152.36,2009,FD4202,Low Sugar,Snack Foods,OUT004,Medium,Tier 2,Supermarket Type2
10.88,0.078,158.85,2009,DR2350,Low Sugar,Soft Drinks,OUT004,Medium,Tier 2,Supermarket Type2
15.73,0.089,173.7,1987,FD6509,Low Sugar,Starchy Foods,OUT001,High,Tier 2,Supermarket Type1
13.94,0.011,171.51,1999,NC1200,No Sugar,Household,OUT003,Medium,Tier 1,Departmental Store
12.28,0.011,127.58,2009,FD5045,Low Sugar,Snack Foods,OUT004,Medium,Tier 2,Supermarket Type2
12.53,0.042,165.88,2009,FD3224,Low Sugar,Dairy,OUT004,Medium,Tier 2,Supermarket Type2
9.12,0.017,153.09,1998,DR592,Low Sugar,Soft Drinks,OUT002,Small,Tier 3,Food Mart
13.31,0.053,168.1,1987,FD1026,Low Sugar,Baking Goods,OUT001,High,Tier 2,Supermarket Type1
14.15,0.126,155.8,2009,NC2734,No Sugar,Health and Hygiene,OUT004,Medium,Tier 2,Supermarket Type2
8.9,0.066,109.33,1987,FD229,Regular,Breads,OUT001,High,Tier 2,Supermarket Type1
8.73,0.083,114.76,1998,NC2926,No Sugar,Health and Hygiene,OUT002,Small,Tier 3,Food Mart
14.68,0.162,115.68,2009,FD8087,Low Sugar,Fruits and Vegetables,OUT004,Medium,Tier 2,Supermarket Type2
11.8,0.112,142.17,2009,FD1394,Regular,Snack Foods,OUT004,Medium,Tier 2,Supermarket Type2
10.24,0.056,114.45,1998,FD1104,Low Sugar,Fruits and Vegetables,OUT002,Small,Tier 3,Food Mart
13.42,0.089,162.27,2009,FD813,Regular,Fruits and Vegetables,OUT004,Medium,Tier 2,Supermarket Type2
13.56,0.017,150.12,2009,FD2774,Regular,Frozen Foods,OUT004,Medium,Tier 2,Supermarket Type2
16.14,0.112,198.44,1999,DR7979,Low Sugar,Soft Drinks,OUT003,Medium,Tier 1,Departmental Store
11.43,0.228,137.91,2009,FD4335,Low Sugar,Fruits and Vegetables,OUT004,Medium,Tier 2,Supermarket Type2
9.22,0.038,143.8,2009,FD3752,Regular,Frozen Foods,OUT004,Medium,Tier 2,Supermarket Type2
15.72,0.074,150.69,1999,FD3499,Regular,Fruits and Vegetables,OUT003,Medium,Tier 1,Departmental Store
11.76,0.093,169.01,1998,FD292,Regular,Canned,OUT002,Small,Tier 3,Food Mart
16.59,0.053,206.71,1999,DR5928,Low Sugar,Soft Drinks,OUT003,Medium,Tier 1,Departmental Store
12.76,0.157,146.07,2009,NC5364,No Sugar,Health and Hygiene,OUT004,Medium,Tier 2,Supermarket Type2
13.38,0.035,135.53,2009,FD8139,Low Sugar,Fruits and Vegetables,OUT004,Medium,Tier 2,Supermarket Type2
12.85,0.086,148.49,2009,FD6572,Low Sugar,Baking Goods,OUT004,Medium,Tier 2,Supermarket Type2
14.45,0.021,196.06,1987,FD5619,Regular,Dairy,OUT001,High,Tier 2,Supermarket Type1
11.29,0.084,96.76,1998,FD2525,Regular,Baking Goods,OUT002,Small,Tier 3,Food Mart
14.14,0.011,159.49,1987,FD7521,Low Sugar,Baking Goods,OUT001,High,Tier 2,Supermarket Type1
13.36,0.015,178.89,1999,NC238,No Sugar,Others,OUT003,Medium,Tier 1,Departmental Store
11.25,0.142,101.79,1998,FD8067,Low Sugar,Baking Goods,OUT002,Small,Tier 3,Food Mart
12.79,0.076,136.98,2009,NC4620,No Sugar,Household,OUT004,Medium,Tier 2,Supermarket Type2
12.68,0.137,187.68,1999,FD7307,Regular,Canned,OUT003,Medium,Tier 1,Departmental Store
9.64,0.094,160.96,2009,FD6084,Low Sugar,Baking Goods,OUT004,Medium,Tier 2,Supermarket Type2
10.56,0.009,106.88,1998,FD5658,Regular,Dairy,OUT002,Small,Tier 3,Food Mart
12.12,0.099,152.1,2009,FD3391,Low Sugar,Fruits and Vegetables,OUT004,Medium,Tier 2,Supermarket Type2
10.9,0.066,155.17,2009,FD1892,reg,Snack Foods,OUT004,Medium,Tier 2,Supermarket Type2
12.92,0.017,133.41,2009,FD2764,Low Sugar,Baking Goods,OUT004,Medium,Tier 2,Supermarket Type2
12.45,0.057,114.21,2009,FD5249,Low Sugar,Meat,OUT004,Medium,Tier 2,Supermarket Type2
13.64,0.044,174.57,1999,DR7385,Low Sugar,Soft Drinks,OUT003,Medium,Tier 1,Departmental Store
10.69,0.033,152.95,2009,FD2164,Low Sugar,Dairy,OUT004,Medium,Tier 2,Supermarket Type2
8.49,0.052,108.7,1998,FD3061,Regular,Baking Goods,OUT002,Small,Tier 3,Food Mart
14.32,0.075,154.88,2009,FD3331,Regular,Baking Goods,OUT004,Medium,Tier 2,Supermarket Type2
14.25,0.012,152.66,2009,FD6880,Regular,Meat,OUT004,Medium,Tier 2,Supermarket Type2
13.4,0.112,138.94,2009,FD2760,Low Sugar,Fruits and Vegetables,OUT004,Medium,Tier 2,Supermarket Type2
12.89,0.072,120.8,2009,FD3372,Regular,Breakfast,OUT004,Medium,Tier 2,Supermarket Type2
14.97,0.118,166.95,1999,NC7594,No Sugar,Health and Hygiene,OUT003,Medium,Tier 1,Departmental Store
13.83,0.052,122.34,2009,FD1453,Low Sugar,Canned,OUT004,Medium,Tier 2,Supermarket Type2
12.68,0.094,142.13,2009,FD6890,Low Sugar,Frozen Foods,OUT004,Medium,Tier 2,Supermarket Type2
13.8,0.173,159.88,2009,FD6340,Low Sugar,Dairy,OUT004,Medium,Tier 2,Supermarket Type2
13.8,0.015,163.96,1987,FD1036,Low Sugar,Fruits and Vegetables,OUT001,High,Tier 2,Supermarket Type1
14.64,0.033,205.15,1999,FD1164,Regular,Fruits and Vegetables,OUT003,Medium,Tier 1,Departmental Store
10.4,0.07,161.33,2009,FD7709,Low Sugar,Snack Foods,OUT004,Medium,Tier 2,Supermarket Type2
17.48,0.041,223.98,1999,FD7585,Low Sugar,Breads,OUT003,Medium,Tier 1,Departmental Store
9.16,0.064,155.97,2009,FD8130,Regular,Snack Foods,OUT004,Medium,Tier 2,Supermarket Type2
12.25,0.061,164.38,2009,FD8365,Low Sugar,Baking Goods,OUT004,Medium,Tier 2,Supermarket Type2
9.36,0.026,149.56,2009,NC8703,No Sugar,Household,OUT004,Medium,Tier 2,Supermarket Type2
9.03,0.021,119.89,1998,FD8639,Low Sugar,Frozen Foods,OUT002,Small,Tier 3,Food Mart
11.43,0.028,174.7,2009,DR371,Low Sugar,Soft Drinks,OUT004,Medium,Tier 2,Supermarket Type2
11.92,0.053,138.27,2009,FD7641,Low Sugar,Fruits and Vegetables,OUT004,Medium,Tier 2,Supermarket Type2
11.41,0.031,112.43,1987,FD6936,Low Sugar,Frozen Foods,OUT001,High,Tier 2,Supermarket Type1
13.1,0.039,123.62,2009,FD7967,Low Sugar,Canned,OUT004,Medium,Tier 2,Supermarket Type2
11.73,0.066,137.3,2009,NC4781,No Sugar,Household,OUT004,Medium,Tier 2,Supermarket Type2
12.53,0.123,141.93,2009,NC2673,No Sugar,Household,OUT004,Medium,Tier 2,Supermarket Type2
14.17,0.045,180.95,1999,NC3369,No Sugar,Health and Hygiene,OUT003,Medium,Tier 1,Departmental Store
13.9,0.042,143.41,2009,FD8073,Low Sugar,Frozen Foods,OUT004,Medium,Tier 2,Supermarket Type2
12.71,0.093,147.6,2009,FD4941,Low Sugar,Fruits and Vegetables,OUT004,Medium,Tier 2,Supermarket Type2
15.27,0.066,142.28,2009,FD8614,Low Sugar,Fruits and Vegetables,OUT004,Medium,Tier 2,Supermarket Type2
13.24,0.128,136.87,2009,NC5437,No Sugar,Health and Hygiene,OUT004,Medium,Tier 2,Supermarket Type2
13.56,0.033,105.73,2009,FD8256,Low Sugar,Baking Goods,OUT004,Medium,Tier 2,Supermarket Type2
14.45,0.024,86.51,2009,FD3936,Regular,Snack Foods,OUT004,Medium,Tier 2,Supermarket Type2
12.29,0.1,101.8,1987,FD6375,Low Sugar,Snack Foods,OUT001,High,Tier 2,Supermarket Type1
12.36,0.106,106.18,2009,NC6365,No Sugar,Others,OUT004,Medium,Tier 2,Supermarket Type2
15.94,0.067,176.93,1987,NC430,No Sugar,Household,OUT001,High,Tier 2,Supermarket Type1
13.2,0.033,160.93,2009,NC3044,No Sugar,Household,OUT004,Medium,Tier 2,Supermarket Type2
11.95,0.062,168.29,2009,NC4622,No Sugar,Household,OUT004,Medium,Tier 2,Supermarket Type2
11.74,0.057,169.77,2009,FD5213,Low Sugar,Dairy,OUT004,Medium,Tier 2,Supermarket Type2
12.7,0.131,201.4,1987,FD1650,Regular,Fruits and Vegetables,OUT001,High,Tier 2,Supermarket Type1
9.37,0.019,108.18,1998,FD3613,Low Sugar,Meat,OUT002,Small,Tier 3,Food Mart
13.25,0.115,142.45,2009,FD1278,Low Sugar,Breakfast,OUT004,Medium,Tier 2,Supermarket Type2
10.92,0.156,80.69,1998,NC1852,No Sugar,Household,OUT002,Small,Tier 3,Food Mart
10.94,0.113,106.85,1998,FD660,Low Sugar,Dairy,OUT002,Small,Tier 3,Food Mart
7.94,0.014,101.99,1998,FD187,Low Sugar,Dairy,OUT002,Small,Tier 3,Food Mart
15.18,0.051,182.44,1987,DR828,Regular,Soft Drinks,OUT001,High,Tier 2,Supermarket Type1
13.57,0.171,149.05,2009,FD6120,Regular,Canned,OUT004,Medium,Tier 2,Supermarket Type2
9.83,0.184,141.63,2009,FD1172,Low Sugar,Fruits and Vegetables,OUT004,Medium,Tier 2,Supermarket Type2
9.72,0.054,129.03,1987,FD6276,Regular,Baking Goods,OUT001,High,Tier 2,Supermarket Type1
16.38,0.044,206.95,1999,FD3156,Low Sugar,Snack Foods,OUT003,Medium,Tier 1,Departmental Store
12.3,0.185,153.99,2009,FD6488,Low Sugar,Dairy,OUT004,Medium,Tier 2,Supermarket Type2
12.22,0.029,165.36,2009,FD4474,Low Sugar,Fruits and Vegetables,OUT004,Medium,Tier 2,Supermarket Type2
14.46,0.114,129.24,2009,FD2991,Low Sugar,Canned,OUT004,Medium,Tier 2,Supermarket Type2
11.67,0.094,160.0,2009,NC1400,No Sugar,Others,OUT004,Medium,Tier 2,Supermarket Type2
10.79,0.022,134.34,2009,FD5049,Low Sugar,Snack Foods,OUT004,Medium,Tier 2,Supermarket Type2
14.59,0.02,149.52,2009,FD5036,Low Sugar,Dairy,OUT004,Medium,Tier 2,Supermarket Type2
11.36,0.12,108.46,1987,NC6411,No Sugar,Health and Hygiene,OUT001,High,Tier 2,Supermarket Type1
11.81,0.082,104.35,1987,FD1663,Low Sugar,Dairy,OUT001,High,Tier 2,Supermarket Type1
9.77,0.125,133.15,2009,FD3034,Low Sugar,Canned,OUT004,Medium,Tier 2,Supermarket Type2
12.61,0.048,214.03,1987,FD8284,Low Sugar,Fruits and Vegetables,OUT001,High,Tier 2,Supermarket Type1
12.08,0.056,173.49,2009,NC6048,No Sugar,Others,OUT004,Medium,Tier 2,Supermarket Type2
13.7,0.037,120.04,2009,FD3603,Regular,Snack Foods,OUT004,Medium,Tier 2,Supermarket Type2
10.19,0.113,171.99,2009,FD4169,Regular,Baking Goods,OUT004,Medium,Tier 2,Supermarket Type2
12.22,0.073,125.07,2009,NC4396,No Sugar,Household,OUT004,Medium,Tier 2,Supermarket Type2
13.26,0.054,103.43,2009,FD1540,Low Sugar,Meat,OUT004,Medium,Tier 2,Supermarket Type2
12.84,0.035,136.82,2009,FD4968,Regular,Canned,OUT004,Medium,Tier 2,Supermarket Type2
12.99,0.121,210.15,1987,FD5623,Low Sugar,Fruits and Vegetables,OUT001,High,Tier 2,Supermarket Type1
17.02,0.027,124.67,2009,NC2358,No Sugar,Household,OUT004,Medium,Tier 2,Supermarket Type2
14.46,0.061,188.66,1987,FD4488,Low Sugar,Snack Foods,OUT001,High,Tier 2,Supermarket Type1
16.7,0.027,195.8,1999,FD2600,Low Sugar,Baking Goods,OUT003,Medium,Tier 1,Departmental Store
10.99,0.082,98.81,1998,FD1861,Low Sugar,Snack Foods,OUT002,Small,Tier 3,Food Mart
13.73,0.057,165.03,1987,FD4713,Regular,Seafood,OUT001,High,Tier 2,Supermarket Type1
13.96,0.01,166.25,1987,FD4664,Low Sugar,Snack Foods,OUT001,High,Tier 2,Supermarket Type1
12.02,0.117,150.87,2009,FD6981,Low Sugar,Frozen Foods,OUT004,Medium,Tier 2,Supermarket Type2
14.07,0.042,184.24,1987,FD534,Low Sugar,Baking Goods,OUT001,High,Tier 2,Supermarket Type1
15.66,0.075,175.18,1987,FD2731,Low Sugar,Fruits and Vegetables,OUT001,High,Tier 2,Supermarket Type1
8.2,0.078,126.68,1998,FD2130,Regular,Snack Foods,OUT002,Small,Tier 3,Food Mart
10.77,0.061,155.17,2009,FD204,Low Sugar,Snack Foods,OUT004,Medium,Tier 2,Supermarket Type2
11.44,0.027,144.18,2009,FD636,Regular,Baking Goods,OUT004,Medium,Tier 2,Supermarket Type2
10.56,0.151,119.23,1987,FD2238,Regular,Snack Foods,OUT001,High,Tier 2,Supermarket Type1
15.17,0.01,167.63,1999,NC713,No Sugar,Household,OUT003,Medium,Tier 1,Departmental Store
10.79,0.015,106.14,1998,FD1929,Low Sugar,Fruits and Vegetables,OUT002,Small,Tier 3,Food Mart
12.24,0.072,157.59,2009,FD4035,Low Sugar,Frozen Foods,OUT004,Medium,Tier 2,Supermarket Type2
11.96,0.21,189.37,1987,FD2142,Regular,Snack Foods,OUT001,High,Tier 2,Supermarket Type1
12.74,0.064,182.38,1987,FD811,Low Sugar,Frozen Foods,OUT001,High,Tier 2,Supermarket Type1
14.63,0.044,110.11,2009,FD6571,Low Sugar,Dairy,OUT004,Medium,Tier 2,Supermarket Type2
15.45,0.058,115.99,2009,NC145,No Sugar,Health and Hygiene,OUT004,Medium,Tier 2,Supermarket Type2
10.08,0.206,165.9,2009,FD5386,Low Sugar,Frozen Foods,OUT004,Medium,Tier 2,Supermarket Type2
14.2,0.035,170.12,1999,FD6866,Low Sugar,Fruits and Vegetables,OUT003,Medium,Tier 1,Departmental Store
12.05,0.09,152.19,2009,FD959,Low Sugar,Snack Foods,OUT004,Medium,Tier 2,Supermarket Type2
10.76,0.038,79.01,1998,FD2353,Regular,Snack Foods,OUT002,Small,Tier 3,Food Mart
10.5,0.041,95.15,1998,FD2722,Low Sugar,Meat,OUT002,Small,Tier 3,Food Mart
13.78,0.022,175.16,1999,NC469,No Sugar,Household,OUT003,Medium,Tier 1,Departmental Store
12.75,0.091,145.24,2009,FD8041,Low Sugar,Snack Foods,OUT004,Medium,Tier 2,Supermarket Type2
13.97,0.121,170.29,1999,FD6968,Low Sugar,Baking Goods,OUT003,Medium,Tier 1,Departmental Store
9.13,0.027,121.09,1998,FD3765,Low Sugar,Fruits and Vegetables,OUT002,Small,Tier 3,Food Mart
14.67,0.02,143.9,2009,FD7138,Low Sugar,Dairy,OUT004,Medium,Tier 2,Supermarket Type2
14.48,0.137,207.57,1999,FD8733,Low Sugar,Canned,OUT003,Medium,Tier 1,Departmental Store
12.62,0.049,119.51,2009,FD6836,Low Sugar,Frozen Foods,OUT004,Medium,Tier 2,Supermarket Type2
11.43,0.079,156.09,2009,FD2636,Regular,Snack Foods,OUT004,Medium,Tier 2,Supermarket Type2
13.5,0.044,186.3,1999,FD3614,Low Sugar,Fruits and Vegetables,OUT003,Medium,Tier 1,Departmental Store
14.86,0.027,146.48,2009,FD3550,Regular,Meat,OUT004,Medium,Tier 2,Supermarket Type2
15.38,0.031,161.11,1999,NC2503,No Sugar,Household,OUT003,Medium,Tier 1,Departmental Store
8.7,0.028,111.26,1998,FD3432,Regular,Fruits and Vegetables,OUT002,Small,Tier 3,Food Mart
14.94,0.067,181.94,1987,FD1750,Low Sugar,Snack Foods,OUT001,High,Tier 2,Supermarket Type1
10.12,0.175,120.08,1987,FD2110,Regular,Canned,OUT001,High,Tier 2,Supermarket Type1
12.24,0.023,107.71,2009,FD1462,Regular,Starchy Foods,OUT004,Medium,Tier 2,Supermarket Type2
14.3,0.14,199.39,1987,FD2212,Low Sugar,Dairy,OUT001,High,Tier 2,Supermarket Type1
12.84,0.024,201.1,1987,FD5738,Low Sugar,Frozen Foods,OUT001,High,Tier 2,Supermarket Type1
12.64,0.031,162.45,2009,FD4178,Regular,Dairy,OUT004,Medium,Tier 2,Supermarket Type2
9.87,0.033,123.13,1987,FD2718,Low Sugar,Fruits and Vegetables,OUT001,High,Tier 2,Supermarket Type1
14.38,0.009,114.96,2009,FD6515,Low Sugar,Fruits and Vegetables,OUT004,Medium,Tier 2,Supermarket Type2
13.97,0.047,119.68,2009,NC7600,No Sugar,Others,OUT004,Medium,Tier 2,Supermarket Type2
11.67,0.035,183.87,1999,FD130,Low Sugar,Snack Foods,OUT003,Medium,Tier 1,Departmental Store
16.0,0.053,229.49,1999,FD8374,Low Sugar,Seafood,OUT003,Medium,Tier 1,Departmental Store
13.52,0.036,77.36,1998,FD7973,Low Sugar,Fruits and Vegetables,OUT002,Small,Tier 3,Food Mart
15.34,0.092,139.39,2009,FD2823,Regular,Snack Foods,OUT004,Medium,Tier 2,Supermarket Type2
19.14,0.103,216.81,1999,DR4382,Low Sugar,Hard Drinks,OUT003,Medium,Tier 1,Departmental Store
13.67,0.151,168.3,1987,FD2730,Regular,Snack Foods,OUT001,High,Tier 2,Supermarket Type1
13.0,0.12,171.38,1987,FD6265,Low Sugar,Dairy,OUT001,High,Tier 2,Supermarket Type1
13.02,0.061,151.74,2009,FD3815,Regular,Fruits and Vegetables,OUT004,Medium,Tier 2,Supermarket Type2
10.72,0.075,178.03,2009,FD6371,Low Sugar,Meat,OUT004,Medium,Tier 2,Supermarket Type2
12.38,0.039,145.95,2009,FD3766,Low Sugar,Meat,OUT004,Medium,Tier 2,Supermarket Type2
14.93,0.064,148.93,1987,NC5039,No Sugar,Household,OUT001,High,Tier 2,Supermarket Type1
13.66,0.028,197.68,1987,FD5146,Low Sugar,Starchy Foods,OUT001,High,Tier 2,Supermarket Type1
12.45,0.054,126.01,2009,DR5716,Regular,Hard Drinks,OUT004,Medium,Tier 2,Supermarket Type2
11.55,0.024,139.84,2009,NC4863,No Sugar,Household,OUT004,Medium,Tier 2,Supermarket Type2
12.59,0.023,141.77,2009,FD6939,Low Sugar,Meat,OUT004,Medium,Tier 2,Supermarket Type2
11.85,0.016,200.43,1987,FD285,Low Sugar,Meat,OUT001,High,Tier 2,Supermarket Type1
7.16,0.021,103.64,1998,FD6026,Low Sugar,Frozen Foods,OUT002,Small,Tier 3,Food Mart
10.25,0.117,186.3,2009,FD5728,Low Sugar,Snack Foods,OUT004,Medium,Tier 2,Supermarket Type2
12.24,0.123,130.53,2009,FD1704,Low Sugar,Dairy,OUT004,Medium,Tier 2,Supermarket Type2
13.23,0.191,129.25,2009,FD6062,Low Sugar,Snack Foods,OUT004,Medium,Tier 2,Supermarket Type2
14.9,0.018,145.98,2009,NC5661,No Sugar,Household,OUT004,Medium,Tier 2,Supermarket Type2
13.36,0.04,113.38,2009,FD1396,Regular,Fruits and Vegetables,OUT004,Medium,Tier 2,Supermarket Type2
13.35,0.044,203.4,1987,FD8633,Low Sugar,Fruits and Vegetables,OUT001,High,Tier 2,Supermarket Type1
10.78,0.178,86.3,1998,FD764,Low Sugar,Frozen Foods,OUT002,Small,Tier 3,Food Mart
13.4,0.079,211.17,1987,DR5257,Regular,Soft Drinks,OUT001,High,Tier 2,Supermarket Type1
12.64,0.061,160.89,2009,NC6850,No Sugar,Health and Hygiene,OUT004,Medium,Tier 2,Supermarket Type2
14.72,0.168,142.38,2009,DR1185,Low Sugar,Soft Drinks,OUT004,Medium,Tier 2,Supermarket Type2
14.07,0.014,190.42,1987,DR7908,Low Sugar,Hard Drinks,OUT001,High,Tier 2,Supermarket Type1
13.31,0.011,171.77,1987,DR3912,Regular,Soft Drinks,OUT001,High,Tier 2,Supermarket Type1
14.11,0.208,155.56,2009,DR2135,Low Sugar,Soft Drinks,OUT004,Medium,Tier 2,Supermarket Type2
11.27,0.047,136.46,2009,FD3690,Regular,Meat,OUT004,Medium,Tier 2,Supermarket Type2
10.66,0.049,129.8,2009,FD2399,Low Sugar,Fruits and Vegetables,OUT004,Medium,Tier 2,Supermarket Type2
10.73,0.044,109.2,1998,FD4686,Low Sugar,Frozen Foods,OUT002,Small,Tier 3,Food Mart
12.63,0.045,156.96,2009,NC8110,No Sugar,Health and Hygiene,OUT004,Medium,Tier 2,Supermarket Type2
12.63,0.009,142.0,2009,FD8353,Regular,Canned,OUT004,Medium,Tier 2,Supermarket Type2
11.52,0.023,177.78,2009,FD4205,Regular,Frozen Foods,OUT004,Medium,Tier 2,Supermarket Type2
8.65,0.119,140.56,1987,NC254,No Sugar,Household,OUT001,High,Tier 2,Supermarket Type1
12.2,0.045,134.63,2009,FD3836,Regular,Snack Foods,OUT004,Medium,Tier 2,Supermarket Type2
8.53,0.066,85.88,1999,FD560,Regular,Fruits and Vegetables,OUT003,Medium,Tier 1,Departmental Store
11.69,0.035,183.71,2009,NC6251,No Sugar,Others,OUT004,Medium,Tier 2,Supermarket Type2
17.14,0.127,225.33,1999,FD6255,Regular,Starchy Foods,OUT003,Medium,Tier 1,Departmental Store
10.63,0.129,105.06,1987,NC568,No Sugar,Household,OUT001,High,Tier 2,Supermarket Type1
13.37,0.067,135.98,2009,FD5499,Low Sugar,Fruits and Vegetables,OUT004,Medium,Tier 2,Supermarket Type2
12.17,0.173,79.19,1998,FD8323,Low Sugar,Snack Foods,OUT002,Small,Tier 3,Food Mart
13.35,0.067,139.96,2009,FD1049,Regular,Dairy,OUT004,Medium,Tier 2,Supermarket Type2
8.55,0.123,90.0,1998,FD2499,Regular,Snack Foods,OUT002,Small,Tier 3,Food Mart
15.27,0.108,159.79,1999,FD678,Low Sugar,Frozen Foods,OUT003,Medium,Tier 1,Departmental Store
10.7,0.041,86.35,1998,FD7218,Low Sugar,Seafood,OUT002,Small,Tier 3,Food Mart
13.39,0.019,176.72,1999,NC7083,No Sugar,Others,OUT003,Medium,Tier 1,Departmental Store
14.52,0.061,130.67,2009,FD784,Low Sugar,Fruits and Vegetables,OUT004,Medium,Tier 2,Supermarket Type2
13.45,0.032,148.69,2009,FD4596,Regular,Canned,OUT004,Medium,Tier 2,Supermarket Type2
9.69,0.02,71.35,1987,NC386,No Sugar,Health and Hygiene,OUT001,High,Tier 2,Supermarket Type1
14.81,0.021,108.1,2009,FD6126,Regular,Baking Goods,OUT004,Medium,Tier 2,Supermarket Type2
12.95,0.02,144.45,2009,DR8030,Low Sugar,Soft Drinks,OUT004,Medium,Tier 2,Supermarket Type2
10.96,0.011,102.94,1998,FD8649,Low Sugar,Baking Goods,OUT002,Small,Tier 3,Food Mart
13.88,0.036,142.94,2009,FD7071,Low Sugar,Dairy,OUT004,Medium,Tier 2,Supermarket Type2
8.94,0.039,92.18,1998,NC4386,No Sugar,Health and Hygiene,OUT002,Small,Tier 3,Food Mart
16.65,0.033,162.26,1987,FD108,Low Sugar,Snack Foods,OUT001,High,Tier 2,Supermarket Type1
13.17,0.034,164.63,1998,FD94,Regular,Fruits and Vegetables,OUT002,Small,Tier 3,Food Mart
17.35,0.191,188.77,1999,FD4209,Low Sugar,Breakfast,OUT003,Medium,Tier 1,Departmental Store
9.99,0.118,148.3,2009,FD7006,Regular,Snack Foods,OUT004,Medium,Tier 2,Supermarket Type2
13.14,0.042,132.78,2009,FD7922,Low Sugar,Dairy,OUT004,Medium,Tier 2,Supermarket Type2
13.98,0.27,121.45,2009,FD2757,Regular,Dairy,OUT004,Medium,Tier 2,Supermarket Type2
13.67,0.026,169.48,1987,FD4627,Regular,Snack Foods,OUT001,High,Tier 2,Supermarket Type1
13.25,0.05,102.22,2009,FD5340,Regular,Meat,OUT004,Medium,Tier 2,Supermarket Type2
13.82,0.022,164.8,1987,FD6736,Regular,Dairy,OUT001,High,Tier 2,Supermarket Type1
11.46,0.03,154.19,2009,FD4912,Low Sugar,Fruits and Vegetables,OUT004,Medium,Tier 2,Supermarket Type2
16.64,0.074,177.15,1999,FD414,Low Sugar,Frozen Foods,OUT003,Medium,Tier 1,Departmental Store
11.86,0.042,138.15,2009,NC7687,No Sugar,Household,OUT004,Medium,Tier 2,Supermarket Type2
8.38,0.038,117.28,1998,FD5998,Low Sugar,Fruits and Vegetables,OUT002,Small,Tier 3,Food Mart
14.29,0.041,184.99,1987,FD3586,Regular,Snack Foods,OUT001,High,Tier 2,Supermarket Type1
14.03,0.105,150.21,2009,FD768,Low Sugar,Meat,OUT004,Medium,Tier 2,Supermarket Type2
14.99,0.089,144.06,2009,FD8759,Low Sugar,Snack Foods,OUT004,Medium,Tier 2,Supermarket Type2
12.44,0.068,143.3,2009,NC4791,No Sugar,Household,OUT004,Medium,Tier 2,Supermarket Type2
10.37,0.069,122.83,1987,FD6879,Regular,Meat,OUT001,High,Tier 2,Supermarket Type1
12.23,0.052,160.56,2009,FD4078,Low Sugar,Snack Foods,OUT004,Medium,Tier 2,Supermarket Type2
13.34,0.048,154.53,1999,FD565,Low Sugar,Frozen Foods,OUT003,Medium,Tier 1,Departmental Store
14.89,0.131,171.17,1999,FD3450,Regular,Canned,OUT003,Medium,Tier 1,Departmental Store
8.56,0.035,76.33,1998,FD5334,Low Sugar,Fruits and Vegetables,OUT002,Small,Tier 3,Food Mart
9.38,0.009,96.4,1998,NC8375,No Sugar,Household,OUT002,Small,Tier 3,Food Mart
13.64,0.015,173.34,1999,FD3704,Low Sugar,Snack Foods,OUT003,Medium,Tier 1,Departmental Store
13.66,0.034,113.31,2009,FD6628,Low Sugar,Dairy,OUT004,Medium,Tier 2,Supermarket Type2
13.44,0.063,150.64,2009,FD5862,Low Sugar,Baking Goods,OUT004,Medium,Tier 2,Supermarket Type2
10.69,0.171,145.44,2009,NC3211,No Sugar,Household,OUT004,Medium,Tier 2,Supermarket Type2
12.57,0.036,196.84,1999,FD6777,Low Sugar,Starchy Foods,OUT003,Medium,Tier 1,Departmental Store
10.38,0.164,146.6,2009,FD5087,Regular,Canned,OUT004,Medium,Tier 2,Supermarket Type2
10.66,0.046,107.51,1998,FD2658,Low Sugar,Fruits and Vegetables,OUT002,Small,Tier 3,Food Mart
15.46,0.105,105.02,2009,FD5303,Low Sugar,Fruits and Vegetables,OUT004,Medium,Tier 2,Supermarket Type2
17.03,0.071,179.62,1999,FD2981,Low Sugar,Breads,OUT003,Medium,Tier 1,Departmental Store
13.14,0.081,124.68,2009,FD1004,Regular,Canned,OUT004,Medium,Tier 2,Supermarket Type2
10.23,0.015,169.62,2009,NC8025,No Sugar,Health and Hygiene,OUT004,Medium,Tier 2,Supermarket Type2
14.12,0.059,148.13,2009,NC7372,No Sugar,Others,OUT004,Medium,Tier 2,Supermarket Type2
11.25,0.048,140.27,2009,DR2733,Low Sugar,Soft Drinks,OUT004,Medium,Tier 2,Supermarket Type2
17.38,0.164,150.7,1987,FD2409,Regular,Starchy Foods,OUT001,High,Tier 2,Supermarket Type1
10.29,0.036,202.9,1987,FD4159,Regular,Meat,OUT001,High,Tier 2,Supermarket Type1
12.07,0.077,131.58,2009,FD8247,Low Sugar,Meat,OUT004,Medium,Tier 2,Supermarket Type2
15.04,0.018,135.55,2009,NC5771,No Sugar,Others,OUT004,Medium,Tier 2,Supermarket Type2
15.18,0.076,164.02,1999,DR771,Low Sugar,Soft Drinks,OUT003,Medium,Tier 1,Departmental Store
17.64,0.024,188.22,1999,FD2162,Low Sugar,Canned,OUT003,Medium,Tier 1,Departmental Store
14.48,0.093,185.65,1987,FD3708,Regular,Snack Foods,OUT001,High,Tier 2,Supermarket Type1
12.68,0.043,148.86,2009,FD6474,Low Sugar,Snack Foods,OUT004,Medium,Tier 2,Supermarket Type2
16.25,0.046,192.27,1999,FD8504,Low Sugar,Canned,OUT003,Medium,Tier 1,Departmental Store
11.71,0.031,143.47,2009,FD8710,Low Sugar,Dairy,OUT004,Medium,Tier 2,Supermarket Type2
12.62,0.085,139.89,2009,FD2279,Regular,Frozen Foods,OUT004,Medium,Tier 2,Supermarket Type2
12.7,0.027,164.9,2009,DR7156,Low Sugar,Soft Drinks,OUT004,Medium,Tier 2,Supermarket Type2
14.79,0.14,148.09,2009,FD3473,Regular,Baking Goods,OUT004,Medium,Tier 2,Supermarket Type2
10.49,0.087,93.74,1998,FD3599,Regular,Fruits and Vegetables,OUT002,Small,Tier 3,Food Mart
12.26,0.024,133.16,2009,FD3073,Regular,Fruits and Vegetables,OUT004,Medium,Tier 2,Supermarket Type2
9.99,0.162,116.09,1998,FD3874,Low Sugar,Frozen Foods,OUT002,Small,Tier 3,Food Mart
10.87,0.033,160.36,2009,FD956,Low Sugar,Snack Foods,OUT004,Medium,Tier 2,Supermarket Type2
10.76,0.007,171.82,2009,FD7875,Low Sugar,Baking Goods,OUT004,Medium,Tier 2,Supermarket Type2
12.93,0.029,130.35,2009,FD8465,Regular,Snack Foods,OUT004,Medium,Tier 2,Supermarket Type2
11.48,0.035,166.51,2009,FD3016,Regular,Canned,OUT004,Medium,Tier 2,Supermarket Type2
15.67,0.045,181.27,1987,FD1082,Regular,Fruits and Vegetables,OUT001,High,Tier 2,Supermarket Type1
10.72,0.068,111.08,1998,FD3510,Low Sugar,Snack Foods,OUT002,Small,Tier 3,Food Mart
9.41,0.021,54.64,1998,FD2783,Regular,Seafood,OUT002,Small,Tier 3,Food Mart
10.73,0.036,126.43,2009,FD4852,Low Sugar,Snack Foods,OUT004,Medium,Tier 2,Supermarket Type2
10.74,0.039,164.21,2009,FD7751,Regular,Meat,OUT004,Medium,Tier 2,Supermarket Type2
9.63,0.011,125.43,1987,FD1849,Low Sugar,Dairy,OUT001,High,Tier 2,Supermarket Type1
8.89,0.076,101.39,1998,FD747,Regular,Baking Goods,OUT002,Small,Tier 3,Food Mart
16.72,0.101,217.12,1999,FD2106,Low Sugar,Dairy,OUT003,Medium,Tier 1,Departmental Store
8.15,0.065,99.78,1998,FD3972,Low Sugar,Fruits and Vegetables,OUT002,Small,Tier 3,Food Mart
14.68,0.076,137.53,2009,FD1752,Low Sugar,Fruits and Vegetables,OUT004,Medium,Tier 2,Supermarket Type2
13.02,0.053,150.46,2009,FD1697,Regular,Frozen Foods,OUT004,Medium,Tier 2,Supermarket Type2
10.46,0.103,100.58,1998,FD4881,Low Sugar,Fruits and Vegetables,OUT002,Small,Tier 3,Food Mart
12.23,0.05,177.75,2009,FD2479,Low Sugar,Baking Goods,OUT004,Medium,Tier 2,Supermarket Type2
7.83,0.097,125.42,1998,FD2807,Regular,Fruits and Vegetables,OUT002,Small,Tier 3,Food Mart
10.61,0.03,114.99,1987,NC5852,No Sugar,Household,OUT001,High,Tier 2,Supermarket Type1
13.1,0.078,145.5,2009,FD1705,Low Sugar,Canned,OUT004,Medium,Tier 2,Supermarket Type2
9.61,0.042,80.09,1998,FD4924,Regular,Baking Goods,OUT002,Small,Tier 3,Food Mart
13.12,0.055,169.33,1987,FD8283,Regular,Canned,OUT001,High,Tier 2,Supermarket Type1
11.95,0.038,125.45,1998,FD218,Low Sugar,Snack Foods,OUT002,Small,Tier 3,Food Mart
6.64,0.009,129.24,1998,FD7559,Low Sugar,Baking Goods,OUT002,Small,Tier 3,Food Mart
16.59,0.039,232.41,1999,FD442,Low Sugar,Dairy,OUT003,Medium,Tier 1,Departmental Store
11.46,0.067,146.59,2009,DR4460,Low Sugar,Soft Drinks,OUT004,Medium,Tier 2,Supermarket Type2
13.81,0.029,156.77,2009,FD3036,Low Sugar,Fruits and Vegetables,OUT004,Medium,Tier 2,Supermarket Type2
10.28,0.025,142.01,2009,FD6486,Low Sugar,Canned,OUT004,Medium,Tier 2,Supermarket Type2
12.27,0.062,158.12,2009,FD4056,Regular,Snack Foods,OUT004,Medium,Tier 2,Supermarket Type2
10.99,0.053,152.08,2009,NC3081,No Sugar,Household,OUT004,Medium,Tier 2,Supermarket Type2
12.64,0.053,145.92,2009,FD227,Low Sugar,Fruits and Vegetables,OUT004,Medium,Tier 2,Supermarket Type2
13.84,0.089,135.04,2009,FD8343,Low Sugar,Baking Goods,OUT004,Medium,Tier 2,Supermarket Type2
12.38,0.046,138.81,2009,FD2655,Low Sugar,Starchy Foods,OUT004,Medium,Tier 2,Supermarket Type2
11.75,0.128,152.69,2009,FD5400,Low Sugar,Baking Goods,OUT004,Medium,Tier 2,Supermarket Type2
13.99,0.021,210.21,1999,FD6802,Low Sugar,Fruits and Vegetables,OUT003,Medium,Tier 1,Departmental Store
8.12,0.048,81.36,1998,FD4984,Low Sugar,Breakfast,OUT002,Small,Tier 3,Food Mart
14.28,0.01,153.35,2009,FD603,Low Sugar,Frozen Foods,OUT004,Medium,Tier 2,Supermarket Type2
11.99,0.094,125.16,2009,FD2251,Low Sugar,Fruits and Vegetables,OUT004,Medium,Tier 2,Supermarket Type2
14.02,0.045,144.69,2009,FD2304,Regular,Canned,OUT004,Medium,Tier 2,Supermarket Type2
12.42,0.058,131.64,2009,FD558,Low Sugar,Fruits and Vegetables,OUT004,Medium,Tier 2,Supermarket Type2
15.39,0.011,159.13,1998,FD251,Low Sugar,Baking Goods,OUT002,Small,Tier 3,Food Mart
15.86,0.047,142.56,1987,NC7276,No Sugar,Health and Hygiene,OUT001,High,Tier 2,Supermarket Type1
10.93,0.073,145.92,2009,DR6721,Low Sugar,Soft Drinks,OUT004,Medium,Tier 2,Supermarket Type2
10.79,0.056,113.32,1987,FD6013,Low Sugar,Fruits and Vegetables,OUT001,High,Tier 2,Supermarket Type1
13.79,0.115,176.35,1999,FD7815,Low Sugar,Starchy Foods,OUT003,Medium,Tier 1,Departmental Store
11.38,0.125,175.82,2009,FD6883,Low Sugar,Frozen Foods,OUT004,Medium,Tier 2,Supermarket Type2
14.08,0.026,193.38,1987,NC8294,No Sugar,Health and Hygiene,OUT001,High,Tier 2,Supermarket Type1
10.69,0.12,116.69,1987,FD3714,Low Sugar,Baking Goods,OUT001,High,Tier 2,Supermarket Type1
15.55,0.027,162.47,1999,DR7327,Regular,Soft Drinks,OUT003,Medium,Tier 1,Departmental Store
9.35,0.064,111.63,1998,FD1118,Low Sugar,Fruits and Vegetables,OUT002,Small,Tier 3,Food Mart
14.14,0.126,182.81,1987,FD5172,Regular,Meat,OUT001,High,Tier 2,Supermarket Type1
19.37,0.099,226.76,1999,FD230,Low Sugar,Snack Foods,OUT003,Medium,Tier 1,Departmental Store
12.74,0.037,157.51,2009,FD915,Low Sugar,Snack Foods,OUT004,Medium,Tier 2,Supermarket Type2
10.14,0.122,162.93,2009,FD3349,Low Sugar,Seafood,OUT004,Medium,Tier 2,Supermarket Type2
13.33,0.054,149.59,2009,DR7860,Low Sugar,Soft Drinks,OUT004,Medium,Tier 2,Supermarket Type2
11.08,0.171,138.17,2009,FD2806,Regular,Dairy,OUT004,Medium,Tier 2,Supermarket Type2
14.41,0.122,155.09,1987,FD3330,Regular,Meat,OUT001,High,Tier 2,Supermarket Type1
11.42,0.01,172.12,2009,DR3821,Regular,Soft Drinks,OUT004,Medium,Tier 2,Supermarket Type2
15.33,0.111,210.12,1999,FD7393,Regular,Fruits and Vegetables,OUT003,Medium,Tier 1,Departmental Store
13.54,0.093,152.82,2009,FD7068,Low Sugar,Canned,OUT004,Medium,Tier 2,Supermarket Type2
11.58,0.07,151.71,2009,FD394,Low Sugar,Baking Goods,OUT004,Medium,Tier 2,Supermarket Type2
13.97,0.025,188.22,1987,FD5563,Low Sugar,Frozen Foods,OUT001,High,Tier 2,Supermarket Type1
11.63,0.011,144.47,2009,NC513,No Sugar,Health and Hygiene,OUT004,Medium,Tier 2,Supermarket Type2
14.15,0.052,133.72,2009,FD7169,Regular,Frozen Foods,OUT004,Medium,Tier 2,Supermarket Type2
13.44,0.076,137.65,2009,NC6433,No Sugar,Household,OUT004,Medium,Tier 2,Supermarket Type2
12.21,0.019,176.25,2009,FD6595,Regular,Dairy,OUT004,Medium,Tier 2,Supermarket Type2
13.74,0.04,186.96,1987,FD2213,Low Sugar,Canned,OUT001,High,Tier 2,Supermarket Type1
11.55,0.023,119.89,2009,FD5966,Regular,Snack Foods,OUT004,Medium,Tier 2,Supermarket Type2
12.06,0.157,104.46,1987,FD2442,Low Sugar,Breakfast,OUT001,High,Tier 2,Supermarket Type1
12.58,0.026,120.93,2009,NC6106,No Sugar,Health and Hygiene,OUT004,Medium,Tier 2,Supermarket Type2
11.87,0.072,140.76,2009,FD980,Low Sugar,Fruits and Vegetables,OUT004,Medium,Tier 2,Supermarket Type2
15.24,0.053,204.28,1999,FD2195,Low Sugar,Meat,OUT003,Medium,Tier 1,Departmental Store
14.4,0.02,177.93,1999,FD8340,Low Sugar,Canned,OUT003,Medium,Tier 1,Departmental Store
13.13,0.027,110.64,2009,FD2700,Low Sugar,Snack Foods,OUT004,Medium,Tier 2,Supermarket Type2
13.0,0.042,146.99,2009,FD6887,Low Sugar,Frozen Foods,OUT004,Medium,Tier 2,Supermarket Type2
9.39,0.157,75.32,1998,FD6645,Low Sugar,Canned,OUT002,Small,Tier 3,Food Mart
9.88,0.056,67.99,1998,FD5261,Regular,Frozen Foods,OUT002,Small,Tier 3,Food Mart
16.56,0.096,185.24,1999,FD2677,Regular,Fruits and Vegetables,OUT003,Medium,Tier 1,Departmental Store
17.15,0.019,142.09,1999,FD2233,Regular,Fruits and Vegetables,OUT003,Medium,Tier 1,Departmental Store
15.93,0.014,172.22,1987,FD7144,Low Sugar,Canned,OUT001,High,Tier 2,Supermarket Type1
12.21,0.129,142.19,2009,FD2539,Low Sugar,Fruits and Vegetables,OUT004,Medium,Tier 2,Supermarket Type2
10.99,0.028,186.74,2009,FD1932,Regular,Canned,OUT004,Medium,Tier 2,Supermarket Type2
12.08,0.061,153.26,2009,FD3569,Low Sugar,Frozen Foods,OUT004,Medium,Tier 2,Supermarket Type2
14.65,0.22,174.5,1999,FD5234,Regular,Dairy,OUT003,Medium,Tier 1,Departmental Store
12.59,0.193,153.95,2009,NC6978,No Sugar,Household,OUT004,Medium,Tier 2,Supermarket Type2
16.36,0.078,156.11,1999,FD8462,Low Sugar,Fruits and Vegetables,OUT003,Medium,Tier 1,Departmental Store
11.76,0.13,172.43,2009,FD2604,Regular,Snack Foods,OUT004,Medium,Tier 2,Supermarket Type2
12.08,0.042,179.07,1999,FD481,Low Sugar,Dairy,OUT003,Medium,Tier 1,Departmental Store
12.23,0.019,145.37,2009,FD2765,Regular,Fruits and Vegetables,OUT004,Medium,Tier 2,Supermarket Type2
11.99,0.091,163.82,2009,FD1503,Regular,Fruits and Vegetables,OUT004,Medium,Tier 2,Supermarket Type2
15.21,0.044,177.95,1987,DR5138,Low Sugar,Soft Drinks,OUT001,High,Tier 2,Supermarket Type1
9.0,0.03,31.0,1998,NC7411,No Sugar,Health and Hygiene,OUT002,Small,Tier 3,Food Mart
12.41,0.076,128.87,2009,FD8634,Low Sugar,Meat,OUT004,Medium,Tier 2,Supermarket Type2
12.4,0.021,153.16,2009,FD2560,Low Sugar,Canned,OUT004,Medium,Tier 2,Supermarket Type2
16.9,0.28,179.19,1999,FD2709,Low Sugar,Baking Goods,OUT003,Medium,Tier 1,Departmental Store
14.03,0.089,127.42,1999,FD571,Low Sugar,Snack Foods,OUT003,Medium,Tier 1,Departmental Store
12.07,0.045,151.82,2009,NC4119,No Sugar,Health and Hygiene,OUT004,Medium,Tier 2,Supermarket Type2
8.29,0.144,130.89,1998,DR4518,Low Sugar,Soft Drinks,OUT002,Small,Tier 3,Food Mart
14.41,0.084,124.18,2009,FD6131,Regular,Dairy,OUT004,Medium,Tier 2,Supermarket Type2
13.93,0.006,155.02,2009,FD399,Regular,Snack Foods,OUT004,Medium,Tier 2,Supermarket Type2
15.57,0.091,205.73,1999,NC485,No Sugar,Health and Hygiene,OUT003,Medium,Tier 1,Departmental Store
13.54,0.015,134.74,2009,DR2964,Regular,Soft Drinks,OUT004,Medium,Tier 2,Supermarket Type2
9.86,0.057,102.3,1999,FD44,Regular,Frozen Foods,OUT003,Medium,Tier 1,Departmental Store
14.34,0.16,162.53,1999,FD311,Low Sugar,Fruits and Vegetables,OUT003,Medium,Tier 1,Departmental Store
11.68,0.045,114.64,2009,NC7232,No Sugar,Household,OUT004,Medium,Tier 2,Supermarket Type2
15.32,0.056,152.49,1987,FD3907,Regular,Meat,OUT001,High,Tier 2,Supermarket Type1
10.74,0.128,132.21,2009,FD1388,Low Sugar,Canned,OUT004,Medium,Tier 2,Supermarket Type2
15.23,0.042,140.48,2009,FD5889,Low Sugar,Frozen Foods,OUT004,Medium,Tier 2,Supermarket Type2
12.2,0.1,147.08,2009,NC4466,No Sugar,Household,OUT004,Medium,Tier 2,Supermarket Type2
8.18,0.104,108.67,1998,FD8084,Low Sugar,Snack Foods,OUT002,Small,Tier 3,Food Mart
13.46,0.092,193.75,1987,FD628,Low Sugar,Dairy,OUT001,High,Tier 2,Supermarket Type1
15.15,0.049,143.08,2009,FD3942,Regular,Frozen Foods,OUT004,Medium,Tier 2,Supermarket Type2
15.58,0.148,155.8,1999,FD8677,Regular,Baking Goods,OUT003,Medium,Tier 1,Departmental Store
13.67,0.036,134.98,2009,FD4303,Regular,Frozen Foods,OUT004,Medium,Tier 2,Supermarket Type2
17.03,0.034,212.33,1999,FD2493,Low Sugar,Baking Goods,OUT003,Medium,Tier 1,Departmental Store
12.49,0.077,138.54,2009,FD5863,Regular,Fruits and Vegetables,OUT004,Medium,Tier 2,Supermarket Type2
13.37,0.026,153.06,2009,FD6753,Low Sugar,Snack Foods,OUT004,Medium,Tier 2,Supermarket Type2
12.89,0.067,116.78,2009,FD6522,Regular,Fruits and Vegetables,OUT004,Medium,Tier 2,Supermarket Type2
15.35,0.029,192.99,1999,FD873,Low Sugar,Frozen Foods,OUT003,Medium,Tier 1,Departmental Store
12.58,0.023,114.69,2009,FD4440,Low Sugar,Baking Goods,OUT004,Medium,Tier 2,Supermarket Type2
14.21,0.176,144.38,2009,FD3692,Regular,Dairy,OUT004,Medium,Tier 2,Supermarket Type2
9.96,0.038,140.95,2009,NC6542,No Sugar,Others,OUT004,Medium,Tier 2,Supermarket Type2
14.33,0.013,138.85,2009,FD1370,Low Sugar,Baking Goods,OUT004,Medium,Tier 2,Supermarket Type2
14.8,0.11,180.39,1987,FD4103,Low Sugar,Fruits and Vegetables,OUT001,High,Tier 2,Supermarket Type1
14.99,0.042,160.1,1999,FD1669,Low Sugar,Fruits and Vegetables,OUT003,Medium,Tier 1,Departmental Store
15.3,0.126,209.54,1999,FD6455,Low Sugar,Meat,OUT003,Medium,Tier 1,Departmental Store
12.84,0.032,138.72,2009,NC1265,No Sugar,Household,OUT004,Medium,Tier 2,Supermarket Type2
10.79,0.078,120.9,1987,FD6622,Regular,Snack Foods,OUT001,High,Tier 2,Supermarket Type1
10.72,0.05,119.37,1987,FD3833,Low Sugar,Snack Foods,OUT001,High,Tier 2,Supermarket Type1
12.89,0.061,174.88,1987,FD8184,Low Sugar,Baking Goods,OUT001,High,Tier 2,Supermarket Type1
11.82,0.152,123.64,2009,FD8419,Low Sugar,Snack Foods,OUT004,Medium,Tier 2,Supermarket Type2
13.44,0.032,180.62,1999,FD3451,Low Sugar,Dairy,OUT003,Medium,Tier 1,Departmental Store
12.18,0.061,154.25,2009,DR3447,Low Sugar,Soft Drinks,OUT004,Medium,Tier 2,Supermarket Type2
9.88,0.123,130.54,1987,DR1011,Low Sugar,Soft Drinks,OUT001,High,Tier 2,Supermarket Type1
9.76,0.014,135.3,2009,DR7126,Low Sugar,Soft Drinks,OUT004,Medium,Tier 2,Supermarket Type2
10.76,0.08,135.64,2009,FD4908,Low Sugar,Fruits and Vegetables,OUT004,Medium,Tier 2,Supermarket Type2
14.64,0.05,176.55,1998,NC374,No Sugar,Health and Hygiene,OUT002,Small,Tier 3,Food Mart
14.02,0.035,131.93,2009,FD3004,Regular,Dairy,OUT004,Medium,Tier 2,Supermarket Type2
12.23,0.136,117.44,2009,FD2480,Regular,Breads,OUT004,Medium,Tier 2,Supermarket Type2
12.49,0.027,130.06,2009,FD7698,Low Sugar,Baking Goods,OUT004,Medium,Tier 2,Supermarket Type2
13.73,0.064,131.79,2009,FD2736,Low Sugar,Dairy,OUT004,Medium,Tier 2,Supermarket Type2
8.61,0.046,132.15,1998,FD7658,Regular,Frozen Foods,OUT002,Small,Tier 3,Food Mart
15.37,0.04,120.78,2009,NC5317,No Sugar,Others,OUT004,Medium,Tier 2,Supermarket Type2
15.87,0.006,142.35,1987,FD4887,Low Sugar,Frozen Foods,OUT001,High,Tier 2,Supermarket Type1
10.72,0.045,130.79,1998,FD137,Low Sugar,Dairy,OUT002,Small,Tier 3,Food Mart
9.69,0.104,100.79,1998,FD8293,Low Sugar,Snack Foods,OUT002,Small,Tier 3,Food Mart
12.89,0.021,158.2,2009,NC1919,No Sugar,Health and Hygiene,OUT004,Medium,Tier 2,Supermarket Type2
11.84,0.122,140.23,2009,NC1565,No Sugar,Others,OUT004,Medium,Tier 2,Supermarket Type2
7.12,0.009,57.41,1998,FD7124,Regular,Dairy,OUT002,Small,Tier 3,Food Mart
17.53,0.163,240.4,1999,FD5236,Low Sugar,Baking Goods,OUT003,Medium,Tier 1,Departmental Store
11.76,0.075,158.08,2009,NC2060,No Sugar,Health and Hygiene,OUT004,Medium,Tier 2,Supermarket Type2
10.47,0.01,130.16,2009,FD6768,Regular,Canned,OUT004,Medium,Tier 2,Supermarket Type2
13.75,0.079,114.59,2009,FD2756,Regular,Starchy Foods,OUT004,Medium,Tier 2,Supermarket Type2
16.33,0.052,167.31,1999,FD180,Low Sugar,Canned,OUT003,Medium,Tier 1,Departmental Store
11.53,0.082,144.04,2009,FD7959,Low Sugar,Baking Goods,OUT004,Medium,Tier 2,Supermarket Type2
14.64,0.042,151.58,2009,FD8473,Regular,Fruits and Vegetables,OUT004,Medium,Tier 2,Supermarket Type2
12.97,0.025,114.48,2009,NC2467,No Sugar,Household,OUT004,Medium,Tier 2,Supermarket Type2
11.0,0.053,135.31,2009,FD3993,Low Sugar,Canned,OUT004,Medium,Tier 2,Supermarket Type2
14.72,0.099,176.1,1987,NC1867,No Sugar,Health and Hygiene,OUT001,High,Tier 2,Supermarket Type1
12.65,0.072,187.61,1999,FD3887,Low Sugar,Fruits and Vegetables,OUT003,Medium,Tier 1,Departmental Store
12.9,0.025,76.23,1998,NC1374,No Sugar,Health and Hygiene,OUT002,Small,Tier 3,Food Mart
12.98,0.021,124.86,2009,FD2262,Low Sugar,Meat,OUT004,Medium,Tier 2,Supermarket Type2
11.57,0.116,131.07,2009,FD7689,Low Sugar,Dairy,OUT004,Medium,Tier 2,Supermarket Type2
11.37,0.133,111.2,1987,NC8145,No Sugar,Household,OUT001,High,Tier 2,Supermarket Type1
12.39,0.116,128.98,2009,FD6941,Regular,Dairy,OUT004,Medium,Tier 2,Supermarket Type2
13.77,0.024,153.21,2009,FD7262,Low Sugar,Fruits and Vegetables,OUT004,Medium,Tier 2,Supermarket Type2
13.16,0.061,185.32,1999,FD6015,Low Sugar,Snack Foods,OUT003,Medium,Tier 1,Departmental Store
12.74,0.048,162.51,2009,FD4843,Regular,Breads,OUT004,Medium,Tier 2,Supermarket Type2
13.73,0.031,171.24,1987,NC4493,No Sugar,Health and Hygiene,OUT001,High,Tier 2,Supermarket Type1
12.17,0.026,131.74,2009,FD3804,Low Sugar,Fruits and Vegetables,OUT004,Medium,Tier 2,Supermarket Type2
11.99,0.049,121.01,2009,FD5710,Low Sugar,Breads,OUT004,Medium,Tier 2,Supermarket Type2
13.62,0.036,196.11,1987,FD3772,Low Sugar,Fruits and Vegetables,OUT001,High,Tier 2,Supermarket Type1
16.92,0.015,220.66,1999,NC7085,No Sugar,Health and Hygiene,OUT003,Medium,Tier 1,Departmental Store
13.86,0.061,152.03,2009,DR3582,Low Sugar,Soft Drinks,OUT004,Medium,Tier 2,Supermarket Type2
11.38,0.089,134.69,1998,FD176,Low Sugar,Baking Goods,OUT002,Small,Tier 3,Food Mart
9.45,0.057,102.98,1998,FD5022,Low Sugar,Frozen Foods,OUT002,Small,Tier 3,Food Mart
14.75,0.076,187.48,1987,FD1647,Low Sugar,Snack Foods,OUT001,High,Tier 2,Supermarket Type1
14.55,0.009,179.65,1987,FD7919,Regular,Fruits and Vegetables,OUT001,High,Tier 2,Supermarket Type1
14.11,0.129,183.29,1987,DR4775,Low Sugar,Soft Drinks,OUT001,High,Tier 2,Supermarket Type1
10.37,0.06,105.52,1998,DR7002,Regular,Soft Drinks,OUT002,Small,Tier 3,Food Mart
11.51,0.064,161.13,2009,NC7422,No Sugar,Health and Hygiene,OUT004,Medium,Tier 2,Supermarket Type2
14.3,0.023,126.98,2009,NC8078,No Sugar,Household,OUT004,Medium,Tier 2,Supermarket Type2
10.32,0.14,163.29,2009,FD3901,Low Sugar,Fruits and Vegetables,OUT004,Medium,Tier 2,Supermarket Type2
9.75,0.116,117.8,1998,FD1041,Low Sugar,Dairy,OUT002,Small,Tier 3,Food Mart
12.09,0.018,111.35,2009,FD2549,Low Sugar,Snack Foods,OUT004,Medium,Tier 2,Supermarket Type2
12.22,0.148,126.41,2009,FD4615,Regular,Baking Goods,OUT004,Medium,Tier 2,Supermarket Type2
16.66,0.082,239.49,1999,FD4452,Regular,Fruits and Vegetables,OUT003,Medium,Tier 1,Departmental Store
13.43,0.185,129.18,2009,DR4194,Low Sugar,Soft Drinks,OUT004,Medium,Tier 2,Supermarket Type2
11.41,0.071,120.3,2009,NC8048,No Sugar,Health and Hygiene,OUT004,Medium,Tier 2,Supermarket Type2
10.6,0.12,120.41,1987,FD7090,Low Sugar,Starchy Foods,OUT001,High,Tier 2,Supermarket Type1
13.02,0.009,126.55,2009,FD5420,Regular,Baking Goods,OUT004,Medium,Tier 2,Supermarket Type2
12.8,0.068,164.3,2009,DR1881,Regular,Soft Drinks,OUT004,Medium,Tier 2,Supermarket Type2
16.09,0.058,229.63,1999,FD4384,Regular,Snack Foods,OUT003,Medium,Tier 1,Departmental Store
12.95,0.032,106.82,2009,FD8279,Regular,Breakfast,OUT004,Medium,Tier 2,Supermarket Type2
11.21,0.021,123.32,2009,FD1381,Regular,Snack Foods,OUT004,Medium,Tier 2,Supermarket Type2
16.14,0.028,129.92,2009,FD3302,Regular,Fruits and Vegetables,OUT004,Medium,Tier 2,Supermarket Type2
13.49,0.051,121.63,2009,FD854,Regular,Canned,OUT004,Medium,Tier 2,Supermarket Type2
13.91,0.022,132.72,2009,FD8509,Low Sugar,Fruits and Vegetables,OUT004,Medium,Tier 2,Supermarket Type2
16.83,0.051,173.25,1999,FD4587,Low Sugar,Dairy,OUT003,Medium,Tier 1,Departmental Store
11.41,0.028,116.59,2009,NC6664,No Sugar,Others,OUT004,Medium,Tier 2,Supermarket Type2
13.62,0.064,173.0,1999,NC4004,No Sugar,Household,OUT003,Medium,Tier 1,Departmental Store
15.53,0.024,184.27,1987,FD2289,Low Sugar,Baking Goods,OUT001,High,Tier 2,Supermarket Type1
10.74,0.022,135.31,2009,FD8341,Regular,Snack Foods,OUT004,Medium,Tier 2,Supermarket Type2
14.8,0.061,174.32,1999,NC7807,No Sugar,Household,OUT003,Medium,Tier 1,Departmental Store
13.06,0.026,161.47,2009,FD2292,Low Sugar,Frozen Foods,OUT004,Medium,Tier 2,Supermarket Type2
12.19,0.137,140.54,2009,FD3248,Low Sugar,Snack Foods,OUT004,Medium,Tier 2,Supermarket Type2
16.8,0.029,179.01,1999,NC1401,No Sugar,Health and Hygiene,OUT003,Medium,Tier 1,Departmental Store
10.34,0.052,163.11,2009,FD93,Low Sugar,Dairy,OUT004,Medium,Tier 2,Supermarket Type2
11.58,0.038,143.92,2009,FD4473,Low Sugar,Fruits and Vegetables,OUT004,Medium,Tier 2,Supermarket Type2
17.5,0.106,171.36,1999,FD1289,Regular,Fruits and Vegetables,OUT003,Medium,Tier 1,Departmental Store
11.48,0.073,143.69,2009,FD3845,Regular,Canned,OUT004,Medium,Tier 2,Supermarket Type2
16.0,0.048,177.06,1987,FD6785,Low Sugar,Breads,OUT001,High,Tier 2,Supermarket Type1
6.82,0.063,112.74,1998,FD8368,Low Sugar,Canned,OUT002,Small,Tier 3,Food Mart
16.82,0.113,140.14,1999,FD8199,Low Sugar,Dairy,OUT003,Medium,Tier 1,Departmental Store
9.56,0.045,129.4,1987,FD6466,Regular,Meat,OUT001,High,Tier 2,Supermarket Type1
10.04,0.038,159.94,2009,FD6073,Low Sugar,Breakfast,OUT004,Medium,Tier 2,Supermarket Type2
16.39,0.072,175.0,1999,FD4655,Low Sugar,Snack Foods,OUT003,Medium,Tier 1,Departmental Store
9.13,0.03,81.96,1998,FD2021,Regular,Meat,OUT002,Small,Tier 3,Food Mart
12.57,0.102,219.33,1987,NC4165,No Sugar,Health and Hygiene,OUT001,High,Tier 2,Supermarket Type1
12.55,0.033,145.81,2009,FD2488,Low Sugar,Frozen Foods,OUT004,Medium,Tier 2,Supermarket Type2
17.66,0.116,175.58,1999,FD7107,Regular,Breads,OUT003,Medium,Tier 1,Departmental Store
15.21,0.008,127.08,2009,NC2996,No Sugar,Household,OUT004,Medium,Tier 2,Supermarket Type2
11.37,0.07,120.33,2009,FD7104,Low Sugar,Snack Foods,OUT004,Medium,Tier 2,Supermarket Type2
15.27,0.038,168.12,1999,FD5413,Regular,Baking Goods,OUT003,Medium,Tier 1,Departmental Store
11.23,0.065,175.35,2009,NC8094,No Sugar,Health and Hygiene,OUT004,Medium,Tier 2,Supermarket Type2
11.26,0.126,100.62,1998,NC3664,No Sugar,Household,OUT002,Small,Tier 3,Food Mart
15.41,0.116,181.24,1987,FD7440,Low Sugar,Dairy,OUT001,High,Tier 2,Supermarket Type1
10.55,0.179,96.39,1998,NC1358,No Sugar,Household,OUT002,Small,Tier 3,Food Mart
14.78,0.083,160.61,1999,FD1432,Regular,Snack Foods,OUT003,Medium,Tier 1,Departmental Store
10.15,0.032,135.64,2009,FD3878,Low Sugar,Fruits and Vegetables,OUT004,Medium,Tier 2,Supermarket Type2
13.95,0.141,136.71,2009,NC6094,No Sugar,Health and Hygiene,OUT004,Medium,Tier 2,Supermarket Type2
14.12,0.099,126.73,2009,FD612,Low Sugar,Baking Goods,OUT004,Medium,Tier 2,Supermarket Type2
15.23,0.089,196.51,1999,FD2468,Low Sugar,Snack Foods,OUT003,Medium,Tier 1,Departmental Store
13.29,0.055,192.75,1987,NC5119,No Sugar,Household,OUT001,High,Tier 2,Supermarket Type1
14.56,0.041,173.87,1999,FD2486,Low Sugar,Dairy,OUT003,Medium,Tier 1,Departmental Store
12.77,0.08,113.63,2009,FD3552,Low Sugar,Fruits and Vegetables,OUT004,Medium,Tier 2,Supermarket Type2
14.92,0.057,161.57,1999,FD6078,Low Sugar,Dairy,OUT003,Medium,Tier 1,Departmental Store
12.62,0.055,149.6,2009,FD5208,Low Sugar,Meat,OUT004,Medium,Tier 2,Supermarket Type2
15.56,0.117,203.69,1999,NC1434,No Sugar,Household,OUT003,Medium,Tier 1,Departmental Store
10.82,0.035,150.24,2009,FD878,Low Sugar,Baking Goods,OUT004,Medium,Tier 2,Supermarket Type2
14.05,0.113,140.02,2009,FD7208,Regular,Dairy,OUT004,Medium,Tier 2,Supermarket Type2
10.32,0.09,151.9,2009,NC7811,No Sugar,Household,OUT004,Medium,Tier 2,Supermarket Type2
17.42,0.092,156.15,1999,FD725,Low Sugar,Frozen Foods,OUT003,Medium,Tier 1,Departmental Store
10.24,0.016,169.41,2009,FD7671,Low Sugar,Meat,OUT004,Medium,Tier 2,Supermarket Type2
15.19,0.017,174.23,1987,FD8536,Low Sugar,Dairy,OUT001,High,Tier 2,Supermarket Type1
11.18,0.076,154.45,2009,FD2811,Regular,Dairy,OUT004,Medium,Tier 2,Supermarket Type2
9.81,0.129,92.15,1998,FD7503,Regular,Dairy,OUT002,Small,Tier 3,Food Mart
14.7,0.103,148.61,2009,FD6140,Low Sugar,Seafood,OUT004,Medium,Tier 2,Supermarket Type2
12.17,0.057,132.28,2009,FD733,Low Sugar,Canned,OUT004,Medium,Tier 2,Supermarket Type2
14.58,0.128,149.01,2009,FD2398,Low Sugar,Fruits and Vegetables,OUT004,Medium,Tier 2,Supermarket Type2
11.88,0.076,198.5,1999,FD3585,Regular,Dairy,OUT003,Medium,Tier 1,Departmental Store
7.39,0.012,113.4,1998,FD5558,Low Sugar,Fruits and Vegetables,OUT002,Small,Tier 3,Food Mart
12.18,0.12,125.96,2009,FD3567,Regular,Snack Foods,OUT004,Medium,Tier 2,Supermarket Type2
12.66,0.036,145.71,2009,FD6248,Low Sugar,Breads,OUT004,Medium,Tier 2,Supermarket Type2
13.71,0.092,180.21,1999,FD7302,Regular,Snack Foods,OUT003,Medium,Tier 1,Departmental Store
12.83,0.03,95.15,1987,FD1677,Low Sugar,Canned,OUT001,High,Tier 2,Supermarket Type1
13.28,0.032,132.4,2009,FD1688,Low Sugar,Fruits and Vegetables,OUT004,Medium,Tier 2,Supermarket Type2
12.42,0.081,142.88,2009,DR8531,Low Sugar,Soft Drinks,OUT004,Medium,Tier 2,Supermarket Type2
15.13,0.125,203.55,1999,FD4502,Regular,Meat,OUT003,Medium,Tier 1,Departmental Store
11.51,0.052,147.13,2009,FD7226,Low Sugar,Fruits and Vegetables,OUT004,Medium,Tier 2,Supermarket Type2
10.88,0.031,138.9,2009,FD5351,Regular,Meat,OUT004,Medium,Tier 2,Supermarket Type2
14.54,0.162,191.76,1987,FD8568,Regular,Baking Goods,OUT001,High,Tier 2,Supermarket Type1
8.86,0.099,129.0,1998,NC7870,No Sugar,Household,OUT002,Small,Tier 3,Food Mart
13.47,0.017,102.19,2009,FD5248,Regular,Fruits and Vegetables,OUT004,Medium,Tier 2,Supermarket Type2
15.1,0.292,151.74,1987,FD4222,Low Sugar,Fruits and Vegetables,OUT001,High,Tier 2,Supermarket Type1
11.03,0.093,132.08,2009,DR8097,Low Sugar,Soft Drinks,OUT004,Medium,Tier 2,Supermarket Type2
10.31,0.017,153.91,2009,FD502,Low Sugar,Fruits and Vegetables,OUT004,Medium,Tier 2,Supermarket Type2
13.4,0.088,148.79,2009,FD1820,Low Sugar,Frozen Foods,OUT004,Medium,Tier 2,Supermarket Type2
14.82,0.054,152.24,1987,FD4599,Low Sugar,Fruits and Vegetables,OUT001,High,Tier 2,Supermarket Type1
11.17,0.044,122.37,2009,NC8422,No Sugar,Household,OUT004,Medium,Tier 2,Supermarket Type2
13.47,0.184,154.78,2009,FD5568,Low Sugar,Fruits and Vegetables,OUT004,Medium,Tier 2,Supermarket Type2
14.84,0.054,112.86,2009,FD482,Regular,Baking Goods,OUT004,Medium,Tier 2,Supermarket Type2
14.92,0.067,187.06,1987,FD7229,Regular,Canned,OUT001,High,Tier 2,Supermarket Type1
10.76,0.052,189.07,2009,NC5514,No Sugar,Household,OUT004,Medium,Tier 2,Supermarket Type2
15.39,0.006,179.95,1987,NC5798,No Sugar,Others,OUT001,High,Tier 2,Supermarket Type1
12.51,0.118,173.4,2009,FD8231,Low Sugar,Starchy Foods,OUT004,Medium,Tier 2,Supermarket Type2
10.59,0.119,72.59,1998,FD6123,Low Sugar,Meat,OUT002,Small,Tier 3,Food Mart
11.4,0.047,101.58,1998,FD4955,Low Sugar,Snack Foods,OUT002,Small,Tier 3,Food Mart
8.25,0.123,100.0,1998,FD2152,Low Sugar,Dairy,OUT002,Small,Tier 3,Food Mart
14.48,0.019,158.6,1987,FD86,Regular,Meat,OUT001,High,Tier 2,Supermarket Type1
12.24,0.089,181.93,1987,FD138,Low Sugar,Meat,OUT001,High,Tier 2,Supermarket Type1
11.3,0.174,121.44,2009,FD99,Low Sugar,Fruits and Vegetables,OUT004,Medium,Tier 2,Supermarket Type2
11.07,0.14,132.45,2009,FD1254,Regular,Snack Foods,OUT004,Medium,Tier 2,Supermarket Type2
17.77,0.113,191.63,1999,FD6016,Low Sugar,Frozen Foods,OUT003,Medium,Tier 1,Departmental Store
9.89,0.012,131.75,2009,FD6484,Regular,Baking Goods,OUT004,Medium,Tier 2,Supermarket Type2
17.46,0.121,230.51,1999,FD4585,Low Sugar,Fruits and Vegetables,OUT003,Medium,Tier 1,Departmental Store
12.59,0.02,146.65,2009,NC965,No Sugar,Others,OUT004,Medium,Tier 2,Supermarket Type2
11.83,0.096,182.95,1987,NC7843,No Sugar,Others,OUT001,High,Tier 2,Supermarket Type1
15.64,0.016,155.88,1999,FD5703,Low Sugar,Frozen Foods,OUT003,Medium,Tier 1,Departmental Store
10.84,0.023,116.45,1987,FD209,Low Sugar,Baking Goods,OUT001,High,Tier 2,Supermarket Type1
10.65,0.046,160.56,2009,FD2656,Low Sugar,Frozen Foods,OUT004,Medium,Tier 2,Supermarket Type2
11.62,0.082,139.95,2009,FD2962,Low Sugar,Snack Foods,OUT004,Medium,Tier 2,Supermarket Type2
9.68,0.018,153.33,2009,DR3252,Low Sugar,Hard Drinks,OUT004,Medium,Tier 2,Supermarket Type2
10.23,0.123,182.45,2009,DR4995,Low Sugar,Hard Drinks,OUT004,Medium,Tier 2,Supermarket Type2
12.93,0.026,144.85,2009,FD834,Low Sugar,Fruits and Vegetables,OUT004,Medium,Tier 2,Supermarket Type2
10.56,0.184,159.22,2009,FD4574,Low Sugar,Frozen Foods,OUT004,Medium,Tier 2,Supermarket Type2
11.51,0.044,128.68,2009,FD1616,Regular,Fruits and Vegetables,OUT004,Medium,Tier 2,Supermarket Type2
15.66,0.044,134.56,2009,FD7454,Regular,Baking Goods,OUT004,Medium,Tier 2,Supermarket Type2
11.15,0.14,126.41,2009,DR5906,Low Sugar,Hard Drinks,OUT004,Medium,Tier 2,Supermarket Type2
14.35,0.044,166.92,1999,FD1301,Low Sugar,Dairy,OUT003,Medium,Tier 1,Departmental Store
13.3,0.034,98.5,2009,FD5372,Low Sugar,Fruits and Vegetables,OUT004,Medium,Tier 2,Supermarket Type2
14.96,0.09,139.19,2009,FD8138,Low Sugar,Dairy,OUT004,Medium,Tier 2,Supermarket Type2
13.19,0.235,141.68,2009,FD2950,Low Sugar,Snack Foods,OUT004,Medium,Tier 2,Supermarket Type2
14.38,0.119,131.19,1999,FD262,Low Sugar,Canned,OUT003,Medium,Tier 1,Departmental Store
14.37,0.076,173.74,1999,FD4122,Regular,Frozen Foods,OUT003,Medium,Tier 1,Departmental Store
14.16,0.102,172.4,1999,NC8167,No Sugar,Household,OUT003,Medium,Tier 1,Departmental Store
11.05,0.112,120.27,2009,DR4580,Low Sugar,Soft Drinks,OUT004,Medium,Tier 2,Supermarket Type2
11.67,0.033,124.51,2009,FD4042,Regular,Frozen Foods,OUT004,Medium,Tier 2,Supermarket Type2
14.98,0.14,187.98,1987,NC4277,No Sugar,Household,OUT001,High,Tier 2,Supermarket Type1
12.79,0.045,152.02,2009,FD7429,Regular,Canned,OUT004,Medium,Tier 2,Supermarket Type2
11.94,0.067,175.92,2009,DR4603,Low Sugar,Soft Drinks,OUT004,Medium,Tier 2,Supermarket Type2
12.41,0.026,118.27,2009,DR5012,Regular,Hard Drinks,OUT004,Medium,Tier 2,Supermarket Type2
14.82,0.142,158.87,1987,NC8337,No Sugar,Health and Hygiene,OUT001,High,Tier 2,Supermarket Type1
16.41,0.105,206.79,1999,NC3033,No Sugar,Household,OUT003,Medium,Tier 1,Departmental Store
11.87,0.025,113.36,2009,FD5622,Low Sugar,Baking Goods,OUT004,Medium,Tier 2,Supermarket Type2
9.35,0.174,137.23,2009,FD3339,Low Sugar,Meat,OUT004,Medium,Tier 2,Supermarket Type2
10.03,0.047,140.57,2009,FD8051,Low Sugar,Dairy,OUT004,Medium,Tier 2,Supermarket Type2
13.33,0.015,147.52,2009,FD511,Low Sugar,Snack Foods,OUT004,Medium,Tier 2,Supermarket Type2
11.28,0.03,149.32,1998,FD147,Regular,Frozen Foods,OUT002,Small,Tier 3,Food Mart
15.46,0.026,171.83,1987,NC7930,No Sugar,Household,OUT001,High,Tier 2,Supermarket Type1
13.87,0.1,178.64,1999,DR2103,Low Sugar,Soft Drinks,OUT003,Medium,Tier 1,Departmental Store
10.58,0.016,144.73,2009,FD3333,Low Sugar,Fruits and Vegetables,OUT004,Medium,Tier 2,Supermarket Type2
10.7,0.041,160.61,2009,FD5508,Low Sugar,Baking Goods,OUT004,Medium,Tier 2,Supermarket Type2
14.1,0.031,155.49,2009,FD8606,Regular,Meat,OUT004,Medium,Tier 2,Supermarket Type2
11.71,0.085,151.65,2009,FD3973,Low Sugar,Dairy,OUT004,Medium,Tier 2,Supermarket Type2
10.88,0.063,143.66,2009,FD7142,Low Sugar,Canned,OUT004,Medium,Tier 2,Supermarket Type2
13.92,0.057,185.58,1987,FD7231,Low Sugar,Snack Foods,OUT001,High,Tier 2,Supermarket Type1
14.62,0.027,162.41,1999,FD2985,Regular,Snack Foods,OUT003,Medium,Tier 1,Departmental Store
11.89,0.111,172.07,2009,FD2099,Low Sugar,Dairy,OUT004,Medium,Tier 2,Supermarket Type2
12.22,0.034,130.54,2009,FD7601,Low Sugar,Frozen Foods,OUT004,Medium,Tier 2,Supermarket Type2
13.26,0.191,148.31,2009,FD6011,Regular,Fruits and Vegetables,OUT004,Medium,Tier 2,Supermarket Type2
11.13,0.053,124.54,2009,DR778,Low Sugar,Soft Drinks,OUT004,Medium,Tier 2,Supermarket Type2
11.89,0.03,122.19,2009,NC6843,No Sugar,Health and Hygiene,OUT004,Medium,Tier 2,Supermarket Type2
16.34,0.112,184.46,1999,FD7814,Regular,Fruits and Vegetables,OUT003,Medium,Tier 1,Departmental Store
13.54,0.076,210.34,1987,FD4829,Regular,Breads,OUT001,High,Tier 2,Supermarket Type1
14.08,0.077,128.96,2009,FD2278,Low Sugar,Frozen Foods,OUT004,Medium,Tier 2,Supermarket Type2
13.42,0.054,144.38,1999,DR528,Low Sugar,Soft Drinks,OUT003,Medium,Tier 1,Departmental Store
13.86,0.039,146.29,2009,FD5533,Low Sugar,Canned,OUT004,Medium,Tier 2,Supermarket Type2
8.18,0.021,118.86,1998,FD3292,Low Sugar,Snack Foods,OUT002,Small,Tier 3,Food Mart
11.2,0.104,143.69,2009,FD3989,Low Sugar,Fruits and Vegetables,OUT004,Medium,Tier 2,Supermarket Type2
10.29,0.047,101.5,1998,FD1168,Low Sugar,Fruits and Vegetables,OUT002,Small,Tier 3,Food Mart
11.53,0.2,154.69,2009,FD1848,Regular,Frozen Foods,OUT004,Medium,Tier 2,Supermarket Type2
12.4,0.041,141.18,2009,FD7826,Low Sugar,Baking Goods,OUT004,Medium,Tier 2,Supermarket Type2
8.68,0.111,116.3,1998,DR8549,Low Sugar,Hard Drinks,OUT002,Small,Tier 3,Food Mart
11.24,0.071,153.15,2009,FD1125,Regular,Frozen Foods,OUT004,Medium,Tier 2,Supermarket Type2
11.45,0.039,125.43,2009,FD7268,Low Sugar,Meat,OUT004,Medium,Tier 2,Supermarket Type2
12.15,0.055,144.7,2009,FD654,Low Sugar,Snack Foods,OUT004,Medium,Tier 2,Supermarket Type2
12.55,0.019,150.82,2009,FD4992,Low Sugar,Breads,OUT004,Medium,Tier 2,Supermarket Type2
13.83,0.025,143.46,2009,FD5828,Regular,Snack Foods,OUT004,Medium,Tier 2,Supermarket Type2
6.99,0.023,90.88,1998,FD2216,Regular,Fruits and Vegetables,OUT002,Small,Tier 3,Food Mart
10.48,0.021,92.45,1998,NC7344,No Sugar,Household,OUT002,Small,Tier 3,Food Mart
14.31,0.161,110.16,2009,FD7088,Low Sugar,Fruits and Vegetables,OUT004,Medium,Tier 2,Supermarket Type2
13.12,0.036,149.56,2009,NC5441,No Sugar,Others,OUT004,Medium,Tier 2,Supermarket Type2
18.39,0.074,179.17,1999,NC960,No Sugar,Household,OUT003,Medium,Tier 1,Departmental Store
11.98,0.052,141.31,2009,FD5689,Low Sugar,Frozen Foods,OUT004,Medium,Tier 2,Supermarket Type2
13.62,0.113,114.03,2009,FD6091,Regular,Baking Goods,OUT004,Medium,Tier 2,Supermarket Type2
11.57,0.136,155.25,2009,DR3822,Low Sugar,Soft Drinks,OUT004,Medium,Tier 2,Supermarket Type2
15.67,0.078,145.48,1987,FD1591,Regular,Dairy,OUT001,High,Tier 2,Supermarket Type1
10.71,0.028,118.86,1987,NC7498,No Sugar,Health and Hygiene,OUT001,High,Tier 2,Supermarket Type1
11.88,0.062,123.43,2009,FD8033,Regular,Fruits and Vegetables,OUT004,Medium,Tier 2,Supermarket Type2
10.69,0.127,115.27,1987,FD5341,Low Sugar,Baking Goods,OUT001,High,Tier 2,Supermarket Type1
13.13,0.01,152.0,2009,FD8678,Low Sugar,Canned,OUT004,Medium,Tier 2,Supermarket Type2
15.11,0.185,123.26,2009,FD879,Low Sugar,Fruits and Vegetables,OUT004,Medium,Tier 2,Supermarket Type2
13.62,0.035,173.85,1999,FD663,Low Sugar,Snack Foods,OUT003,Medium,Tier 1,Departmental Store
11.03,0.058,166.44,2009,FD4344,Low Sugar,Fruits and Vegetables,OUT004,Medium,Tier 2,Supermarket Type2
14.69,0.037,158.44,1987,NC1673,No Sugar,Health and Hygiene,OUT001,High,Tier 2,Supermarket Type1
15.23,0.167,133.2,2009,FD6355,Regular,Snack Foods,OUT004,Medium,Tier 2,Supermarket Type2
11.84,0.108,211.87,1987,FD7651,Low Sugar,Frozen Foods,OUT001,High,Tier 2,Supermarket Type1
16.11,0.039,183.43,1999,FD2611,Low Sugar,Canned,OUT003,Medium,Tier 1,Departmental Store
13.12,0.038,148.43,2009,NC2553,No Sugar,Household,OUT004,Medium,Tier 2,Supermarket Type2
12.64,0.021,172.89,2009,FD557,Low Sugar,Starchy Foods,OUT004,Medium,Tier 2,Supermarket Type2
13.25,0.14,180.9,1999,NC7279,No Sugar,Health and Hygiene,OUT003,Medium,Tier 1,Departmental Store
8.97,0.094,67.06,1998,FD3611,Low Sugar,Baking Goods,OUT002,Small,Tier 3,Food Mart
13.92,0.074,180.0,1999,FD5181,Low Sugar,Canned,OUT003,Medium,Tier 1,Departmental Store
9.75,0.152,132.28,1987,NC6559,No Sugar,Health and Hygiene,OUT001,High,Tier 2,Supermarket Type1
13.44,0.039,187.76,1999,FD641,Low Sugar,Baking Goods,OUT003,Medium,Tier 1,Departmental Store
11.88,0.07,130.83,2009,FD7135,Regular,Snack Foods,OUT004,Medium,Tier 2,Supermarket Type2
13.28,0.029,163.0,2009,FD5948,Regular,Frozen Foods,OUT004,Medium,Tier 2,Supermarket Type2
9.89,0.104,113.13,1998,FD6217,Low Sugar,Dairy,OUT002,Small,Tier 3,Food Mart
14.39,0.043,110.8,2009,FD4658,Regular,Meat,OUT004,Medium,Tier 2,Supermarket Type2
11.94,0.08,143.98,2009,NC7522,No Sugar,Household,OUT004,Medium,Tier 2,Supermarket Type2
13.23,0.03,154.73,2009,FD6791,Low Sugar,Snack Foods,OUT004,Medium,Tier 2,Supermarket Type2
12.86,0.186,154.02,2009,FD4877,Low Sugar,Fruits and Vegetables,OUT004,Medium,Tier 2,Supermarket Type2
10.78,0.114,164.09,2009,NC6895,No Sugar,Others,OUT004,Medium,Tier 2,Supermarket Type2
11.07,0.066,87.06,1998,FD7976,Low Sugar,Dairy,OUT002,Small,Tier 3,Food Mart
11.19,0.049,95.12,1998,NC5348,No Sugar,Household,OUT002,Small,Tier 3,Food Mart
11.27,0.014,146.13,2009,FD3452,Low Sugar,Baking Goods,OUT004,Medium,Tier 2,Supermarket Type2
13.6,0.082,159.22,2009,FD7254,Low Sugar,Frozen Foods,OUT004,Medium,Tier 2,Supermarket Type2
12.05,0.032,131.9,2009,FD8508,Low Sugar,Dairy,OUT004,Medium,Tier 2,Supermarket Type2
15.72,0.042,170.4,1987,FD8711,Low Sugar,Meat,OUT001,High,Tier 2,Supermarket Type1
11.09,0.052,149.17,2009,DR7541,Low Sugar,Soft Drinks,OUT004,Medium,Tier 2,Supermarket Type2
15.56,0.075,157.89,1999,FD1170,Low Sugar,Frozen Foods,OUT003,Medium,Tier 1,Departmental Store
13.33,0.009,143.06,2009,DR2161,Low Sugar,Soft Drinks,OUT004,Medium,Tier 2,Supermarket Type2
13.49,0.03,156.83,2009,FD8282,Regular,Snack Foods,OUT004,Medium,Tier 2,Supermarket Type2
16.76,0.081,169.25,1999,FD5982,Low Sugar,Starchy Foods,OUT003,Medium,Tier 1,Departmental Store
10.18,0.152,144.85,2009,DR1894,reg,Soft Drinks,OUT004,Medium,Tier 2,Supermarket Type2
13.18,0.175,100.1,2009,NC63,No Sugar,Health and Hygiene,OUT004,Medium,Tier 2,Supermarket Type2
12.39,0.034,143.74,2009,FD7147,Low Sugar,Breads,OUT004,Medium,Tier 2,Supermarket Type2
13.15,0.113,141.61,2009,NC4379,No Sugar,Health and Hygiene,OUT004,Medium,Tier 2,Supermarket Type2
13.24,0.074,142.7,2009,NC6177,No Sugar,Household,OUT004,Medium,Tier 2,Supermarket Type2
12.12,0.076,112.44,2009,FD6555,Regular,Frozen Foods,OUT004,Medium,Tier 2,Supermarket Type2
13.04,0.019,107.5,2009,FD8132,Low Sugar,Dairy,OUT004,Medium,Tier 2,Supermarket Type2
12.38,0.071,136.45,2009,FD5290,Low Sugar,Frozen Foods,OUT004,Medium,Tier 2,Supermarket Type2
13.54,0.081,153.27,2009,FD1762,Regular,Fruits and Vegetables,OUT004,Medium,Tier 2,Supermarket Type2
10.96,0.07,135.63,2009,FD7991,Low Sugar,Fruits and Vegetables,OUT004,Medium,Tier 2,Supermarket Type2
10.81,0.089,82.99,1998,DR1910,Low Sugar,Soft Drinks,OUT002,Small,Tier 3,Food Mart
14.57,0.049,142.88,2009,NC8558,No Sugar,Household,OUT004,Medium,Tier 2,Supermarket Type2
13.45,0.092,169.24,1987,FD4851,Regular,Fruits and Vegetables,OUT001,High,Tier 2,Supermarket Type1
12.15,0.012,128.65,2009,NC6763,No Sugar,Health and Hygiene,OUT004,Medium,Tier 2,Supermarket Type2
8.66,0.052,99.31,1998,FD7615,Low Sugar,Dairy,OUT002,Small,Tier 3,Food Mart
10.13,0.015,135.17,2009,NC6456,No Sugar,Household,OUT004,Medium,Tier 2,Supermarket Type2
10.52,0.058,132.88,2009,DR837,Low Sugar,Hard Drinks,OUT004,Medium,Tier 2,Supermarket Type2
14.07,0.046,199.61,1987,FD3602,Low Sugar,Dairy,OUT001,High,Tier 2,Supermarket Type1
11.41,0.029,136.83,2009,DR913,Low Sugar,Hard Drinks,OUT004,Medium,Tier 2,Supermarket Type2
8.3,0.041,88.82,1998,FD7031,Low Sugar,Canned,OUT002,Small,Tier 3,Food Mart
13.01,0.121,166.37,2009,FD664,Low Sugar,Snack Foods,OUT004,Medium,Tier 2,Supermarket Type2
12.31,0.086,137.47,2009,FD2904,Low Sugar,Dairy,OUT004,Medium,Tier 2,Supermarket Type2
12.85,0.023,135.02,2009,DR7379,Regular,Soft Drinks,OUT004,Medium,Tier 2,Supermarket Type2
13.28,0.061,175.71,1987,FD8307,Low Sugar,Canned,OUT001,High,Tier 2,Supermarket Type1
12.6,0.025,137.95,2009,FD517,Regular,Frozen Foods,OUT004,Medium,Tier 2,Supermarket Type2
11.27,0.081,144.13,2009,FD7700,Low Sugar,Snack Foods,OUT004,Medium,Tier 2,Supermarket Type2
16.01,0.105,148.16,1999,FD5760,Low Sugar,Meat,OUT003,Medium,Tier 1,Departmental Store
13.03,0.151,129.73,2009,FD1428,Low Sugar,Breads,OUT004,Medium,Tier 2,Supermarket Type2
12.75,0.036,166.65,2009,FD1551,Low Sugar,Snack Foods,OUT004,Medium,Tier 2,Supermarket Type2
15.36,0.113,114.93,2009,FD111,Regular,Canned,OUT004,Medium,Tier 2,Supermarket Type2
13.1,0.007,176.31,1987,FD1286,Low Sugar,Dairy,OUT001,High,Tier 2,Supermarket Type1
16.04,0.051,200.74,1999,DR5209,Low Sugar,Soft Drinks,OUT003,Medium,Tier 1,Departmental Store
11.12,0.16,90.55,1998,DR2026,Low Sugar,Soft Drinks,OUT002,Small,Tier 3,Food Mart
14.31,0.031,173.3,1999,FD6364,Low Sugar,Snack Foods,OUT003,Medium,Tier 1,Departmental Store
10.78,0.154,106.5,1998,DR1883,Low Sugar,Hard Drinks,OUT002,Small,Tier 3,Food Mart
8.61,0.013,82.74,1998,FD5120,reg,Frozen Foods,OUT002,Small,Tier 3,Food Mart
12.26,0.128,146.47,2009,FD8630,Low Sugar,Fruits and Vegetables,OUT004,Medium,Tier 2,Supermarket Type2
10.49,0.016,142.38,2009,FD7582,Low Sugar,Snack Foods,OUT004,Medium,Tier 2,Supermarket Type2
9.55,0.108,92.17,1998,FD4307,Low Sugar,Canned,OUT002,Small,Tier 3,Food Mart
14.7,0.026,140.6,2009,FD3764,Low Sugar,Frozen Foods,OUT004,Medium,Tier 2,Supermarket Type2
12.39,0.188,140.38,2009,FD5633,Low Sugar,Snack Foods,OUT004,Medium,Tier 2,Supermarket Type2
15.67,0.036,180.71,1987,DR1313,Low Sugar,Hard Drinks,OUT001,High,Tier 2,Supermarket Type1
13.87,0.043,130.68,2009,FD2139,Low Sugar,Dairy,OUT004,Medium,Tier 2,Supermarket Type2
9.5,0.191,83.78,1998,FD6478,Low Sugar,Meat,OUT002,Small,Tier 3,Food Mart
14.15,0.065,216.16,1999,FD8335,Low Sugar,Fruits and Vegetables,OUT003,Medium,Tier 1,Departmental Store
15.74,0.019,208.82,1999,FD4870,Low Sugar,Snack Foods,OUT003,Medium,Tier 1,Departmental Store
13.18,0.047,164.47,2009,FD243,reg,Baking Goods,OUT004,Medium,Tier 2,Supermarket Type2
15.19,0.191,154.18,1987,FD8431,Low Sugar,Fruits and Vegetables,OUT001,High,Tier 2,Supermarket Type1
12.94,0.028,174.83,1987,DR2049,Low Sugar,Hard Drinks,OUT001,High,Tier 2,Supermarket Type1
10.32,0.063,101.95,1998,FD3394,Regular,Baking Goods,OUT002,Small,Tier 3,Food Mart
13.39,0.117,151.09,2009,FD478,Low Sugar,Dairy,OUT004,Medium,Tier 2,Supermarket Type2
15.93,0.073,117.25,2009,FD6353,Regular,Canned,OUT004,Medium,Tier 2,Supermarket Type2
14.36,0.013,110.36,2009,NC4519,No Sugar,Household,OUT004,Medium,Tier 2,Supermarket Type2
12.11,0.051,110.75,2009,FD4110,Low Sugar,Baking Goods,OUT004,Medium,Tier 2,Supermarket Type2
16.2,0.017,218.74,1999,FD8127,Low Sugar,Snack Foods,OUT003,Medium,Tier 1,Departmental Store
14.31,0.078,131.83,2009,NC6178,No Sugar,Household,OUT004,Medium,Tier 2,Supermarket Type2
12.7,0.076,128.19,2009,FD1873,Low Sugar,Canned,OUT004,Medium,Tier 2,Supermarket Type2
16.18,0.093,202.49,1999,FD3472,Low Sugar,Breads,OUT003,Medium,Tier 1,Departmental Store
9.37,0.014,102.9,1998,FD7258,Regular,Baking Goods,OUT002,Small,Tier 3,Food Mart
8.53,0.079,183.03,2009,FD6021,Regular,Meat,OUT004,Medium,Tier 2,Supermarket Type2
14.67,0.041,184.14,1987,NC1197,No Sugar,Household,OUT001,High,Tier 2,Supermarket Type1
12.69,0.184,146.86,2009,FD6665,Regular,Frozen Foods,OUT004,Medium,Tier 2,Supermarket Type2
11.3,0.029,130.27,2009,FD623,Low Sugar,Fruits and Vegetables,OUT004,Medium,Tier 2,Supermarket Type2
12.74,0.053,199.62,1998,FD339,Low Sugar,Fruits and Vegetables,OUT002,Small,Tier 3,Food Mart
11.56,0.024,93.65,1998,FD1213,Low Sugar,Fruits and Vegetables,OUT002,Small,Tier 3,Food Mart
15.91,0.09,163.64,1987,FD6639,Regular,Frozen Foods,OUT001,High,Tier 2,Supermarket Type1
14.52,0.054,184.39,1987,DR1777,Low Sugar,Soft Drinks,OUT001,High,Tier 2,Supermarket Type1
9.56,0.174,146.97,2009,FD6561,Low Sugar,Fruits and Vegetables,OUT004,Medium,Tier 2,Supermarket Type2
14.09,0.042,176.25,1987,FD96,Regular,Fruits and Vegetables,OUT001,High,Tier 2,Supermarket Type1
14.36,0.085,150.85,2009,FD6918,Regular,Breads,OUT004,Medium,Tier 2,Supermarket Type2
11.42,0.041,147.65,2009,FD326,Low Sugar,Frozen Foods,OUT004,Medium,Tier 2,Supermarket Type2
13.12,0.088,144.82,2009,DR8327,Low Sugar,Soft Drinks,OUT004,Medium,Tier 2,Supermarket Type2
10.6,0.147,146.23,2009,FD7318,Low Sugar,Dairy,OUT004,Medium,Tier 2,Supermarket Type2
17.01,0.026,175.36,1999,FD6852,Low Sugar,Canned,OUT003,Medium,Tier 1,Departmental Store
11.72,0.024,150.15,2009,FD5538,Low Sugar,Fruits and Vegetables,OUT004,Medium,Tier 2,Supermarket Type2
8.06,0.07,83.66,1998,FD877,Low Sugar,Canned,OUT002,Small,Tier 3,Food Mart
11.42,0.14,137.81,2009,NC7511,No Sugar,Household,OUT004,Medium,Tier 2,Supermarket Type2
13.54,0.031,190.24,1987,FD6285,reg,Frozen Foods,OUT001,High,Tier 2,Supermarket Type1
12.1,0.009,125.98,2009,FD1612,reg,Fruits and Vegetables,OUT004,Medium,Tier 2,Supermarket Type2
12.58,0.12,141.38,2009,DR1467,Low Sugar,Soft Drinks,OUT004,Medium,Tier 2,Supermarket Type2
9.61,0.075,114.56,1998,NC7614,No Sugar,Household,OUT002,Small,Tier 3,Food Mart
12.92,0.118,161.75,2009,NC7439,No Sugar,Household,OUT004,Medium,Tier 2,Supermarket Type2
13.5,0.048,148.26,2009,FD3684,Regular,Dairy,OUT004,Medium,Tier 2,Supermarket Type2
14.37,0.039,197.79,1987,FD4214,Regular,Fruits and Vegetables,OUT001,High,Tier 2,Supermarket Type1
13.02,0.112,161.96,2009,FD3913,Regular,Dairy,OUT004,Medium,Tier 2,Supermarket Type2
12.4,0.122,132.64,2009,FD4697,Regular,Snack Foods,OUT004,Medium,Tier 2,Supermarket Type2
11.37,0.033,122.56,2009,FD5490,Regular,Breakfast,OUT004,Medium,Tier 2,Supermarket Type2
12.51,0.121,149.62,2009,FD6351,Regular,Baking Goods,OUT004,Medium,Tier 2,Supermarket Type2
10.98,0.031,168.61,2009,FD6653,Regular,Snack Foods,OUT004,Medium,Tier 2,Supermarket Type2
13.95,0.073,104.83,2009,FD7046,Low Sugar,Breads,OUT004,Medium,Tier 2,Supermarket Type2
8.98,0.026,123.34,1998,NC2349,No Sugar,Household,OUT002,Small,Tier 3,Food Mart
15.02,0.033,187.98,1987,NC3689,No Sugar,Health and Hygiene,OUT001,High,Tier 2,Supermarket Type1
14.16,0.071,194.9,1987,FD4942,Low Sugar,Fruits and Vegetables,OUT001,High,Tier 2,Supermarket Type1
12.09,0.023,154.35,2009,FD1354,reg,Starchy Foods,OUT004,Medium,Tier 2,Supermarket Type2
15.06,0.053,164.06,1999,FD7679,Low Sugar,Fruits and Vegetables,OUT003,Medium,Tier 1,Departmental Store
13.02,0.053,150.45,2009,FD2288,Low Sugar,Breakfast,OUT004,Medium,Tier 2,Supermarket Type2
15.31,0.047,191.25,1987,FD1281,Low Sugar,Meat,OUT001,High,Tier 2,Supermarket Type1
15.63,0.106,151.5,1999,NC4115,No Sugar,Household,OUT003,Medium,Tier 1,Departmental Store
14.76,0.109,113.74,1999,NC446,No Sugar,Health and Hygiene,OUT003,Medium,Tier 1,Departmental Store
11.63,0.027,136.45,2009,FD2016,Low Sugar,Snack Foods,OUT004,Medium,Tier 2,Supermarket Type2
10.79,0.043,102.29,1998,FD4196,Low Sugar,Frozen Foods,OUT002,Small,Tier 3,Food Mart
10.19,0.031,149.76,2009,FD3967,Regular,Canned,OUT004,Medium,Tier 2,Supermarket Type2
13.63,0.085,131.89,2009,FD3672,Low Sugar,Dairy,OUT004,Medium,Tier 2,Supermarket Type2
12.15,0.015,171.07,1999,FD104,Regular,Baking Goods,OUT003,Medium,Tier 1,Departmental Store
15.85,0.034,201.73,1999,FD8133,Regular,Meat,OUT003,Medium,Tier 1,Departmental Store
13.38,0.061,150.45,2009,FD8314,Low Sugar,Canned,OUT004,Medium,Tier 2,Supermarket Type2
14.11,0.048,154.17,2009,FD1887,Low Sugar,Baking Goods,OUT004,Medium,Tier 2,Supermarket Type2
11.35,0.007,151.05,2009,FD1226,Low Sugar,Snack Foods,OUT004,Medium,Tier 2,Supermarket Type2
11.27,0.061,103.91,1998,FD4285,Low Sugar,Fruits and Vegetables,OUT002,Small,Tier 3,Food Mart
13.79,0.016,177.82,1999,FD7398,Low Sugar,Baking Goods,OUT003,Medium,Tier 1,Departmental Store
15.49,0.099,193.1,1999,FD2120,Low Sugar,Canned,OUT003,Medium,Tier 1,Departmental Store
10.97,0.024,144.32,2009,DR8440,Low Sugar,Hard Drinks,OUT004,Medium,Tier 2,Supermarket Type2
13.32,0.022,124.28,2009,FD6824,Regular,Snack Foods,OUT004,Medium,Tier 2,Supermarket Type2
13.33,0.102,154.71,2009,FD1092,Low Sugar,Meat,OUT004,Medium,Tier 2,Supermarket Type2
13.65,0.041,171.43,1987,FD5911,Low Sugar,Baking Goods,OUT001,High,Tier 2,Supermarket Type1
16.44,0.233,124.57,2009,FD6506,Low Sugar,Snack Foods,OUT004,Medium,Tier 2,Supermarket Type2
12.35,0.094,182.43,1987,FD1181,Low Sugar,Dairy,OUT001,High,Tier 2,Supermarket Type1
10.88,0.115,116.02,1987,FD639,Low Sugar,Snack Foods,OUT001,High,Tier 2,Supermarket Type1
13.17,0.047,119.32,2009,FD6554,Regular,Dairy,OUT004,Medium,Tier 2,Supermarket Type2
10.11,0.09,136.13,2009,DR1112,Low Sugar,Soft Drinks,OUT004,Medium,Tier 2,Supermarket Type2
12.54,0.043,160.15,2009,FD2265,Low Sugar,Snack Foods,OUT004,Medium,Tier 2,Supermarket Type2
14.11,0.159,146.49,2009,FD2298,Low Sugar,Baking Goods,OUT004,Medium,Tier 2,Supermarket Type2
9.04,0.016,121.11,1998,FD6586,Regular,Baking Goods,OUT002,Small,Tier 3,Food Mart
12.69,0.022,150.53,2009,NC6670,No Sugar,Health and Hygiene,OUT004,Medium,Tier 2,Supermarket Type2
11.5,0.095,186.75,1987,FD4888,Low Sugar,Dairy,OUT001,High,Tier 2,Supermarket Type1
10.46,0.026,127.12,2009,FD6830,Low Sugar,Baking Goods,OUT004,Medium,Tier 2,Supermarket Type2
11.44,0.092,102.98,1998,FD8624,Low Sugar,Frozen Foods,OUT002,Small,Tier 3,Food Mart
12.75,0.056,227.47,1999,FD8751,reg,Fruits and Vegetables,OUT003,Medium,Tier 1,Departmental Store
12.91,0.031,146.91,2009,FD5884,reg,Canned,OUT004,Medium,Tier 2,Supermarket Type2
11.96,0.018,151.35,2009,FD2956,Low Sugar,Snack Foods,OUT004,Medium,Tier 2,Supermarket Type2
14.44,0.037,163.21,1987,FD8501,Low Sugar,Meat,OUT001,High,Tier 2,Supermarket Type1
13.58,0.113,87.17,1987,FD6803,Low Sugar,Starchy Foods,OUT001,High,Tier 2,Supermarket Type1
10.22,0.024,186.52,2009,NC1739,No Sugar,Household,OUT004,Medium,Tier 2,Supermarket Type2
15.58,0.013,163.08,1999,FD6201,Low Sugar,Dairy,OUT003,Medium,Tier 1,Departmental Store
11.84,0.021,88.85,1998,FD1862,Regular,Meat,OUT002,Small,Tier 3,Food Mart
15.49,0.159,209.62,1999,FD6458,Low Sugar,Canned,OUT003,Medium,Tier 1,Departmental Store
13.08,0.051,160.56,2009,DR1086,Regular,Soft Drinks,OUT004,Medium,Tier 2,Supermarket Type2
13.14,0.131,170.49,1987,FD4339,Low Sugar,Canned,OUT001,High,Tier 2,Supermarket Type1
14.24,0.071,157.54,1987,FD5263,Regular,Dairy,OUT001,High,Tier 2,Supermarket Type1
13.25,0.2,198.32,1987,FD2329,Low Sugar,Starchy Foods,OUT001,High,Tier 2,Supermarket Type1
11.95,0.041,135.58,2009,FD3971,reg,Canned,OUT004,Medium,Tier 2,Supermarket Type2
10.21,0.081,97.17,1998,FD859,Low Sugar,Canned,OUT002,Small,Tier 3,Food Mart
14.25,0.014,135.66,2009,NC6250,No Sugar,Household,OUT004,Medium,Tier 2,Supermarket Type2
18.12,0.116,210.29,1999,FD6324,Low Sugar,Dairy,OUT003,Medium,Tier 1,Departmental Store
17.23,0.057,175.07,1999,FD7203,Low Sugar,Baking Goods,OUT003,Medium,Tier 1,Departmental Store
15.14,0.088,182.81,1987,FD1404,Regular,Snack Foods,OUT001,High,Tier 2,Supermarket Type1
11.63,0.045,103.77,1987,DR6958,Low Sugar,Soft Drinks,OUT001,High,Tier 2,Supermarket Type1
9.66,0.039,117.44,1998,FD958,Low Sugar,Snack Foods,OUT002,Small,Tier 3,Food Mart
10.18,0.077,154.03,2009,FD3245,Regular,Baking Goods,OUT004,Medium,Tier 2,Supermarket Type2
10.34,0.292,81.19,1998,FD4007,Low Sugar,Breakfast,OUT002,Small,Tier 3,Food Mart
12.62,0.086,111.48,2009,FD1831,Low Sugar,Canned,OUT004,Medium,Tier 2,Supermarket Type2
12.87,0.146,148.05,2009,FD566,Low Sugar,Meat,OUT004,Medium,Tier 2,Supermarket Type2
13.47,0.089,174.12,1987,NC1600,No Sugar,Household,OUT001,High,Tier 2,Supermarket Type1
9.68,0.03,130.73,1987,FD2719,Low Sugar,Canned,OUT001,High,Tier 2,Supermarket Type1
15.06,0.292,159.13,1999,FD4138,Low Sugar,Snack Foods,OUT003,Medium,Tier 1,Departmental Store
10.65,0.055,154.47,2009,FD3148,Low Sugar,Snack Foods,OUT004,Medium,Tier 2,Supermarket Type2
11.52,0.184,135.91,2009,FD6694,Low Sugar,Canned,OUT004,Medium,Tier 2,Supermarket Type2
8.57,0.061,120.74,1998,FD5122,Low Sugar,Frozen Foods,OUT002,Small,Tier 3,Food Mart
14.06,0.046,208.62,1999,FD971,Regular,Breads,OUT003,Medium,Tier 1,Departmental Store
14.71,0.107,193.86,1987,FD7577,Regular,Dairy,OUT001,High,Tier 2,Supermarket Type1
16.31,0.048,179.03,1999,FD1778,Regular,Fruits and Vegetables,OUT003,Medium,Tier 1,Departmental Store
7.87,0.033,96.69,1998,FD5046,Low Sugar,Canned,OUT002,Small,Tier 3,Food Mart
12.56,0.008,133.35,2009,FD1790,Regular,Snack Foods,OUT004,Medium,Tier 2,Supermarket Type2
13.91,0.01,130.9,2009,FD4401,Regular,Canned,OUT004,Medium,Tier 2,Supermarket Type2
10.21,0.026,88.16,1998,FD2513,Regular,Fruits and Vegetables,OUT002,Small,Tier 3,Food Mart
10.63,0.073,115.43,1987,NC705,No Sugar,Others,OUT001,High,Tier 2,Supermarket Type1
14.53,0.095,147.44,2009,NC826,No Sugar,Others,OUT004,Medium,Tier 2,Supermarket Type2
12.28,0.16,172.16,2009,NC5411,No Sugar,Household,OUT004,Medium,Tier 2,Supermarket Type2
13.66,0.064,149.54,2009,FD291,Low Sugar,Baking Goods,OUT004,Medium,Tier 2,Supermarket Type2
16.26,0.174,128.94,2009,FD5823,Low Sugar,Seafood,OUT004,Medium,Tier 2,Supermarket Type2
16.05,0.066,183.0,1999,FD5805,Low Sugar,Snack Foods,OUT003,Medium,Tier 1,Departmental Store
4.0,0.077,75.44,1998,FD1321,Low Sugar,Snack Foods,OUT002,Small,Tier 3,Food Mart
12.22,0.025,123.19,2009,FD7932,Low Sugar,Snack Foods,OUT004,Medium,Tier 2,Supermarket Type2
12.98,0.137,147.22,2009,FD3296,Low Sugar,Frozen Foods,OUT004,Medium,Tier 2,Supermarket Type2
12.24,0.176,122.93,2009,NC1156,No Sugar,Household,OUT004,Medium,Tier 2,Supermarket Type2
12.27,0.178,113.12,2009,DR3825,Low Sugar,Hard Drinks,OUT004,Medium,Tier 2,Supermarket Type2
10.27,0.04,169.39,2009,FD947,Low Sugar,Baking Goods,OUT004,Medium,Tier 2,Supermarket Type2
16.33,0.142,187.24,1999,NC8261,No Sugar,Household,OUT003,Medium,Tier 1,Departmental Store
13.21,0.013,113.6,2009,FD6545,Low Sugar,Canned,OUT004,Medium,Tier 2,Supermarket Type2
16.32,0.018,174.02,1987,DR8483,Regular,Soft Drinks,OUT001,High,Tier 2,Supermarket Type1
15.49,0.054,136.38,2009,FD3956,Low Sugar,Dairy,OUT004,Medium,Tier 2,Supermarket Type2
12.12,0.12,151.5,2009,FD5815,Regular,Fruits and Vegetables,OUT004,Medium,Tier 2,Supermarket Type2
9.04,0.011,81.64,1998,NC7701,No Sugar,Household,OUT002,Small,Tier 3,Food Mart
12.92,0.04,172.64,1987,DR4250,Low Sugar,Soft Drinks,OUT001,High,Tier 2,Supermarket Type1
12.92,0.064,147.15,2009,FD4158,Regular,Snack Foods,OUT004,Medium,Tier 2,Supermarket Type2
9.51,0.107,155.31,2009,NC210,No Sugar,Health and Hygiene,OUT004,Medium,Tier 2,Supermarket Type2
11.97,0.031,141.82,2009,FD8259,Low Sugar,Snack Foods,OUT004,Medium,Tier 2,Supermarket Type2
6.44,0.007,79.33,1998,FD77,Low Sugar,Dairy,OUT002,Small,Tier 3,Food Mart
12.58,0.073,118.43,2009,NC4848,No Sugar,Health and Hygiene,OUT004,Medium,Tier 2,Supermarket Type2
10.02,0.076,79.16,1998,FD4270,Low Sugar,Fruits and Vegetables,OUT002,Small,Tier 3,Food Mart
10.39,0.105,145.29,2009,DR2074,Low Sugar,Hard Drinks,OUT004,Medium,Tier 2,Supermarket Type2
12.84,0.028,135.56,2009,NC6277,No Sugar,Health and Hygiene,OUT004,Medium,Tier 2,Supermarket Type2
11.46,0.038,106.69,1987,FD4814,Regular,Fruits and Vegetables,OUT001,High,Tier 2,Supermarket Type1
15.76,0.046,176.65,1987,FD8250,Low Sugar,Snack Foods,OUT001,High,Tier 2,Supermarket Type1
12.15,0.033,120.05,1999,FD245,Low Sugar,Snack Foods,OUT003,Medium,Tier 1,Departmental Store
11.31,0.036,112.2,1987,FD7774,Low Sugar,Fruits and Vegetables,OUT001,High,Tier 2,Supermarket Type1
11.35,0.016,171.34,2009,FD2506,Low Sugar,Fruits and Vegetables,OUT004,Medium,Tier 2,Supermarket Type2
10.15,0.022,108.61,1998,FD1122,Low Sugar,Fruits and Vegetables,OUT002,Small,Tier 3,Food Mart
11.32,0.112,120.45,2009,FD4610,Regular,Snack Foods,OUT004,Medium,Tier 2,Supermarket Type2
11.04,0.024,134.17,2009,FD8012,Regular,Fruits and Vegetables,OUT004,Medium,Tier 2,Supermarket Type2
15.9,0.023,188.02,1999,FD7082,Low Sugar,Meat,OUT003,Medium,Tier 1,Departmental Store
13.86,0.124,168.03,1987,NC4613,No Sugar,Household,OUT001,High,Tier 2,Supermarket Type1
11.21,0.057,124.42,2009,FD6512,Regular,Meat,OUT004,Medium,Tier 2,Supermarket Type2
14.85,0.013,122.66,2009,FD1435,Regular,Dairy,OUT004,Medium,Tier 2,Supermarket Type2
15.05,0.12,198.53,1999,FD2338,Regular,Fruits and Vegetables,OUT003,Medium,Tier 1,Departmental Store
13.38,0.014,165.02,2009,FD7818,Regular,Canned,OUT004,Medium,Tier 2,Supermarket Type2
13.69,0.034,141.72,2009,FD7096,Low Sugar,Frozen Foods,OUT004,Medium,Tier 2,Supermarket Type2
10.78,0.152,135.65,2009,FD2470,Regular,Frozen Foods,OUT004,Medium,Tier 2,Supermarket Type2
14.68,0.027,139.47,2009,FD6425,Low Sugar,Fruits and Vegetables,OUT004,Medium,Tier 2,Supermarket Type2
11.69,0.151,144.35,2009,FD2144,Low Sugar,Breakfast,OUT004,Medium,Tier 2,Supermarket Type2
13.27,0.074,202.24,1987,FD7768,Regular,Breads,OUT001,High,Tier 2,Supermarket Type1
14.14,0.093,178.59,1999,FD6348,Low Sugar,Fruits and Vegetables,OUT003,Medium,Tier 1,Departmental Store
14.76,0.152,96.1,2009,FD5215,Regular,Snack Foods,OUT004,Medium,Tier 2,Supermarket Type2
9.35,0.126,111.24,1987,FD203,Regular,Breads,OUT001,High,Tier 2,Supermarket Type1
15.01,0.041,196.9,1999,FD7620,Regular,Meat,OUT003,Medium,Tier 1,Departmental Store
10.33,0.042,159.97,2009,FD996,Regular,Fruits and Vegetables,OUT004,Medium,Tier 2,Supermarket Type2
11.35,0.036,129.96,2009,FD8156,Low Sugar,Fruits and Vegetables,OUT004,Medium,Tier 2,Supermarket Type2
12.91,0.063,159.11,2009,FD2724,Low Sugar,Dairy,OUT004,Medium,Tier 2,Supermarket Type2
10.55,0.078,192.06,2009,FD5819,Low Sugar,Fruits and Vegetables,OUT004,Medium,Tier 2,Supermarket Type2
14.11,0.029,186.12,1987,FD4575,Low Sugar,Fruits and Vegetables,OUT001,High,Tier 2,Supermarket Type1
11.57,0.08,172.28,2009,FD1958,Low Sugar,Fruits and Vegetables,OUT004,Medium,Tier 2,Supermarket Type2
14.71,0.067,165.13,1999,FD1981,Regular,Frozen Foods,OUT003,Medium,Tier 1,Departmental Store
10.41,0.122,148.13,2009,FD2544,Low Sugar,Baking Goods,OUT004,Medium,Tier 2,Supermarket Type2
6.78,0.057,119.22,1998,FD4224,Low Sugar,Fruits and Vegetables,OUT002,Small,Tier 3,Food Mart
17.34,0.076,229.58,1999,NC8117,No Sugar,Health and Hygiene,OUT003,Medium,Tier 1,Departmental Store
16.07,0.053,200.63,1999,NC3703,No Sugar,Household,OUT003,Medium,Tier 1,Departmental Store
12.98,0.055,167.99,2009,FD8418,Regular,Meat,OUT004,Medium,Tier 2,Supermarket Type2
12.52,0.052,141.3,2009,NC3700,No Sugar,Household,OUT004,Medium,Tier 2,Supermarket Type2
15.12,0.047,208.25,1999,DR4990,Regular,Soft Drinks,OUT003,Medium,Tier 1,Departmental Store
12.39,0.014,149.52,2009,FD7170,Low Sugar,Baking Goods,OUT004,Medium,Tier 2,Supermarket Type2
9.36,0.036,122.03,1998,NC4650,No Sugar,Health and Hygiene,OUT002,Small,Tier 3,Food Mart
8.99,0.075,107.5,1998,FD83,Regular,Dairy,OUT002,Small,Tier 3,Food Mart
14.83,0.021,147.13,2009,DR7067,Regular,Soft Drinks,OUT004,Medium,Tier 2,Supermarket Type2
13.8,0.091,149.53,2009,FD798,Low Sugar,Baking Goods,OUT004,Medium,Tier 2,Supermarket Type2
15.29,0.113,155.21,1999,FD2932,Low Sugar,Baking Goods,OUT003,Medium,Tier 1,Departmental Store
15.88,0.018,155.4,1999,DR3235,Low Sugar,Soft Drinks,OUT003,Medium,Tier 1,Departmental Store
16.35,0.108,145.62,1999,FD5362,Regular,Baking Goods,OUT003,Medium,Tier 1,Departmental Store
9.14,0.055,132.11,1987,FD41,Low Sugar,Canned,OUT001,High,Tier 2,Supermarket Type1
10.94,0.015,161.22,2009,NC7264,No Sugar,Others,OUT004,Medium,Tier 2,Supermarket Type2
16.81,0.111,180.56,1999,FD7256,Low Sugar,Dairy,OUT003,Medium,Tier 1,Departmental Store
14.11,0.023,167.1,1987,FD3123,Regular,Frozen Foods,OUT001,High,Tier 2,Supermarket Type1
16.62,0.013,183.11,1999,FD6072,Regular,Frozen Foods,OUT003,Medium,Tier 1,Departmental Store
10.97,0.156,175.71,2009,FD8553,Low Sugar,Fruits and Vegetables,OUT004,Medium,Tier 2,Supermarket Type2
14.33,0.035,112.98,2009,FD550,Low Sugar,Snack Foods,OUT004,Medium,Tier 2,Supermarket Type2
11.18,0.042,115.08,1987,FD184,Low Sugar,Dairy,OUT001,High,Tier 2,Supermarket Type1
14.46,0.017,169.11,1999,FD1097,reg,Meat,OUT003,Medium,Tier 1,Departmental Store
11.42,0.081,163.88,2009,FD5489,Low Sugar,Fruits and Vegetables,OUT004,Medium,Tier 2,Supermarket Type2
13.55,0.186,66.75,1998,FD1012,Low Sugar,Baking Goods,OUT002,Small,Tier 3,Food Mart
12.11,0.129,153.05,2009,DR8423,Low Sugar,Soft Drinks,OUT004,Medium,Tier 2,Supermarket Type2
13.62,0.085,91.51,2009,DR3096,Low Sugar,Hard Drinks,OUT004,Medium,Tier 2,Supermarket Type2
14.3,0.02,126.68,2009,FD8101,Low Sugar,Dairy,OUT004,Medium,Tier 2,Supermarket Type2
14.74,0.085,187.29,1987,DR2400,Low Sugar,Hard Drinks,OUT001,High,Tier 2,Supermarket Type1
13.76,0.063,157.3,2009,FD6304,Regular,Frozen Foods,OUT004,Medium,Tier 2,Supermarket Type2
14.73,0.143,165.1,1998,FD402,Low Sugar,Snack Foods,OUT002,Small,Tier 3,Food Mart
13.27,0.07,131.16,2009,FD3466,Low Sugar,Frozen Foods,OUT004,Medium,Tier 2,Supermarket Type2
14.53,0.016,181.25,1987,FD3385,Low Sugar,Meat,OUT001,High,Tier 2,Supermarket Type1
8.9,0.032,122.61,1998,FD8299,Regular,Canned,OUT002,Small,Tier 3,Food Mart
7.14,0.011,109.27,1998,FD931,Low Sugar,Fruits and Vegetables,OUT002,Small,Tier 3,Food Mart
13.16,0.29,100.73,2009,FD5842,Regular,Meat,OUT004,Medium,Tier 2,Supermarket Type2
13.65,0.071,135.3,2009,FD8699,Low Sugar,Frozen Foods,OUT004,Medium,Tier 2,Supermarket Type2
10.03,0.096,151.05,2009,FD4815,Regular,Snack Foods,OUT004,Medium,Tier 2,Supermarket Type2
12.84,0.067,162.37,2009,FD6841,Low Sugar,Breakfast,OUT004,Medium,Tier 2,Supermarket Type2
13.48,0.024,144.6,2009,FD7189,Low Sugar,Fruits and Vegetables,OUT004,Medium,Tier 2,Supermarket Type2
13.66,0.083,176.33,1999,NC3228,No Sugar,Household,OUT003,Medium,Tier 1,Departmental Store
13.49,0.178,184.74,1999,FD8029,Low Sugar,Fruits and Vegetables,OUT003,Medium,Tier 1,Departmental Store
16.7,0.129,134.75,1987,FD2818,Regular,Frozen Foods,OUT001,High,Tier 2,Supermarket Type1
10.07,0.006,104.49,1998,FD2447,Regular,Meat,OUT002,Small,Tier 3,Food Mart
11.55,0.028,111.89,1987,FD2154,Low Sugar,Meat,OUT001,High,Tier 2,Supermarket Type1
13.32,0.025,92.42,1987,FD953,Low Sugar,Snack Foods,OUT001,High,Tier 2,Supermarket Type1
11.49,0.043,153.24,2009,NC8076,No Sugar,Household,OUT004,Medium,Tier 2,Supermarket Type2
11.93,0.058,119.61,2009,FD1992,Low Sugar,Breads,OUT004,Medium,Tier 2,Supermarket Type2
11.86,0.067,113.66,2009,FD4902,Regular,Meat,OUT004,Medium,Tier 2,Supermarket Type2
11.15,0.027,133.09,2009,FD6951,Low Sugar,Meat,OUT004,Medium,Tier 2,Supermarket Type2
10.95,0.12,121.71,2009,FD1198,Low Sugar,Canned,OUT004,Medium,Tier 2,Supermarket Type2
13.52,0.033,184.12,1999,FD2849,Regular,Meat,OUT003,Medium,Tier 1,Departmental Store
18.61,0.063,171.14,1999,NC1564,No Sugar,Others,OUT003,Medium,Tier 1,Departmental Store
12.31,0.035,136.34,2009,FD5481,Low Sugar,Breads,OUT004,Medium,Tier 2,Supermarket Type2
10.25,0.038,82.21,1998,NC3013,No Sugar,Health and Hygiene,OUT002,Small,Tier 3,Food Mart
12.19,0.039,143.54,2009,FD2095,Low Sugar,Frozen Foods,OUT004,Medium,Tier 2,Supermarket Type2
10.24,0.067,146.43,2009,NC7294,No Sugar,Household,OUT004,Medium,Tier 2,Supermarket Type2
12.64,0.141,143.37,2009,FD388,Low Sugar,Canned,OUT004,Medium,Tier 2,Supermarket Type2
14.71,0.05,167.8,1999,FD728,Regular,Meat,OUT003,Medium,Tier 1,Departmental Store
10.12,0.098,112.07,1998,FD2478,Low Sugar,Canned,OUT002,Small,Tier 3,Food Mart
16.59,0.056,185.99,1999,FD3494,Low Sugar,Canned,OUT003,Medium,Tier 1,Departmental Store
18.04,0.045,171.3,1999,FD4812,reg,Snack Foods,OUT003,Medium,Tier 1,Departmental Store
13.52,0.093,197.19,1987,FD7420,Regular,Snack Foods,OUT001,High,Tier 2,Supermarket Type1
14.31,0.035,191.13,1987,DR6590,Regular,Soft Drinks,OUT001,High,Tier 2,Supermarket Type1
13.6,0.057,168.31,1987,DR5572,Regular,Soft Drinks,OUT001,High,Tier 2,Supermarket Type1
12.85,0.074,140.26,2009,FD5010,Regular,Meat,OUT004,Medium,Tier 2,Supermarket Type2
14.09,0.017,168.81,1999,FD7622,Regular,Snack Foods,OUT003,Medium,Tier 1,Departmental Store
10.6,0.053,141.22,2009,FD1845,Low Sugar,Fruits and Vegetables,OUT004,Medium,Tier 2,Supermarket Type2
14.5,0.122,167.28,1998,FD334,Low Sugar,Canned,OUT002,Small,Tier 3,Food Mart
15.0,0.161,202.46,1999,FD5655,Low Sugar,Fruits and Vegetables,OUT003,Medium,Tier 1,Departmental Store
15.42,0.046,153.07,1999,FD5186,Low Sugar,Frozen Foods,OUT003,Medium,Tier 1,Departmental Store
9.44,0.085,118.9,1998,NC170,No Sugar,Health and Hygiene,OUT002,Small,Tier 3,Food Mart
11.44,0.096,118.25,2009,FD1504,Low Sugar,Canned,OUT004,Medium,Tier 2,Supermarket Type2
10.39,0.01,132.22,2009,FD6756,Low Sugar,Meat,OUT004,Medium,Tier 2,Supermarket Type2
11.33,0.083,161.45,2009,NC8625,No Sugar,Health and Hygiene,OUT004,Medium,Tier 2,Supermarket Type2
13.22,0.036,162.57,2009,FD7692,Regular,Fruits and Vegetables,OUT004,Medium,Tier 2,Supermarket Type2
14.38,0.055,185.57,1987,FD449,Regular,Fruits and Vegetables,OUT001,High,Tier 2,Supermarket Type1
10.19,0.025,165.24,2009,FD2566,Regular,Canned,OUT004,Medium,Tier 2,Supermarket Type2
16.95,0.034,151.42,1987,FD4157,Regular,Fruits and Vegetables,OUT001,High,Tier 2,Supermarket Type1
7.33,0.039,81.44,1998,FD1654,Regular,Meat,OUT002,Small,Tier 3,Food Mart
10.85,0.027,62.8,1998,FD6965,Low Sugar,Canned,OUT002,Small,Tier 3,Food Mart
12.91,0.017,87.98,1987,FD8706,Regular,Snack Foods,OUT001,High,Tier 2,Supermarket Type1
10.55,0.188,130.38,2009,FD5886,Low Sugar,Breads,OUT004,Medium,Tier 2,Supermarket Type2
13.72,0.057,120.09,2009,FD4878,Low Sugar,Snack Foods,OUT004,Medium,Tier 2,Supermarket Type2
12.6,0.024,144.95,2009,FD702,Regular,Fruits and Vegetables,OUT004,Medium,Tier 2,Supermarket Type2
11.63,0.004,174.42,2009,FD1419,Low Sugar,Frozen Foods,OUT004,Medium,Tier 2,Supermarket Type2
8.24,0.071,125.42,1998,FD4687,Regular,Frozen Foods,OUT002,Small,Tier 3,Food Mart
15.52,0.007,183.35,1987,NC2953,No Sugar,Others,OUT001,High,Tier 2,Supermarket Type1
10.08,0.154,119.91,1987,NC2073,No Sugar,Health and Hygiene,OUT001,High,Tier 2,Supermarket Type1
12.03,0.026,112.02,2009,NC2877,No Sugar,Health and Hygiene,OUT004,Medium,Tier 2,Supermarket Type2
15.77,0.006,158.1,1999,FD1890,Regular,Canned,OUT003,Medium,Tier 1,Departmental Store
12.95,0.034,97.63,2009,FD1884,Regular,Canned,OUT004,Medium,Tier 2,Supermarket Type2
12.26,0.055,173.11,2009,NC64,No Sugar,Household,OUT004,Medium,Tier 2,Supermarket Type2
10.69,0.039,155.64,2009,FD266,Low Sugar,Baking Goods,OUT004,Medium,Tier 2,Supermarket Type2
8.33,0.024,101.1,1998,FD4342,Regular,Seafood,OUT002,Small,Tier 3,Food Mart
15.35,0.075,158.89,1998,FD91,Low Sugar,Baking Goods,OUT002,Small,Tier 3,Food Mart
12.0,0.118,81.91,1998,NC275,No Sugar,Household,OUT002,Small,Tier 3,Food Mart
11.34,0.094,147.74,2009,FD572,Low Sugar,Baking Goods,OUT004,Medium,Tier 2,Supermarket Type2
10.47,0.063,136.4,2009,DR8688,Low Sugar,Hard Drinks,OUT004,Medium,Tier 2,Supermarket Type2
11.15,0.085,146.19,2009,FD997,Regular,Baking Goods,OUT004,Medium,Tier 2,Supermarket Type2
12.9,0.073,195.91,1987,FD3891,Low Sugar,Dairy,OUT001,High,Tier 2,Supermarket Type1
12.86,0.047,112.91,2009,FD8225,Low Sugar,Fruits and Vegetables,OUT004,Medium,Tier 2,Supermarket Type2
14.53,0.013,110.97,2009,DR5445,Low Sugar,Soft Drinks,OUT004,Medium,Tier 2,Supermarket Type2
9.22,0.016,87.04,1998,FD7835,Regular,Baking Goods,OUT002,Small,Tier 3,Food Mart
10.27,0.031,141.78,2009,FD1167,Regular,Canned,OUT004,Medium,Tier 2,Supermarket Type2
14.61,0.026,141.85,2009,FD2878,Low Sugar,Breads,OUT004,Medium,Tier 2,Supermarket Type2
15.14,0.059,103.93,2009,FD4262,Low Sugar,Dairy,OUT004,Medium,Tier 2,Supermarket Type2
14.67,0.041,156.41,1987,FD7332,Low Sugar,Fruits and Vegetables,OUT001,High,Tier 2,Supermarket Type1
16.65,0.027,166.25,1987,FD1306,Low Sugar,Fruits and Vegetables,OUT001,High,Tier 2,Supermarket Type1
10.17,0.274,77.76,1998,FD2082,Low Sugar,Breads,OUT002,Small,Tier 3,Food Mart
8.09,0.007,118.46,1998,FD8206,Low Sugar,Meat,OUT002,Small,Tier 3,Food Mart
13.77,0.065,186.41,1987,FD6804,Low Sugar,Dairy,OUT001,High,Tier 2,Supermarket Type1
11.8,0.082,163.81,2009,FD536,Regular,Seafood,OUT004,Medium,Tier 2,Supermarket Type2
8.0,0.009,105.61,1998,FD3281,Low Sugar,Fruits and Vegetables,OUT002,Small,Tier 3,Food Mart
13.15,0.016,146.39,2009,FD462,Low Sugar,Fruits and Vegetables,OUT004,Medium,Tier 2,Supermarket Type2
12.23,0.028,165.24,2009,FD2039,Low Sugar,Baking Goods,OUT004,Medium,Tier 2,Supermarket Type2
10.31,0.014,149.07,2009,FD3223,Low Sugar,Canned,OUT004,Medium,Tier 2,Supermarket Type2
12.16,0.149,132.5,2009,FD7414,Low Sugar,Canned,OUT004,Medium,Tier 2,Supermarket Type2
9.03,0.049,90.52,1998,FD6904,Low Sugar,Fruits and Vegetables,OUT002,Small,Tier 3,Food Mart
14.83,0.016,197.97,1987,FD3051,Regular,Canned,OUT001,High,Tier 2,Supermarket Type1
14.77,0.023,189.19,1987,FD3138,Low Sugar,Fruits and Vegetables,OUT001,High,Tier 2,Supermarket Type1
9.13,0.021,134.46,1987,FD1575,Low Sugar,Dairy,OUT001,High,Tier 2,Supermarket Type1
7.96,0.027,126.91,1998,FD4514,Low Sugar,Frozen Foods,OUT002,Small,Tier 3,Food Mart
11.83,0.043,153.74,2009,FD4260,Low Sugar,Canned,OUT004,Medium,Tier 2,Supermarket Type2
8.93,0.047,139.71,1987,FD7571,Low Sugar,Starchy Foods,OUT001,High,Tier 2,Supermarket Type1
12.12,0.143,147.54,2009,DR5030,Low Sugar,Soft Drinks,OUT004,Medium,Tier 2,Supermarket Type2
14.12,0.039,174.02,1999,FD4334,Regular,Meat,OUT003,Medium,Tier 1,Departmental Store
12.36,0.086,131.63,2009,FD8011,Regular,Canned,OUT004,Medium,Tier 2,Supermarket Type2
13.45,0.077,118.27,2009,FD582,Low Sugar,Fruits and Vegetables,OUT004,Medium,Tier 2,Supermarket Type2
9.44,0.03,97.25,1998,FD4915,Low Sugar,Dairy,OUT002,Small,Tier 3,Food Mart
9.95,0.115,91.46,1998,FD1144,Low Sugar,Fruits and Vegetables,OUT002,Small,Tier 3,Food Mart
9.71,0.051,202.69,1999,FD21,Regular,Frozen Foods,OUT003,Medium,Tier 1,Departmental Store
12.09,0.063,165.33,2009,NC8586,No Sugar,Others,OUT004,Medium,Tier 2,Supermarket Type2
11.44,0.038,174.75,2009,FD7436,Low Sugar,Fruits and Vegetables,OUT004,Medium,Tier 2,Supermarket Type2
12.03,0.085,169.95,2009,FD3975,Low Sugar,Meat,OUT004,Medium,Tier 2,Supermarket Type2
9.72,0.03,102.91,1998,FD5474,Low Sugar,Snack Foods,OUT002,Small,Tier 3,Food Mart
15.91,0.018,180.01,1987,FD4677,Low Sugar,Baking Goods,OUT001,High,Tier 2,Supermarket Type1
14.42,0.07,155.14,1987,FD3504,Regular,Meat,OUT001,High,Tier 2,Supermarket Type1
12.63,0.018,162.61,2009,FD5812,Low Sugar,Canned,OUT004,Medium,Tier 2,Supermarket Type2
12.8,0.046,177.69,1987,FD6976,Low Sugar,Baking Goods,OUT001,High,Tier 2,Supermarket Type1
12.11,0.038,150.48,2009,NC954,No Sugar,Household,OUT004,Medium,Tier 2,Supermarket Type2
12.19,0.115,117.35,2009,FD11,Low Sugar,Baking Goods,OUT004,Medium,Tier 2,Supermarket Type2
15.98,0.078,155.92,1999,FD4696,Low Sugar,Breads,OUT003,Medium,Tier 1,Departmental Store
15.15,0.082,151.05,1987,NC7529,No Sugar,Household,OUT001,High,Tier 2,Supermarket Type1
15.6,0.072,144.06,1987,NC7419,No Sugar,Household,OUT001,High,Tier 2,Supermarket Type1
14.58,0.044,178.61,1987,NC1924,No Sugar,Others,OUT001,High,Tier 2,Supermarket Type1
12.59,0.009,136.06,2009,FD4957,Low Sugar,Baking Goods,OUT004,Medium,Tier 2,Supermarket Type2
12.16,0.112,129.54,2009,FD6712,Regular,Dairy,OUT004,Medium,Tier 2,Supermarket Type2
10.67,0.031,118.79,1987,FD3890,Low Sugar,Baking Goods,OUT001,High,Tier 2,Supermarket Type1
10.31,0.054,138.16,2009,NC559,No Sugar,Health and Hygiene,OUT004,Medium,Tier 2,Supermarket Type2
12.8,0.066,154.24,2009,FD6563,Low Sugar,Snack Foods,OUT004,Medium,Tier 2,Supermarket Type2
13.05,0.027,155.6,2009,FD7597,Low Sugar,Fruits and Vegetables,OUT004,Medium,Tier 2,Supermarket Type2
11.93,0.055,142.75,2009,FD6301,Regular,Dairy,OUT004,Medium,Tier 2,Supermarket Type2
17.7,0.059,247.62,1999,FD7632,Low Sugar,Dairy,OUT003,Medium,Tier 1,Departmental Store
12.42,0.076,116.05,2009,FD6551,Regular,Frozen Foods,OUT004,Medium,Tier 2,Supermarket Type2
11.84,0.164,127.81,2009,FD5498,Regular,Baking Goods,OUT004,Medium,Tier 2,Supermarket Type2
13.71,0.058,176.33,1999,FD5536,reg,Baking Goods,OUT003,Medium,Tier 1,Departmental Store
16.8,0.062,170.8,1999,FD4075,Low Sugar,Meat,OUT003,Medium,Tier 1,Departmental Store
12.25,0.105,150.03,2009,FD1788,Low Sugar,Dairy,OUT004,Medium,Tier 2,Supermarket Type2
9.15,0.06,119.21,1987,FD4,Low Sugar,Dairy,OUT001,High,Tier 2,Supermarket Type1
12.86,0.021,167.93,2009,FD4896,Regular,Canned,OUT004,Medium,Tier 2,Supermarket Type2
11.12,0.071,173.06,2009,NC4226,No Sugar,Household,OUT004,Medium,Tier 2,Supermarket Type2
12.88,0.057,189.44,1999,DR6414,Regular,Hard Drinks,OUT003,Medium,Tier 1,Departmental Store
9.14,0.048,150.72,2009,FD1532,Regular,Canned,OUT004,Medium,Tier 2,Supermarket Type2
9.21,0.044,127.39,1998,FD4558,Regular,Snack Foods,OUT002,Small,Tier 3,Food Mart
14.78,0.054,135.47,2009,NC8168,No Sugar,Health and Hygiene,OUT004,Medium,Tier 2,Supermarket Type2
11.52,0.085,122.95,2009,FD3497,Low Sugar,Baking Goods,OUT004,Medium,Tier 2,Supermarket Type2
14.18,0.179,161.86,1987,FD5058,Low Sugar,Dairy,OUT001,High,Tier 2,Supermarket Type1
13.57,0.057,164.86,1987,FD5412,Regular,Meat,OUT001,High,Tier 2,Supermarket Type1
14.46,0.162,147.39,2009,FD2218,Regular,Frozen Foods,OUT004,Medium,Tier 2,Supermarket Type2
11.37,0.016,153.27,2009,NC1038,No Sugar,Household,OUT004,Medium,Tier 2,Supermarket Type2
11.47,0.065,165.48,2009,FD5073,Low Sugar,Breads,OUT004,Medium,Tier 2,Supermarket Type2
10.85,0.142,106.03,1987,FD472,Low Sugar,Fruits and Vegetables,OUT001,High,Tier 2,Supermarket Type1
13.73,0.068,185.82,1999,FD6077,Low Sugar,Snack Foods,OUT003,Medium,Tier 1,Departmental Store
10.13,0.114,163.85,2009,FD8236,Regular,Meat,OUT004,Medium,Tier 2,Supermarket Type2
11.97,0.073,169.98,2009,FD3202,Regular,Frozen Foods,OUT004,Medium,Tier 2,Supermarket Type2
11.4,0.117,143.4,2009,NC6634,No Sugar,Household,OUT004,Medium,Tier 2,Supermarket Type2
15.2,0.061,190.59,1987,FD47,Low Sugar,Snack Foods,OUT001,High,Tier 2,Supermarket Type1
16.4,0.067,143.09,1999,FD1065,Low Sugar,Canned,OUT003,Medium,Tier 1,Departmental Store
12.27,0.036,134.43,2009,FD8537,Low Sugar,Meat,OUT004,Medium,Tier 2,Supermarket Type2
13.47,0.052,156.76,2009,NC7813,No Sugar,Health and Hygiene,OUT004,Medium,Tier 2,Supermarket Type2
12.67,0.042,162.7,2009,NC6241,No Sugar,Health and Hygiene,OUT004,Medium,Tier 2,Supermarket Type2
7.66,0.068,74.61,1998,DR4728,Low Sugar,Hard Drinks,OUT002,Small,Tier 3,Food Mart
13.23,0.057,124.67,2009,FD4554,Regular,Baking Goods,OUT004,Medium,Tier 2,Supermarket Type2
12.13,0.078,77.21,1998,NC5976,No Sugar,Health and Hygiene,OUT002,Small,Tier 3,Food Mart
14.41,0.082,163.96,1987,NC3345,No Sugar,Household,OUT001,High,Tier 2,Supermarket Type1
13.92,0.172,147.74,2009,FD8602,Low Sugar,Frozen Foods,OUT004,Medium,Tier 2,Supermarket Type2
10.98,0.048,156.24,2009,FD4367,Regular,Baking Goods,OUT004,Medium,Tier 2,Supermarket Type2
10.71,0.026,152.1,2009,FD2462,Low Sugar,Baking Goods,OUT004,Medium,Tier 2,Supermarket Type2
10.77,0.141,122.49,2009,FD4542,Low Sugar,Canned,OUT004,Medium,Tier 2,Supermarket Type2
8.92,0.045,84.89,1987,DR332,Low Sugar,Soft Drinks,OUT001,High,Tier 2,Supermarket Type1
14.89,0.007,176.25,1987,NC4432,No Sugar,Household,OUT001,High,Tier 2,Supermarket Type1
9.54,0.078,132.03,1987,FD4433,Low Sugar,Baking Goods,OUT001,High,Tier 2,Supermarket Type1
15.5,0.091,160.21,1999,FD5500,Regular,Fruits and Vegetables,OUT003,Medium,Tier 1,Departmental Store
13.37,0.036,149.82,2009,FD7544,Low Sugar,Canned,OUT004,Medium,Tier 2,Supermarket Type2
11.23,0.031,107.35,1987,FD6960,Low Sugar,Breads,OUT001,High,Tier 2,Supermarket Type1
10.24,0.051,134.03,2009,NC4601,No Sugar,Health and Hygiene,OUT004,Medium,Tier 2,Supermarket Type2
14.23,0.048,173.95,1999,DR3050,Low Sugar,Soft Drinks,OUT003,Medium,Tier 1,Departmental Store
14.25,0.022,188.67,1987,DR4091,Low Sugar,Hard Drinks,OUT001,High,Tier 2,Supermarket Type1
10.22,0.053,115.57,1998,FD3359,Low Sugar,Fruits and Vegetables,OUT002,Small,Tier 3,Food Mart
15.63,0.036,156.5,1999,FD6873,Regular,Snack Foods,OUT003,Medium,Tier 1,Departmental Store
12.92,0.028,165.72,2009,FD1123,Regular,Fruits and Vegetables,OUT004,Medium,Tier 2,Supermarket Type2
8.76,0.062,149.63,2009,FD5999,Regular,Breakfast,OUT004,Medium,Tier 2,Supermarket Type2
10.91,0.104,152.46,2009,NC1858,No Sugar,Household,OUT004,Medium,Tier 2,Supermarket Type2
8.65,0.044,146.15,2009,FD8121,Regular,Fruits and Vegetables,OUT004,Medium,Tier 2,Supermarket Type2
13.51,0.013,178.92,1999,FD2597,Low Sugar,Frozen Foods,OUT003,Medium,Tier 1,Departmental Store
11.78,0.029,145.82,2009,FD2376,Regular,Fruits and Vegetables,OUT004,Medium,Tier 2,Supermarket Type2
14.85,0.035,177.97,1987,FD4794,Low Sugar,Dairy,OUT001,High,Tier 2,Supermarket Type1
15.1,0.129,171.66,1987,NC2283,No Sugar,Others,OUT001,High,Tier 2,Supermarket Type1
10.21,0.025,125.47,1987,FD7212,Low Sugar,Dairy,OUT001,High,Tier 2,Supermarket Type1
14.33,0.087,223.34,1999,FD8217,Regular,Seafood,OUT003,Medium,Tier 1,Departmental Store
14.56,0.039,156.96,1987,FD6117,Low Sugar,Baking Goods,OUT001,High,Tier 2,Supermarket Type1
15.5,0.143,163.11,1999,FD5095,Regular,Snack Foods,OUT003,Medium,Tier 1,Departmental Store
12.79,0.019,105.05,2009,FD4229,Low Sugar,Breads,OUT004,Medium,Tier 2,Supermarket Type2
8.29,0.093,114.4,1998,FD1241,Low Sugar,Frozen Foods,OUT002,Small,Tier 3,Food Mart
11.96,0.064,156.81,2009,FD7494,Low Sugar,Starchy Foods,OUT004,Medium,Tier 2,Supermarket Type2
13.77,0.131,180.91,1987,FD379,Low Sugar,Dairy,OUT001,High,Tier 2,Supermarket Type1
12.56,0.062,160.78,2009,FD5803,Low Sugar,Frozen Foods,OUT004,Medium,Tier 2,Supermarket Type2
11.2,0.12,165.72,2009,FD1008,Regular,Frozen Foods,OUT004,Medium,Tier 2,Supermarket Type2
16.27,0.03,162.6,1987,FD3955,Low Sugar,Breakfast,OUT001,High,Tier 2,Supermarket Type1
13.25,0.077,127.02,2009,FD3461,Regular,Canned,OUT004,Medium,Tier 2,Supermarket Type2
12.87,0.057,151.87,2009,FD3184,Regular,Fruits and Vegetables,OUT004,Medium,Tier 2,Supermarket Type2
11.93,0.013,147.05,2009,FD6096,Low Sugar,Breads,OUT004,Medium,Tier 2,Supermarket Type2
13.74,0.01,164.74,1987,FD2976,Low Sugar,Frozen Foods,OUT001,High,Tier 2,Supermarket Type1
12.35,0.044,137.24,2009,FD1913,Low Sugar,Fruits and Vegetables,OUT004,Medium,Tier 2,Supermarket Type2
12.64,0.09,122.19,2009,FD963,Low Sugar,Snack Foods,OUT004,Medium,Tier 2,Supermarket Type2
17.72,0.039,152.03,1999,DR4259,Low Sugar,Hard Drinks,OUT003,Medium,Tier 1,Departmental Store
8.96,0.019,178.6,2009,DR8216,Low Sugar,Soft Drinks,OUT004,Medium,Tier 2,Supermarket Type2
15.5,0.03,151.87,1987,FD1536,Low Sugar,Canned,OUT001,High,Tier 2,Supermarket Type1
11.63,0.085,83.78,1998,FD5832,Regular,Frozen Foods,OUT002,Small,Tier 3,Food Mart
12.71,0.136,134.76,2009,FD3616,Low Sugar,Starchy Foods,OUT004,Medium,Tier 2,Supermarket Type2
16.59,0.099,176.12,1999,FD5327,Regular,Canned,OUT003,Medium,Tier 1,Departmental Store
12.86,0.16,193.84,1999,FD5231,Low Sugar,Snack Foods,OUT003,Medium,Tier 1,Departmental Store
14.16,0.046,161.31,1987,FD5399,Regular,Snack Foods,OUT001,High,Tier 2,Supermarket Type1
13.13,0.033,163.4,2009,FD1996,Regular,Snack Foods,OUT004,Medium,Tier 2,Supermarket Type2
18.18,0.025,145.56,1999,FD5564,Regular,Meat,OUT003,Medium,Tier 1,Departmental Store
16.65,0.018,148.38,1999,FD6322,Low Sugar,Meat,OUT003,Medium,Tier 1,Departmental Store
11.03,0.058,155.66,2009,FD6991,Low Sugar,Frozen Foods,OUT004,Medium,Tier 2,Supermarket Type2
13.88,0.138,106.07,2009,FD8026,Low Sugar,Snack Foods,OUT004,Medium,Tier 2,Supermarket Type2
13.68,0.041,137.98,2009,FD5161,Regular,Dairy,OUT004,Medium,Tier 2,Supermarket Type2
12.02,0.133,172.95,2009,NC5198,No Sugar,Household,OUT004,Medium,Tier 2,Supermarket Type2
11.49,0.013,169.3,2009,FD2048,Low Sugar,Snack Foods,OUT004,Medium,Tier 2,Supermarket Type2
13.14,0.026,185.08,1999,FD6173,Low Sugar,Canned,OUT003,Medium,Tier 1,Departmental Store
11.93,0.032,148.77,2009,FD4948,Low Sugar,Meat,OUT004,Medium,Tier 2,Supermarket Type2
10.4,0.029,135.2,2009,FD1921,Regular,Meat,OUT004,Medium,Tier 2,Supermarket Type2
7.91,0.033,152.02,1987,FD2509,Low Sugar,Frozen Foods,OUT001,High,Tier 2,Supermarket Type1
10.34,0.05,110.02,1998,FD2089,Low Sugar,Meat,OUT002,Small,Tier 3,Food Mart
10.91,0.094,97.7,1998,DR7982,Low Sugar,Soft Drinks,OUT002,Small,Tier 3,Food Mart
12.95,0.027,168.21,1998,FD167,Low Sugar,Baking Goods,OUT002,Small,Tier 3,Food Mart
13.71,0.104,172.2,1999,NC885,No Sugar,Health and Hygiene,OUT003,Medium,Tier 1,Departmental Store
14.28,0.006,210.04,1999,FD3475,Low Sugar,Dairy,OUT003,Medium,Tier 1,Departmental Store
15.16,0.13,132.89,2009,FD2267,Regular,Meat,OUT004,Medium,Tier 2,Supermarket Type2
16.66,0.119,168.63,1987,NC888,No Sugar,Others,OUT001,High,Tier 2,Supermarket Type1
14.35,0.037,241.63,1999,NC935,No Sugar,Household,OUT003,Medium,Tier 1,Departmental Store
12.85,0.038,124.41,2009,FD1316,Low Sugar,Seafood,OUT004,Medium,Tier 2,Supermarket Type2
11.73,0.14,177.42,2009,NC4189,No Sugar,Health and Hygiene,OUT004,Medium,Tier 2,Supermarket Type2
11.95,0.081,154.0,2009,FD793,Low Sugar,Dairy,OUT004,Medium,Tier 2,Supermarket Type2
13.87,0.109,110.88,2009,FD2186,Regular,Canned,OUT004,Medium,Tier 2,Supermarket Type2
15.04,0.04,131.2,2009,FD6909,Low Sugar,Frozen Foods,OUT004,Medium,Tier 2,Supermarket Type2
13.87,0.076,170.59,1999,FD7269,Regular,Fruits and Vegetables,OUT003,Medium,Tier 1,Departmental Store
11.66,0.027,140.56,2009,DR5252,Low Sugar,Hard Drinks,OUT004,Medium,Tier 2,Supermarket Type2
13.23,0.041,196.9,1987,NC4215,No Sugar,Household,OUT001,High,Tier 2,Supermarket Type1
13.57,0.085,173.01,1987,FD4726,Low Sugar,Meat,OUT001,High,Tier 2,Supermarket Type1
17.17,0.042,130.83,1987,FD2336,Low Sugar,Fruits and Vegetables,OUT001,High,Tier 2,Supermarket Type1
15.02,0.072,174.62,1998,NC490,No Sugar,Household,OUT002,Small,Tier 3,Food Mart
13.1,0.049,170.78,1987,FD3414,Low Sugar,Snack Foods,OUT001,High,Tier 2,Supermarket Type1
12.65,0.104,124.21,2009,FD2666,Low Sugar,Breakfast,OUT004,Medium,Tier 2,Supermarket Type2
15.17,0.092,182.35,1987,FD6604,Regular,Meat,OUT001,High,Tier 2,Supermarket Type1
10.72,0.006,143.19,2009,FD6354,Low Sugar,Frozen Foods,OUT004,Medium,Tier 2,Supermarket Type2
11.65,0.084,169.04,2009,FD4248,Regular,Breakfast,OUT004,Medium,Tier 2,Supermarket Type2
9.63,0.03,101.46,1998,NC3838,No Sugar,Others,OUT002,Small,Tier 3,Food Mart
11.73,0.017,104.99,1987,FD7836,Low Sugar,Dairy,OUT001,High,Tier 2,Supermarket Type1
9.74,0.07,143.67,2009,FD1395,Low Sugar,Baking Goods,OUT004,Medium,Tier 2,Supermarket Type2
14.65,0.037,167.96,1999,NC7538,No Sugar,Household,OUT003,Medium,Tier 1,Departmental Store
14.95,0.04,183.23,1987,FD3783,Low Sugar,Snack Foods,OUT001,High,Tier 2,Supermarket Type1
14.59,0.183,161.64,1987,DR2863,Low Sugar,Hard Drinks,OUT001,High,Tier 2,Supermarket Type1
14.32,0.046,159.7,1987,FD5294,Regular,Meat,OUT001,High,Tier 2,Supermarket Type1
12.98,0.007,194.72,1987,NC573,No Sugar,Health and Hygiene,OUT001,High,Tier 2,Supermarket Type1
15.5,0.039,169.75,1987,FD8309,Low Sugar,Meat,OUT001,High,Tier 2,Supermarket Type1
17.36,0.024,208.6,1999,FD6654,Low Sugar,Breads,OUT003,Medium,Tier 1,Departmental Store
16.13,0.042,206.83,1999,FD1060,Low Sugar,Baking Goods,OUT003,Medium,Tier 1,Departmental Store
12.31,0.068,144.44,2009,FD7906,Low Sugar,Snack Foods,OUT004,Medium,Tier 2,Supermarket Type2
14.47,0.023,146.44,2009,FD5552,Regular,Fruits and Vegetables,OUT004,Medium,Tier 2,Supermarket Type2
12.37,0.083,166.94,2009,FD2879,Regular,Fruits and Vegetables,OUT004,Medium,Tier 2,Supermarket Type2
9.58,0.136,123.6,1998,FD7762,Regular,Fruits and Vegetables,OUT002,Small,Tier 3,Food Mart
11.15,0.035,204.67,1987,NC424,No Sugar,Household,OUT001,High,Tier 2,Supermarket Type1
13.31,0.011,148.87,2009,DR3915,Low Sugar,Hard Drinks,OUT004,Medium,Tier 2,Supermarket Type2
11.86,0.057,142.51,2009,NC7300,No Sugar,Household,OUT004,Medium,Tier 2,Supermarket Type2
13.81,0.035,117.24,2009,FD1506,Low Sugar,Frozen Foods,OUT004,Medium,Tier 2,Supermarket Type2
14.71,0.025,157.29,1987,NC5417,No Sugar,Household,OUT001,High,Tier 2,Supermarket Type1
16.74,0.076,161.51,1987,DR5301,Low Sugar,Soft Drinks,OUT001,High,Tier 2,Supermarket Type1
12.29,0.012,165.69,2009,FD5550,Low Sugar,Dairy,OUT004,Medium,Tier 2,Supermarket Type2
11.52,0.121,130.14,2009,FD6234,Low Sugar,Dairy,OUT004,Medium,Tier 2,Supermarket Type2
16.45,0.021,199.29,1999,FD6755,Low Sugar,Frozen Foods,OUT003,Medium,Tier 1,Departmental Store
12.33,0.063,158.14,2009,FD675,Low Sugar,Baking Goods,OUT004,Medium,Tier 2,Supermarket Type2
10.33,0.042,140.23,2009,NC6716,No Sugar,Health and Hygiene,OUT004,Medium,Tier 2,Supermarket Type2
10.49,0.089,140.01,2009,FD3946,Low Sugar,Meat,OUT004,Medium,Tier 2,Supermarket Type2
12.24,0.088,192.26,1999,FD7890,Regular,Meat,OUT003,Medium,Tier 1,Departmental Store
12.09,0.029,194.25,1999,FD843,Low Sugar,Frozen Foods,OUT003,Medium,Tier 1,Departmental Store
15.74,0.061,155.21,1999,FD7366,Low Sugar,Frozen Foods,OUT003,Medium,Tier 1,Departmental Store
11.12,0.111,97.35,1998,FD5102,Low Sugar,Dairy,OUT002,Small,Tier 3,Food Mart
11.52,0.046,145.66,2009,FD2647,Low Sugar,Snack Foods,OUT004,Medium,Tier 2,Supermarket Type2
12.25,0.094,108.07,2009,FD6995,Low Sugar,Frozen Foods,OUT004,Medium,Tier 2,Supermarket Type2
11.49,0.048,106.09,1987,FD3687,Regular,Frozen Foods,OUT001,High,Tier 2,Supermarket Type1
12.36,0.188,152.56,2009,FD2771,Low Sugar,Starchy Foods,OUT004,Medium,Tier 2,Supermarket Type2
11.54,0.08,137.17,2009,FD2116,Low Sugar,Snack Foods,OUT004,Medium,Tier 2,Supermarket Type2
16.66,0.038,162.77,1987,FD2535,Low Sugar,Baking Goods,OUT001,High,Tier 2,Supermarket Type1
7.82,0.036,102.18,1998,DR2126,reg,Hard Drinks,OUT002,Small,Tier 3,Food Mart
13.81,0.05,168.59,1987,DR683,Low Sugar,Soft Drinks,OUT001,High,Tier 2,Supermarket Type1
9.12,0.036,106.5,1998,FD3308,Regular,Frozen Foods,OUT002,Small,Tier 3,Food Mart
10.18,0.052,138.71,2009,FD3969,Low Sugar,Fruits and Vegetables,OUT004,Medium,Tier 2,Supermarket Type2
10.87,0.122,130.32,2009,FD1851,Low Sugar,Dairy,OUT004,Medium,Tier 2,Supermarket Type2
11.15,0.189,154.86,2009,FD707,Low Sugar,Canned,OUT004,Medium,Tier 2,Supermarket Type2
13.56,0.062,135.41,2009,FD8329,Regular,Seafood,OUT004,Medium,Tier 2,Supermarket Type2
14.09,0.019,137.41,2009,DR2055,Regular,Soft Drinks,OUT004,Medium,Tier 2,Supermarket Type2
8.71,0.04,98.57,1998,FD6550,Low Sugar,Frozen Foods,OUT002,Small,Tier 3,Food Mart
10.4,0.066,90.22,1998,FD1329,Regular,Canned,OUT002,Small,Tier 3,Food Mart
14.45,0.041,123.66,2009,FD989,Low Sugar,Meat,OUT004,Medium,Tier 2,Supermarket Type2
9.02,0.072,103.58,1998,FD3793,Low Sugar,Canned,OUT002,Small,Tier 3,Food Mart
12.59,0.017,140.5,1999,FD56,Low Sugar,Breakfast,OUT003,Medium,Tier 1,Departmental Store
12.43,0.128,135.64,2009,FD8125,Low Sugar,Dairy,OUT004,Medium,Tier 2,Supermarket Type2
10.71,0.009,133.26,2009,FD1515,Low Sugar,Frozen Foods,OUT004,Medium,Tier 2,Supermarket Type2
7.79,0.036,101.68,1998,FD1418,Regular,Fruits and Vegetables,OUT002,Small,Tier 3,Food Mart
10.93,0.107,131.5,2009,FD7050,Regular,Snack Foods,OUT004,Medium,Tier 2,Supermarket Type2
14.4,0.089,187.93,1987,FD5866,Low Sugar,Snack Foods,OUT001,High,Tier 2,Supermarket Type1
11.51,0.069,163.1,2009,FD7286,Regular,Seafood,OUT004,Medium,Tier 2,Supermarket Type2
11.09,0.062,132.55,2009,FD6046,Low Sugar,Meat,OUT004,Medium,Tier 2,Supermarket Type2
14.35,0.064,194.49,1987,FD4780,Regular,Canned,OUT001,High,Tier 2,Supermarket Type1
11.41,0.019,134.69,2009,FD7194,Low Sugar,Fruits and Vegetables,OUT004,Medium,Tier 2,Supermarket Type2
13.92,0.036,188.87,1987,NC6300,No Sugar,Health and Hygiene,OUT001,High,Tier 2,Supermarket Type1
15.69,0.12,161.41,1999,FD2623,Low Sugar,Baking Goods,OUT003,Medium,Tier 1,Departmental Store
12.73,0.104,149.62,2009,NC3421,No Sugar,Household,OUT004,Medium,Tier 2,Supermarket Type2
13.61,0.038,189.27,1987,FD616,Regular,Fruits and Vegetables,OUT001,High,Tier 2,Supermarket Type1
16.16,0.113,110.2,2009,FD8676,Low Sugar,Starchy Foods,OUT004,Medium,Tier 2,Supermarket Type2
10.72,0.03,99.41,1998,FD6237,Low Sugar,Frozen Foods,OUT002,Small,Tier 3,Food Mart
13.32,0.046,111.12,2009,DR4163,Low Sugar,Soft Drinks,OUT004,Medium,Tier 2,Supermarket Type2
11.76,0.091,132.54,2009,NC704,No Sugar,Health and Hygiene,OUT004,Medium,Tier 2,Supermarket Type2
13.51,0.018,186.06,1999,FD4087,Low Sugar,Snack Foods,OUT003,Medium,Tier 1,Departmental Store
11.95,0.039,137.32,1999,FD505,Regular,Starchy Foods,OUT003,Medium,Tier 1,Departmental Store
15.87,0.106,213.28,1999,FD5762,Low Sugar,Meat,OUT003,Medium,Tier 1,Departmental Store
8.41,0.09,159.61,1999,FD174,Low Sugar,Canned,OUT003,Medium,Tier 1,Departmental Store
15.59,0.019,187.02,1987,FD7539,Low Sugar,Canned,OUT001,High,Tier 2,Supermarket Type1
13.17,0.017,208.86,1987,FD7927,Regular,Frozen Foods,OUT001,High,Tier 2,Supermarket Type1
13.53,0.038,130.74,2009,FD6538,Low Sugar,Meat,OUT004,Medium,Tier 2,Supermarket Type2
15.49,0.018,173.1,1987,FD5854,Low Sugar,Snack Foods,OUT001,High,Tier 2,Supermarket Type1
12.0,0.068,106.16,1987,NC3961,No Sugar,Household,OUT001,High,Tier 2,Supermarket Type1
10.8,0.085,124.11,2009,FD4629,Low Sugar,Frozen Foods,OUT004,Medium,Tier 2,Supermarket Type2
14.25,0.053,170.39,1999,FD5945,Regular,Snack Foods,OUT003,Medium,Tier 1,Departmental Store
13.88,0.023,116.7,2009,NC847,No Sugar,Health and Hygiene,OUT004,Medium,Tier 2,Supermarket Type2
10.71,0.073,142.14,2009,NC574,No Sugar,Health and Hygiene,OUT004,Medium,Tier 2,Supermarket Type2
10.89,0.082,147.95,2009,FD8513,Regular,Baking Goods,OUT004,Medium,Tier 2,Supermarket Type2
11.42,0.16,160.7,2009,FD3112,Regular,Fruits and Vegetables,OUT004,Medium,Tier 2,Supermarket Type2
14.06,0.041,82.53,1987,NC4448,No Sugar,Health and Hygiene,OUT001,High,Tier 2,Supermarket Type1
12.38,0.015,146.22,2009,FD1178,Low Sugar,Canned,OUT004,Medium,Tier 2,Supermarket Type2
12.38,0.056,161.95,2009,FD3919,Regular,Dairy,OUT004,Medium,Tier 2,Supermarket Type2
11.56,0.114,137.97,2009,FD7044,Low Sugar,Fruits and Vegetables,OUT004,Medium,Tier 2,Supermarket Type2
9.8,0.085,114.01,1998,FD7206,Low Sugar,Fruits and Vegetables,OUT002,Small,Tier 3,Food Mart
11.15,0.107,167.36,2009,FD2540,Low Sugar,Snack Foods,OUT004,Medium,Tier 2,Supermarket Type2
12.45,0.075,130.66,2009,FD1926,Low Sugar,Fruits and Vegetables,OUT004,Medium,Tier 2,Supermarket Type2
13.33,0.136,102.39,2009,FD8090,Low Sugar,Snack Foods,OUT004,Medium,Tier 2,Supermarket Type2
14.46,0.012,140.34,2009,FD7257,Low Sugar,Meat,OUT004,Medium,Tier 2,Supermarket Type2
9.32,0.011,108.34,1998,FD5454,Low Sugar,Fruits and Vegetables,OUT002,Small,Tier 3,Food Mart
11.88,0.16,128.15,2009,FD6370,Low Sugar,Breads,OUT004,Medium,Tier 2,Supermarket Type2
10.97,0.016,138.24,2009,FD6181,Regular,Meat,OUT004,Medium,Tier 2,Supermarket Type2
12.82,0.055,115.68,2009,DR2032,Low Sugar,Soft Drinks,OUT004,Medium,Tier 2,Supermarket Type2
10.66,0.1,160.32,2009,FD8280,Low Sugar,Snack Foods,OUT004,Medium,Tier 2,Supermarket Type2
14.41,0.125,141.15,2009,FD7463,Low Sugar,Dairy,OUT004,Medium,Tier 2,Supermarket Type2
11.62,0.038,155.09,2009,FD2365,Low Sugar,Fruits and Vegetables,OUT004,Medium,Tier 2,Supermarket Type2
10.06,0.142,161.89,2009,FD2176,Low Sugar,Frozen Foods,OUT004,Medium,Tier 2,Supermarket Type2
11.36,0.094,142.11,2009,FD486,Low Sugar,Frozen Foods,OUT004,Medium,Tier 2,Supermarket Type2
9.81,0.045,176.97,2009,FD1152,Low Sugar,Snack Foods,OUT004,Medium,Tier 2,Supermarket Type2
13.97,0.034,213.63,1999,FD5747,Low Sugar,Snack Foods,OUT003,Medium,Tier 1,Departmental Store
13.2,0.028,141.04,2009,NC3496,No Sugar,Health and Hygiene,OUT004,Medium,Tier 2,Supermarket Type2
13.53,0.11,160.24,2009,FD601,Regular,Frozen Foods,OUT004,Medium,Tier 2,Supermarket Type2
7.26,0.071,120.44,1998,FD4191,Low Sugar,Dairy,OUT002,Small,Tier 3,Food Mart
12.57,0.082,129.55,2009,FD6927,Low Sugar,Meat,OUT004,Medium,Tier 2,Supermarket Type2
11.96,0.022,172.86,2009,FD3119,Low Sugar,Frozen Foods,OUT004,Medium,Tier 2,Supermarket Type2
14.86,0.07,157.62,1987,NC7941,No Sugar,Health and Hygiene,OUT001,High,Tier 2,Supermarket Type1
14.09,0.097,206.9,1999,FD6076,Low Sugar,Snack Foods,OUT003,Medium,Tier 1,Departmental Store
12.89,0.026,152.4,1998,DR3,Low Sugar,Hard Drinks,OUT002,Small,Tier 3,Food Mart
16.53,0.156,177.12,1999,FD7605,Low Sugar,Meat,OUT003,Medium,Tier 1,Departmental Store
14.46,0.075,158.71,1987,FD3669,Low Sugar,Dairy,OUT001,High,Tier 2,Supermarket Type1
14.31,0.033,151.97,2009,NC4183,No Sugar,Health and Hygiene,OUT004,Medium,Tier 2,Supermarket Type2
13.2,0.056,157.43,2009,DR7640,Regular,Soft Drinks,OUT004,Medium,Tier 2,Supermarket Type2
13.22,0.031,150.63,2009,FD3002,reg,Canned,OUT004,Medium,Tier 2,Supermarket Type2
13.78,0.102,193.91,1987,FD7785,Low Sugar,Snack Foods,OUT001,High,Tier 2,Supermarket Type1
11.74,0.026,125.81,2009,FD4822,Low Sugar,Meat,OUT004,Medium,Tier 2,Supermarket Type2
12.78,0.058,148.44,2009,FD2149,Regular,Frozen Foods,OUT004,Medium,Tier 2,Supermarket Type2
13.64,0.133,191.75,1987,FD740,Low Sugar,Dairy,OUT001,High,Tier 2,Supermarket Type1
10.62,0.061,116.5,1987,FD3377,Low Sugar,Frozen Foods,OUT001,High,Tier 2,Supermarket Type1
14.27,0.04,141.2,2009,FD6268,Regular,Canned,OUT004,Medium,Tier 2,Supermarket Type2
11.7,0.019,189.55,1987,FD1949,Low Sugar,Frozen Foods,OUT001,High,Tier 2,Supermarket Type1
14.66,0.093,122.03,2009,FD4798,Low Sugar,Snack Foods,OUT004,Medium,Tier 2,Supermarket Type2
12.71,0.15,183.32,1999,DR1427,Low Sugar,Soft Drinks,OUT003,Medium,Tier 1,Departmental Store
16.89,0.126,186.78,1999,FD4216,Regular,Dairy,OUT003,Medium,Tier 1,Departmental Store
16.8,0.033,176.82,1999,FD7654,Regular,Breakfast,OUT003,Medium,Tier 1,Departmental Store
17.79,0.119,95.09,2009,FD3771,Regular,Baking Goods,OUT004,Medium,Tier 2,Supermarket Type2
12.53,0.113,139.39,2009,NC7029,No Sugar,Household,OUT004,Medium,Tier 2,Supermarket Type2
17.97,0.049,204.44,1999,DR3159,Low Sugar,Hard Drinks,OUT003,Medium,Tier 1,Departmental Store
13.75,0.033,121.15,2009,FD6617,Regular,Canned,OUT004,Medium,Tier 2,Supermarket Type2
16.24,0.026,153.0,1999,DR7719,Low Sugar,Soft Drinks,OUT003,Medium,Tier 1,Departmental Store
12.55,0.174,140.04,2009,NC1516,No Sugar,Household,OUT004,Medium,Tier 2,Supermarket Type2
12.08,0.177,152.73,2009,NC5218,No Sugar,Household,OUT004,Medium,Tier 2,Supermarket Type2
8.35,0.185,136.18,1998,NC810,No Sugar,Household,OUT002,Small,Tier 3,Food Mart
15.62,0.021,230.65,1999,NC7003,No Sugar,Household,OUT003,Medium,Tier 1,Departmental Store
16.67,0.089,182.92,1999,FD1210,Low Sugar,Snack Foods,OUT003,Medium,Tier 1,Departmental Store
11.92,0.021,120.9,2009,FD3197,Regular,Breads,OUT004,Medium,Tier 2,Supermarket Type2
9.94,0.029,116.89,1998,FD3902,Low Sugar,Canned,OUT002,Small,Tier 3,Food Mart
13.89,0.064,123.74,2009,DR4561,Low Sugar,Soft Drinks,OUT004,Medium,Tier 2,Supermarket Type2
12.39,0.021,118.51,2009,NC6701,No Sugar,Household,OUT004,Medium,Tier 2,Supermarket Type2
7.02,0.066,101.02,1998,FD5053,Low Sugar,Snack Foods,OUT002,Small,Tier 3,Food Mart
12.79,0.045,161.31,2009,FD4090,Low Sugar,Snack Foods,OUT004,Medium,Tier 2,Supermarket Type2
14.12,0.041,156.9,2009,NC596,No Sugar,Health and Hygiene,OUT004,Medium,Tier 2,Supermarket Type2
12.56,0.032,135.83,2009,FD5711,Regular,Snack Foods,OUT004,Medium,Tier 2,Supermarket Type2
13.22,0.157,115.95,2009,NC1199,No Sugar,Household,OUT004,Medium,Tier 2,Supermarket Type2
14.16,0.01,139.42,2009,FD7865,Low Sugar,Starchy Foods,OUT004,Medium,Tier 2,Supermarket Type2
11.61,0.035,96.42,1998,NC2187,No Sugar,Health and Hygiene,OUT002,Small,Tier 3,Food Mart
16.71,0.154,157.73,1999,FD136,Low Sugar,Dairy,OUT003,Medium,Tier 1,Departmental Store
13.67,0.119,164.43,1987,FD6068,Low Sugar,Canned,OUT001,High,Tier 2,Supermarket Type1
14.06,0.056,209.76,1999,FD8716,Low Sugar,Frozen Foods,OUT003,Medium,Tier 1,Departmental Store
11.37,0.07,137.1,2009,FD6080,Regular,Frozen Foods,OUT004,Medium,Tier 2,Supermarket Type2
13.27,0.066,184.35,1999,FD6006,Low Sugar,Snack Foods,OUT003,Medium,Tier 1,Departmental Store
13.0,0.03,128.38,2009,FD1485,Low Sugar,Baking Goods,OUT004,Medium,Tier 2,Supermarket Type2
11.72,0.054,121.49,2009,FD1998,Regular,Frozen Foods,OUT004,Medium,Tier 2,Supermarket Type2
9.72,0.013,121.49,1998,FD5545,Low Sugar,Baking Goods,OUT002,Small,Tier 3,Food Mart
15.57,0.021,188.4,1999,FD6713,Low Sugar,Breakfast,OUT003,Medium,Tier 1,Departmental Store
17.29,0.018,183.51,1999,FD1567,Low Sugar,Baking Goods,OUT003,Medium,Tier 1,Departmental Store
14.45,0.017,175.47,1999,NC526,No Sugar,Household,OUT003,Medium,Tier 1,Departmental Store
15.51,0.123,162.52,1999,FD2405,Low Sugar,Baking Goods,OUT003,Medium,Tier 1,Departmental Store
14.39,0.047,158.65,1987,FD382,Low Sugar,Fruits and Vegetables,OUT001,High,Tier 2,Supermarket Type1
13.2,0.008,171.82,1987,FD6760,Regular,Fruits and Vegetables,OUT001,High,Tier 2,Supermarket Type1
12.31,0.129,105.99,2009,NC1667,No Sugar,Household,OUT004,Medium,Tier 2,Supermarket Type2
15.27,0.015,178.72,1998,FD78,Low Sugar,Frozen Foods,OUT002,Small,Tier 3,Food Mart
10.5,0.083,116.64,1999,FD590,Low Sugar,Dairy,OUT003,Medium,Tier 1,Departmental Store
13.2,0.125,150.37,2009,FD5772,Low Sugar,Dairy,OUT004,Medium,Tier 2,Supermarket Type2
11.29,0.133,170.93,2009,NC7017,No Sugar,Health and Hygiene,OUT004,Medium,Tier 2,Supermarket Type2
12.74,0.039,148.4,2009,FD7341,Low Sugar,Breads,OUT004,Medium,Tier 2,Supermarket Type2
11.18,0.046,102.45,1998,FD3469,Regular,Starchy Foods,OUT002,Small,Tier 3,Food Mart
10.73,0.053,113.31,1987,FD3303,Low Sugar,Dairy,OUT001,High,Tier 2,Supermarket Type1
9.5,0.01,111.24,1998,FD4462,Low Sugar,Snack Foods,OUT002,Small,Tier 3,Food Mart
15.61,0.044,172.4,1987,FD7665,Regular,Canned,OUT001,High,Tier 2,Supermarket Type1
13.84,0.28,113.31,2009,FD8221,Low Sugar,Dairy,OUT004,Medium,Tier 2,Supermarket Type2
12.47,0.053,173.88,2009,FD4389,Regular,Meat,OUT004,Medium,Tier 2,Supermarket Type2
12.56,0.023,134.11,2009,FD2966,Low Sugar,Meat,OUT004,Medium,Tier 2,Supermarket Type2
13.39,0.175,160.31,2009,NC5580,No Sugar,Health and Hygiene,OUT004,Medium,Tier 2,Supermarket Type2
11.97,0.022,111.78,2009,FD3983,Low Sugar,Fruits and Vegetables,OUT004,Medium,Tier 2,Supermarket Type2
11.18,0.093,137.91,2009,FD723,Low Sugar,Fruits and Vegetables,OUT004,Medium,Tier 2,Supermarket Type2
15.16,0.046,145.42,2009,NC6660,No Sugar,Household,OUT004,Medium,Tier 2,Supermarket Type2
10.82,0.057,154.82,2009,FD4657,Low Sugar,Breakfast,OUT004,Medium,Tier 2,Supermarket Type2
9.48,0.043,102.74,1998,NC4306,No Sugar,Health and Hygiene,OUT002,Small,Tier 3,Food Mart
11.9,0.142,100.77,1987,NC4570,No Sugar,Health and Hygiene,OUT001,High,Tier 2,Supermarket Type1
12.89,0.047,198.96,1987,DR5206,Low Sugar,Soft Drinks,OUT001,High,Tier 2,Supermarket Type1
16.39,0.078,183.04,1999,FD8664,Low Sugar,Baking Goods,OUT003,Medium,Tier 1,Departmental Store
9.24,0.045,130.95,1987,FD7207,Low Sugar,Fruits and Vegetables,OUT001,High,Tier 2,Supermarket Type1
9.92,0.141,94.98,1998,NC6316,No Sugar,Health and Hygiene,OUT002,Small,Tier 3,Food Mart
9.85,0.044,96.8,1998,FD8311,Regular,Meat,OUT002,Small,Tier 3,Food Mart
9.08,0.032,150.59,2009,FD5571,Regular,Baking Goods,OUT004,Medium,Tier 2,Supermarket Type2
12.52,0.024,160.88,2009,FD6525,Low Sugar,Baking Goods,OUT004,Medium,Tier 2,Supermarket Type2
12.37,0.038,129.99,2009,NC746,No Sugar,Household,OUT004,Medium,Tier 2,Supermarket Type2
13.44,0.142,150.33,2009,DR2522,reg,Soft Drinks,OUT004,Medium,Tier 2,Supermarket Type2
11.43,0.108,141.98,2009,FD1625,Low Sugar,Fruits and Vegetables,OUT004,Medium,Tier 2,Supermarket Type2
9.79,0.088,176.71,2009,NC7910,No Sugar,Household,OUT004,Medium,Tier 2,Supermarket Type2
15.48,0.057,148.8,1987,FD7167,Regular,Fruits and Vegetables,OUT001,High,Tier 2,Supermarket Type1
14.63,0.066,135.4,2009,FD7409,Low Sugar,Snack Foods,OUT004,Medium,Tier 2,Supermarket Type2
14.34,0.047,199.55,1987,NC6619,No Sugar,Household,OUT001,High,Tier 2,Supermarket Type1
14.58,0.054,139.7,2009,FD1264,Low Sugar,Frozen Foods,OUT004,Medium,Tier 2,Supermarket Type2
10.12,0.039,152.58,2009,NC1946,No Sugar,Health and Hygiene,OUT004,Medium,Tier 2,Supermarket Type2
13.16,0.019,160.93,2009,FD7209,Low Sugar,Baking Goods,OUT004,Medium,Tier 2,Supermarket Type2
13.12,0.029,142.39,2009,FD7592,Regular,Canned,OUT004,Medium,Tier 2,Supermarket Type2
12.72,0.053,147.1,2009,FD8712,Low Sugar,Baking Goods,OUT004,Medium,Tier 2,Supermarket Type2
12.04,0.022,147.49,2009,FD1699,Low Sugar,Snack Foods,OUT004,Medium,Tier 2,Supermarket Type2
12.01,0.016,131.45,2009,FD8702,Low Sugar,Dairy,OUT004,Medium,Tier 2,Supermarket Type2
16.6,0.123,199.63,1999,FD4532,Low Sugar,Frozen Foods,OUT003,Medium,Tier 1,Departmental Store
11.37,0.079,108.22,1987,FD3553,Low Sugar,Snack Foods,OUT001,High,Tier 2,Supermarket Type1
9.4,0.067,133.71,1987,FD1244,Low Sugar,Meat,OUT001,High,Tier 2,Supermarket Type1
11.39,0.026,118.84,2009,FD7176,Low Sugar,Canned,OUT004,Medium,Tier 2,Supermarket Type2
11.54,0.032,117.75,2009,FD307,Regular,Frozen Foods,OUT004,Medium,Tier 2,Supermarket Type2
14.96,0.062,250.14,1999,FD6116,Low Sugar,Dairy,OUT003,Medium,Tier 1,Departmental Store
13.54,0.093,113.6,2009,FD5653,Regular,Baking Goods,OUT004,Medium,Tier 2,Supermarket Type2
13.9,0.056,151.03,2009,FD8650,Low Sugar,Baking Goods,OUT004,Medium,Tier 2,Supermarket Type2
10.68,0.017,96.41,1998,FD3549,Low Sugar,Canned,OUT002,Small,Tier 3,Food Mart
16.51,0.075,129.85,2009,DR5085,Regular,Hard Drinks,OUT004,Medium,Tier 2,Supermarket Type2
16.29,0.184,217.94,1999,FD1368,reg,Frozen Foods,OUT003,Medium,Tier 1,Departmental Store
10.06,0.031,134.53,2009,FD8050,Low Sugar,Fruits and Vegetables,OUT004,Medium,Tier 2,Supermarket Type2
13.08,0.027,155.88,2009,FD4865,Regular,Snack Foods,OUT004,Medium,Tier 2,Supermarket Type2
14.83,0.148,181.27,1987,FD8358,Regular,Baking Goods,OUT001,High,Tier 2,Supermarket Type1
11.62,0.054,136.42,2009,FD5788,reg,Canned,OUT004,Medium,Tier 2,Supermarket Type2
14.84,0.11,167.73,1999,NC2433,No Sugar,Household,OUT003,Medium,Tier 1,Departmental Store
13.87,0.129,142.63,2009,FD992,Low Sugar,Snack Foods,OUT004,Medium,Tier 2,Supermarket Type2
8.62,0.049,141.9,1987,NC1320,No Sugar,Health and Hygiene,OUT001,High,Tier 2,Supermarket Type1
14.14,0.104,156.29,2009,FD7666,Low Sugar,Dairy,OUT004,Medium,Tier 2,Supermarket Type2
14.24,0.135,101.53,2009,FD4256,Low Sugar,Frozen Foods,OUT004,Medium,Tier 2,Supermarket Type2
12.45,0.056,83.69,1998,NC4184,No Sugar,Household,OUT002,Small,Tier 3,Food Mart
9.94,0.184,92.19,1998,FD3088,Low Sugar,Frozen Foods,OUT002,Small,Tier 3,Food Mart
8.62,0.11,74.28,1998,FD4252,Low Sugar,Snack Foods,OUT002,Small,Tier 3,Food Mart
19.4,0.059,152.22,1999,FD2194,Low Sugar,Frozen Foods,OUT003,Medium,Tier 1,Departmental Store
10.15,0.031,90.96,1998,FD4361,Regular,Fruits and Vegetables,OUT002,Small,Tier 3,Food Mart
12.51,0.039,122.83,2009,FD2861,Low Sugar,Meat,OUT004,Medium,Tier 2,Supermarket Type2
11.46,0.11,129.89,2009,DR1725,Low Sugar,Hard Drinks,OUT004,Medium,Tier 2,Supermarket Type2
13.35,0.16,157.45,2009,FD7515,Regular,Baking Goods,OUT004,Medium,Tier 2,Supermarket Type2
11.12,0.16,139.1,2009,FD4810,Low Sugar,Canned,OUT004,Medium,Tier 2,Supermarket Type2
11.95,0.08,129.5,2009,FD1608,Low Sugar,Starchy Foods,OUT004,Medium,Tier 2,Supermarket Type2
12.34,0.062,150.26,2009,NC7347,No Sugar,Health and Hygiene,OUT004,Medium,Tier 2,Supermarket Type2
12.71,0.079,136.62,2009,FD7143,Low Sugar,Fruits and Vegetables,OUT004,Medium,Tier 2,Supermarket Type2
11.8,0.033,158.74,2009,FD5606,Low Sugar,Fruits and Vegetables,OUT004,Medium,Tier 2,Supermarket Type2
15.4,0.039,156.01,1999,FD8638,Low Sugar,Frozen Foods,OUT003,Medium,Tier 1,Departmental Store
15.78,0.067,186.35,1999,NC5960,No Sugar,Health and Hygiene,OUT003,Medium,Tier 1,Departmental Store
11.13,0.088,135.51,2009,FD8360,Regular,Dairy,OUT004,Medium,Tier 2,Supermarket Type2
13.0,0.111,133.1,2009,FD2675,Low Sugar,Snack Foods,OUT004,Medium,Tier 2,Supermarket Type2
13.71,0.176,116.67,2009,NC3965,No Sugar,Health and Hygiene,OUT004,Medium,Tier 2,Supermarket Type2
13.09,0.041,134.57,2009,FD6520,Low Sugar,Dairy,OUT004,Medium,Tier 2,Supermarket Type2
16.07,0.033,185.45,1999,FD7864,Low Sugar,Snack Foods,OUT003,Medium,Tier 1,Departmental Store
12.25,0.051,161.77,2009,DR2430,Low Sugar,Hard Drinks,OUT004,Medium,Tier 2,Supermarket Type2
12.44,0.022,133.88,2009,FD6022,Low Sugar,Snack Foods,OUT004,Medium,Tier 2,Supermarket Type2
10.74,0.13,107.17,1998,DR1157,Low Sugar,Soft Drinks,OUT002,Small,Tier 3,Food Mart
6.95,0.079,50.13,1998,FD735,Low Sugar,Canned,OUT002,Small,Tier 3,Food Mart
10.2,0.077,77.01,1998,DR1798,Low Sugar,Soft Drinks,OUT002,Small,Tier 3,Food Mart
11.34,0.045,121.61,2009,FD1655,Low Sugar,Fruits and Vegetables,OUT004,Medium,Tier 2,Supermarket Type2
15.81,0.089,169.42,1987,FD3711,Low Sugar,Snack Foods,OUT001,High,Tier 2,Supermarket Type1
11.04,0.058,167.84,1999,FD487,Low Sugar,Fruits and Vegetables,OUT003,Medium,Tier 1,Departmental Store
12.77,0.112,127.22,2009,FD2117,Regular,Snack Foods,OUT004,Medium,Tier 2,Supermarket Type2
11.97,0.067,128.41,2009,DR3012,Low Sugar,Hard Drinks,OUT004,Medium,Tier 2,Supermarket Type2
12.99,0.038,155.48,2009,FD4033,Low Sugar,Meat,OUT004,Medium,Tier 2,Supermarket Type2
9.55,0.035,144.86,2009,FD3498,Regular,Dairy,OUT004,Medium,Tier 2,Supermarket Type2
12.57,0.063,162.13,2009,FD6419,Low Sugar,Snack Foods,OUT004,Medium,Tier 2,Supermarket Type2
6.71,0.129,65.21,1998,FD8116,Low Sugar,Fruits and Vegetables,OUT002,Small,Tier 3,Food Mart
12.13,0.023,159.75,2009,FD7250,Low Sugar,Dairy,OUT004,Medium,Tier 2,Supermarket Type2
12.35,0.038,124.56,1999,FD589,Regular,Canned,OUT003,Medium,Tier 1,Departmental Store
12.22,0.094,125.86,2009,FD7799,Regular,Baking Goods,OUT004,Medium,Tier 2,Supermarket Type2
12.86,0.095,178.17,1987,FD6188,Low Sugar,Baking Goods,OUT001,High,Tier 2,Supermarket Type1
10.81,0.036,121.88,2009,FD4318,Regular,Snack Foods,OUT004,Medium,Tier 2,Supermarket Type2
15.0,0.016,164.02,1999,FD1247,Regular,Fruits and Vegetables,OUT003,Medium,Tier 1,Departmental Store
13.6,0.039,114.12,2009,NC2933,No Sugar,Household,OUT004,Medium,Tier 2,Supermarket Type2
12.21,0.174,172.5,2009,FD3828,Regular,Fruits and Vegetables,OUT004,Medium,Tier 2,Supermarket Type2
15.98,0.042,195.42,1999,NC6233,No Sugar,Household,OUT003,Medium,Tier 1,Departmental Store
11.66,0.051,188.11,1987,FD2466,Low Sugar,Snack Foods,OUT001,High,Tier 2,Supermarket Type1
8.43,0.073,135.37,1998,FD3147,reg,Snack Foods,OUT002,Small,Tier 3,Food Mart
11.41,0.025,144.89,2009,FD51,Low Sugar,Canned,OUT004,Medium,Tier 2,Supermarket Type2
15.79,0.073,181.99,1987,FD4013,Low Sugar,Fruits and Vegetables,OUT001,High,Tier 2,Supermarket Type1
14.73,0.072,179.27,1987,FD3167,Low Sugar,Starchy Foods,OUT001,High,Tier 2,Supermarket Type1
16.35,0.086,142.58,1987,NC964,No Sugar,Household,OUT001,High,Tier 2,Supermarket Type1
12.11,0.014,124.62,2009,NC4762,No Sugar,Household,OUT004,Medium,Tier 2,Supermarket Type2
11.43,0.143,104.91,1987,DR2975,Regular,Hard Drinks,OUT001,High,Tier 2,Supermarket Type1
11.48,0.106,132.64,2009,FD5416,Low Sugar,Baking Goods,OUT004,Medium,Tier 2,Supermarket Type2
9.52,0.113,85.56,1998,FD7394,Low Sugar,Baking Goods,OUT002,Small,Tier 3,Food Mart
11.91,0.015,153.02,2009,FD4970,Regular,Snack Foods,OUT004,Medium,Tier 2,Supermarket Type2
10.33,0.054,151.65,1998,DR368,Regular,Soft Drinks,OUT002,Small,Tier 3,Food Mart
15.05,0.044,165.04,1999,FD8150,Regular,Meat,OUT003,Medium,Tier 1,Departmental Store
14.63,0.077,193.81,1987,FD5679,Regular,Frozen Foods,OUT001,High,Tier 2,Supermarket Type1
13.3,0.093,158.62,2009,NC8226,No Sugar,Health and Hygiene,OUT004,Medium,Tier 2,Supermarket Type2
11.4,0.016,118.04,2009,FD8213,Low Sugar,Dairy,OUT004,Medium,Tier 2,Supermarket Type2
11.49,0.12,129.33,2009,FD2523,Low Sugar,Baking Goods,OUT004,Medium,Tier 2,Supermarket Type2
14.07,0.111,185.51,1998,FD345,Low Sugar,Snack Foods,OUT002,Small,Tier 3,Food Mart
14.93,0.007,141.63,2009,FD4208,Regular,Fruits and Vegetables,OUT004,Medium,Tier 2,Supermarket Type2
16.56,0.106,159.4,1987,FD6451,Low Sugar,Fruits and Vegetables,OUT001,High,Tier 2,Supermarket Type1
10.92,0.116,132.16,2009,NC5084,No Sugar,Household,OUT004,Medium,Tier 2,Supermarket Type2
14.74,0.204,168.07,1999,DR5637,Low Sugar,Soft Drinks,OUT003,Medium,Tier 1,Departmental Store
13.95,0.021,111.9,2009,NC5070,No Sugar,Health and Hygiene,OUT004,Medium,Tier 2,Supermarket Type2
12.9,0.15,129.8,2009,FD6825,Low Sugar,Dairy,OUT004,Medium,Tier 2,Supermarket Type2
9.96,0.047,136.53,2009,FD3896,Low Sugar,Frozen Foods,OUT004,Medium,Tier 2,Supermarket Type2
10.99,0.012,170.4,2009,NC2107,No Sugar,Health and Hygiene,OUT004,Medium,Tier 2,Supermarket Type2
18.73,0.124,168.5,1999,FD4830,Regular,Dairy,OUT003,Medium,Tier 1,Departmental Store
17.73,0.032,214.33,1999,FD3501,Low Sugar,Snack Foods,OUT003,Medium,Tier 1,Departmental Store
12.72,0.071,164.03,2009,FD5727,Low Sugar,Frozen Foods,OUT004,Medium,Tier 2,Supermarket Type2
13.4,0.047,178.15,1987,FD250,Low Sugar,Frozen Foods,OUT001,High,Tier 2,Supermarket Type1
15.18,0.104,154.63,1987,FD7292,Low Sugar,Dairy,OUT001,High,Tier 2,Supermarket Type1
14.67,0.029,175.26,1999,FD5921,Low Sugar,Meat,OUT003,Medium,Tier 1,Departmental Store
11.39,0.034,137.21,2009,FD6531,Low Sugar,Fruits and Vegetables,OUT004,Medium,Tier 2,Supermarket Type2
11.74,0.176,137.3,2009,DR7120,Low Sugar,Hard Drinks,OUT004,Medium,Tier 2,Supermarket Type2
14.48,0.089,195.27,1987,FD4985,Low Sugar,Breads,OUT001,High,Tier 2,Supermarket Type1
11.53,0.036,102.32,1998,FD1817,Regular,Canned,OUT002,Small,Tier 3,Food Mart
11.68,0.044,141.82,2009,FD1299,Regular,Baking Goods,OUT004,Medium,Tier 2,Supermarket Type2
11.36,0.112,157.67,2009,FD2396,Regular,Snack Foods,OUT004,Medium,Tier 2,Supermarket Type2
12.14,0.014,140.33,2009,FD3261,Regular,Baking Goods,OUT004,Medium,Tier 2,Supermarket Type2
12.02,0.013,201.24,1999,DR3999,Regular,Soft Drinks,OUT003,Medium,Tier 1,Departmental Store
9.49,0.055,140.55,2009,FD1115,Low Sugar,Snack Foods,OUT004,Medium,Tier 2,Supermarket Type2
17.93,0.046,141.15,1987,FD7383,Regular,Fruits and Vegetables,OUT001,High,Tier 2,Supermarket Type1
11.09,0.039,129.84,2009,FD3258,Regular,Baking Goods,OUT004,Medium,Tier 2,Supermarket Type2
15.25,0.138,191.9,1987,DR12,Low Sugar,Soft Drinks,OUT001,High,Tier 2,Supermarket Type1
11.94,0.041,153.82,2009,NC2772,No Sugar,Health and Hygiene,OUT004,Medium,Tier 2,Supermarket Type2
10.46,0.047,119.9,1987,FD4100,Regular,Baking Goods,OUT001,High,Tier 2,Supermarket Type1
14.44,0.062,205.48,1999,NC7034,No Sugar,Household,OUT003,Medium,Tier 1,Departmental Store
13.75,0.161,196.84,1987,FD8436,Low Sugar,Dairy,OUT001,High,Tier 2,Supermarket Type1
11.93,0.067,143.48,2009,FD4576,Low Sugar,Breads,OUT004,Medium,Tier 2,Supermarket Type2
13.71,0.175,123.9,2009,FD4756,Low Sugar,Dairy,OUT004,Medium,Tier 2,Supermarket Type2
12.56,0.084,126.16,2009,FD3358,Low Sugar,Meat,OUT004,Medium,Tier 2,Supermarket Type2
11.48,0.074,120.47,1998,FD13,Low Sugar,Breakfast,OUT002,Small,Tier 3,Food Mart
15.3,0.093,201.26,1999,FD1002,Low Sugar,Breakfast,OUT003,Medium,Tier 1,Departmental Store
8.9,0.223,146.94,2009,FD2464,Regular,Snack Foods,OUT004,Medium,Tier 2,Supermarket Type2
11.5,0.034,115.67,2009,FD3259,Regular,Fruits and Vegetables,OUT004,Medium,Tier 2,Supermarket Type2
10.54,0.138,111.69,1998,NC1537,No Sugar,Health and Hygiene,OUT002,Small,Tier 3,Food Mart
9.5,0.11,96.12,1998,FD3105,Regular,Fruits and Vegetables,OUT002,Small,Tier 3,Food Mart
12.79,0.041,160.14,2009,NC8505,No Sugar,Health and Hygiene,OUT004,Medium,Tier 2,Supermarket Type2
15.13,0.099,148.98,1987,FD110,Low Sugar,Meat,OUT001,High,Tier 2,Supermarket Type1
11.83,0.046,149.38,2009,FD1256,Regular,Fruits and Vegetables,OUT004,Medium,Tier 2,Supermarket Type2
9.94,0.032,173.45,2009,FD8253,Low Sugar,Dairy,OUT004,Medium,Tier 2,Supermarket Type2
11.35,0.032,118.98,2009,FD5705,Low Sugar,Fruits and Vegetables,OUT004,Medium,Tier 2,Supermarket Type2
15.38,0.062,207.44,1999,NC4638,No Sugar,Health and Hygiene,OUT003,Medium,Tier 1,Departmental Store
12.46,0.017,106.03,2009,DR353,Low Sugar,Hard Drinks,OUT004,Medium,Tier 2,Supermarket Type2
12.6,0.052,122.98,2009,NC5233,No Sugar,Household,OUT004,Medium,Tier 2,Supermarket Type2
14.79,0.014,175.33,1987,FD5169,Low Sugar,Fruits and Vegetables,OUT001,High,Tier 2,Supermarket Type1
9.97,0.038,137.62,2009,FD3332,Low Sugar,Meat,OUT004,Medium,Tier 2,Supermarket Type2
10.4,0.039,131.98,2009,FD5159,Low Sugar,Dairy,OUT004,Medium,Tier 2,Supermarket Type2
13.24,0.047,125.49,2009,FD3405,Low Sugar,Meat,OUT004,Medium,Tier 2,Supermarket Type2
16.37,0.128,196.98,1999,FD6848,Regular,Baking Goods,OUT003,Medium,Tier 1,Departmental Store
15.23,0.012,187.84,1987,FD7275,Regular,Baking Goods,OUT001,High,Tier 2,Supermarket Type1
11.65,0.063,123.93,2009,FD4663,Low Sugar,Fruits and Vegetables,OUT004,Medium,Tier 2,Supermarket Type2
12.17,0.047,151.19,2009,FD52,Low Sugar,Canned,OUT004,Medium,Tier 2,Supermarket Type2
12.09,0.039,171.5,2009,FD1754,Low Sugar,Snack Foods,OUT004,Medium,Tier 2,Supermarket Type2
13.79,0.118,125.94,2009,FD5723,Low Sugar,Dairy,OUT004,Medium,Tier 2,Supermarket Type2
10.21,0.038,97.63,1998,FD3808,Low Sugar,Baking Goods,OUT002,Small,Tier 3,Food Mart
14.86,0.012,184.22,1987,DR3395,Low Sugar,Soft Drinks,OUT001,High,Tier 2,Supermarket Type1
13.35,0.034,138.98,2009,FD4412,Low Sugar,Baking Goods,OUT004,Medium,Tier 2,Supermarket Type2
12.07,0.035,155.54,2009,FD6235,Regular,Canned,OUT004,Medium,Tier 2,Supermarket Type2
9.74,0.097,95.46,1998,NC4928,No Sugar,Health and Hygiene,OUT002,Small,Tier 3,Food Mart
15.45,0.069,161.96,1999,FD7858,Low Sugar,Frozen Foods,OUT003,Medium,Tier 1,Departmental Store
9.45,0.083,133.99,1987,FD6877,Regular,Frozen Foods,OUT001,High,Tier 2,Supermarket Type1
11.82,0.025,78.52,1998,FD5178,Low Sugar,Frozen Foods,OUT002,Small,Tier 3,Food Mart
10.51,0.043,121.81,1987,FD8320,Low Sugar,Baking Goods,OUT001,High,Tier 2,Supermarket Type1
14.05,0.026,148.45,2009,FD7808,Low Sugar,Frozen Foods,OUT004,Medium,Tier 2,Supermarket Type2
16.04,0.054,173.2,1987,FD4648,Low Sugar,Snack Foods,OUT001,High,Tier 2,Supermarket Type1
11.48,0.074,101.99,1998,DR1659,Low Sugar,Hard Drinks,OUT002,Small,Tier 3,Food Mart
17.79,0.007,211.89,1999,DR600,Regular,Soft Drinks,OUT003,Medium,Tier 1,Departmental Store
13.16,0.031,178.14,1999,FD4973,Low Sugar,Snack Foods,OUT003,Medium,Tier 1,Departmental Store
10.64,0.178,120.48,1987,FD2784,Regular,Canned,OUT001,High,Tier 2,Supermarket Type1
12.45,0.123,181.21,1987,FD4414,Low Sugar,Meat,OUT001,High,Tier 2,Supermarket Type1
11.41,0.061,137.23,2009,FD2890,Low Sugar,Snack Foods,OUT004,Medium,Tier 2,Supermarket Type2
12.49,0.019,133.8,2009,NC2148,No Sugar,Health and Hygiene,OUT004,Medium,Tier 2,Supermarket Type2
10.36,0.044,132.59,2009,FD3122,Low Sugar,Dairy,OUT004,Medium,Tier 2,Supermarket Type2
9.57,0.079,172.1,1999,NC304,No Sugar,Household,OUT003,Medium,Tier 1,Departmental Store
12.5,0.03,155.12,2009,FD6144,Low Sugar,Baking Goods,OUT004,Medium,Tier 2,Supermarket Type2
11.2,0.032,96.67,1998,FD2629,Low Sugar,Snack Foods,OUT002,Small,Tier 3,Food Mart
10.2,0.088,92.62,1998,FD3393,Low Sugar,Snack Foods,OUT002,Small,Tier 3,Food Mart
12.0,0.058,110.21,2009,DR848,Low Sugar,Soft Drinks,OUT004,Medium,Tier 2,Supermarket Type2
13.37,0.064,143.54,2009,DR2375,Low Sugar,Soft Drinks,OUT004,Medium,Tier 2,Supermarket Type2
11.79,0.021,126.98,2009,FD2229,Low Sugar,Snack Foods,OUT004,Medium,Tier 2,Supermarket Type2
9.38,0.128,127.45,1987,FD6223,Low Sugar,Fruits and Vegetables,OUT001,High,Tier 2,Supermarket Type1
9.77,0.035,154.41,2009,FD7573,Low Sugar,Canned,OUT004,Medium,Tier 2,Supermarket Type2
16.19,0.006,123.22,2009,FD7638,Regular,Meat,OUT004,Medium,Tier 2,Supermarket Type2
12.06,0.025,169.22,2009,FD7266,Regular,Baking Goods,OUT004,Medium,Tier 2,Supermarket Type2
9.85,0.018,126.73,1987,FD6368,Regular,Baking Goods,OUT001,High,Tier 2,Supermarket Type1
10.78,0.118,100.72,1998,NC973,No Sugar,Household,OUT002,Small,Tier 3,Food Mart
13.98,0.106,118.7,2009,FD8684,Regular,Frozen Foods,OUT004,Medium,Tier 2,Supermarket Type2
13.48,0.113,166.99,1987,DR5877,Regular,Hard Drinks,OUT001,High,Tier 2,Supermarket Type1
12.1,0.076,113.74,2009,NC3195,No Sugar,Household,OUT004,Medium,Tier 2,Supermarket Type2
10.09,0.012,105.52,1998,FD6136,Low Sugar,Baking Goods,OUT002,Small,Tier 3,Food Mart
11.66,0.034,141.28,2009,FD4953,Regular,Frozen Foods,OUT004,Medium,Tier 2,Supermarket Type2
14.0,0.13,130.85,2009,FD5699,Low Sugar,Canned,OUT004,Medium,Tier 2,Supermarket Type2
11.42,0.021,176.93,2009,NC5407,No Sugar,Health and Hygiene,OUT004,Medium,Tier 2,Supermarket Type2
12.38,0.015,155.8,2009,FD5479,Low Sugar,Snack Foods,OUT004,Medium,Tier 2,Supermarket Type2
12.51,0.093,172.55,2009,DR5044,Low Sugar,Hard Drinks,OUT004,Medium,Tier 2,Supermarket Type2
10.38,0.013,84.65,1998,FD2893,Low Sugar,Breads,OUT002,Small,Tier 3,Food Mart
13.18,0.053,152.28,2009,FD6812,Low Sugar,Dairy,OUT004,Medium,Tier 2,Supermarket Type2
13.03,0.031,135.35,2009,FD1131,Low Sugar,Snack Foods,OUT004,Medium,Tier 2,Supermarket Type2
14.73,0.177,224.93,1998,FD306,Low Sugar,Snack Foods,OUT002,Small,Tier 3,Food Mart
13.19,0.069,117.82,2009,FD3404,Low Sugar,Dairy,OUT004,Medium,Tier 2,Supermarket Type2
13.25,0.065,160.72,2009,FD7361,Low Sugar,Fruits and Vegetables,OUT004,Medium,Tier 2,Supermarket Type2
15.61,0.031,145.71,1987,FD5589,Regular,Dairy,OUT001,High,Tier 2,Supermarket Type1
12.28,0.132,133.39,1998,FD372,Regular,Fruits and Vegetables,OUT002,Small,Tier 3,Food Mart
15.33,0.123,179.08,1987,NC2524,No Sugar,Health and Hygiene,OUT001,High,Tier 2,Supermarket Type1
13.13,0.086,161.03,2009,FD4264,Low Sugar,Snack Foods,OUT004,Medium,Tier 2,Supermarket Type2
11.27,0.019,150.47,2009,FD4529,Low Sugar,Frozen Foods,OUT004,Medium,Tier 2,Supermarket Type2
12.52,0.186,146.78,2009,NC3247,No Sugar,Health and Hygiene,OUT004,Medium,Tier 2,Supermarket Type2
12.66,0.136,129.26,2009,FD1702,Regular,Baking Goods,OUT004,Medium,Tier 2,Supermarket Type2
11.91,0.045,122.21,2009,NC2710,No Sugar,Household,OUT004,Medium,Tier 2,Supermarket Type2
17.0,0.064,225.18,1999,NC5027,No Sugar,Health and Hygiene,OUT003,Medium,Tier 1,Departmental Store
10.79,0.084,89.06,1998,NC3574,No Sugar,Health and Hygiene,OUT002,Small,Tier 3,Food Mart
9.58,0.071,153.74,2009,FD5782,Regular,Baking Goods,OUT004,Medium,Tier 2,Supermarket Type2
10.71,0.017,64.68,1998,FD6231,Regular,Baking Goods,OUT002,Small,Tier 3,Food Mart
9.42,0.006,116.4,1998,FD4976,Low Sugar,Breakfast,OUT002,Small,Tier 3,Food Mart
11.36,0.004,143.24,2009,FD3556,Low Sugar,Snack Foods,OUT004,Medium,Tier 2,Supermarket Type2
10.12,0.065,115.4,1998,FD7561,Low Sugar,Snack Foods,OUT002,Small,Tier 3,Food Mart
8.26,0.081,123.63,1998,FD7513,Regular,Canned,OUT002,Small,Tier 3,Food Mart
13.41,0.019,150.5,2009,FD4938,Low Sugar,Snack Foods,OUT004,Medium,Tier 2,Supermarket Type2
15.11,0.09,158.54,1999,FD926,Low Sugar,Fruits and Vegetables,OUT003,Medium,Tier 1,Departmental Store
9.88,0.11,94.05,1998,FD5557,Low Sugar,Dairy,OUT002,Small,Tier 3,Food Mart
11.66,0.013,162.76,2009,FD5477,Low Sugar,Baking Goods,OUT004,Medium,Tier 2,Supermarket Type2
15.81,0.172,124.71,2009,FD1300,Low Sugar,Meat,OUT004,Medium,Tier 2,Supermarket Type2
11.11,0.026,155.19,2009,FD3862,Low Sugar,Baking Goods,OUT004,Medium,Tier 2,Supermarket Type2
13.72,0.011,144.14,2009,NC6788,No Sugar,Health and Hygiene,OUT004,Medium,Tier 2,Supermarket Type2
11.33,0.041,124.97,2009,FD7765,Low Sugar,Meat,OUT004,Medium,Tier 2,Supermarket Type2
16.57,0.046,201.92,1999,FD8188,Regular,Meat,OUT003,Medium,Tier 1,Departmental Store
13.09,0.038,176.27,1987,FD5006,Low Sugar,Meat,OUT001,High,Tier 2,Supermarket Type1
12.2,0.039,118.88,2009,DR2896,Low Sugar,Hard Drinks,OUT004,Medium,Tier 2,Supermarket Type2
8.28,0.094,146.49,1987,FD7983,Regular,Canned,OUT001,High,Tier 2,Supermarket Type1
14.04,0.156,118.63,2009,FD6955,Low Sugar,Baking Goods,OUT004,Medium,Tier 2,Supermarket Type2
14.52,0.044,171.66,1999,FD5079,Low Sugar,Fruits and Vegetables,OUT003,Medium,Tier 1,Departmental Store
11.31,0.037,159.43,2009,FD5973,Low Sugar,Dairy,OUT004,Medium,Tier 2,Supermarket Type2
12.16,0.152,148.14,2009,FD4897,Low Sugar,Dairy,OUT004,Medium,Tier 2,Supermarket Type2
14.08,0.162,127.79,2009,FD775,Low Sugar,Canned,OUT004,Medium,Tier 2,Supermarket Type2
13.84,0.118,153.96,2009,FD845,Regular,Fruits and Vegetables,OUT004,Medium,Tier 2,Supermarket Type2
14.33,0.128,123.3,2009,DR8745,Low Sugar,Soft Drinks,OUT004,Medium,Tier 2,Supermarket Type2
14.32,0.103,153.19,2009,NC8495,No Sugar,Health and Hygiene,OUT004,Medium,Tier 2,Supermarket Type2
8.31,0.078,85.35,1998,DR3533,Low Sugar,Soft Drinks,OUT002,Small,Tier 3,Food Mart
11.07,0.068,160.15,2009,DR1091,Low Sugar,Soft Drinks,OUT004,Medium,Tier 2,Supermarket Type2
11.52,0.051,96.64,1998,FD8590,Low Sugar,Snack Foods,OUT002,Small,Tier 3,Food Mart
15.93,0.035,176.84,1987,FD4653,Low Sugar,Fruits and Vegetables,OUT001,High,Tier 2,Supermarket Type1
14.09,0.183,117.92,2009,DR4017,reg,Hard Drinks,OUT004,Medium,Tier 2,Supermarket Type2
13.96,0.123,164.56,1999,NC53,No Sugar,Household,OUT003,Medium,Tier 1,Departmental Store
10.96,0.035,181.43,2009,FD3911,Regular,Breads,OUT004,Medium,Tier 2,Supermarket Type2
14.98,0.086,116.36,2009,NC5926,No Sugar,Health and Hygiene,OUT004,Medium,Tier 2,Supermarket Type2
10.99,0.061,98.97,1998,FD1328,Regular,Meat,OUT002,Small,Tier 3,Food Mart
7.65,0.019,126.46,1998,FD8544,Low Sugar,Canned,OUT002,Small,Tier 3,Food Mart
11.52,0.131,161.47,2009,DR7536,Regular,Soft Drinks,OUT004,Medium,Tier 2,Supermarket Type2
14.91,0.014,202.3,1999,FD175,Regular,Meat,OUT003,Medium,Tier 1,Departmental Store
8.59,0.057,144.68,1987,FD7773,Regular,Baking Goods,OUT001,High,Tier 2,Supermarket Type1
15.33,0.01,172.3,1987,FD7200,Regular,Frozen Foods,OUT001,High,Tier 2,Supermarket Type1
11.94,0.074,126.12,2009,FD5935,Regular,Frozen Foods,OUT004,Medium,Tier 2,Supermarket Type2
17.14,0.031,206.22,1999,FD8575,Regular,Meat,OUT003,Medium,Tier 1,Departmental Store
13.76,0.034,132.72,2009,FD3200,Low Sugar,Canned,OUT004,Medium,Tier 2,Supermarket Type2
11.54,0.037,157.41,2009,FD1260,Low Sugar,Meat,OUT004,Medium,Tier 2,Supermarket Type2
12.46,0.076,145.51,2009,FD1324,Regular,Frozen Foods,OUT004,Medium,Tier 2,Supermarket Type2
11.2,0.045,131.31,2009,FD2402,Low Sugar,Snack Foods,OUT004,Medium,Tier 2,Supermarket Type2
11.55,0.037,117.57,1999,NC551,No Sugar,Health and Hygiene,OUT003,Medium,Tier 1,Departmental Store
14.8,0.051,199.65,1999,FD2562,Low Sugar,Snack Foods,OUT003,Medium,Tier 1,Departmental Store
11.28,0.031,103.88,1998,NC8507,No Sugar,Health and Hygiene,OUT002,Small,Tier 3,Food Mart
12.34,0.061,159.88,2009,NC5992,No Sugar,Household,OUT004,Medium,Tier 2,Supermarket Type2
14.03,0.039,121.62,2009,FD7769,Low Sugar,Meat,OUT004,Medium,Tier 2,Supermarket Type2
12.04,0.132,135.04,2009,FD5251,reg,Canned,OUT004,Medium,Tier 2,Supermarket Type2
13.42,0.056,192.68,1998,NC393,No Sugar,Household,OUT002,Small,Tier 3,Food Mart
9.37,0.111,135.92,1987,FD6624,Low Sugar,Dairy,OUT001,High,Tier 2,Supermarket Type1
11.95,0.036,122.77,2009,FD5466,Low Sugar,Dairy,OUT004,Medium,Tier 2,Supermarket Type2
14.23,0.022,168.63,1999,FD2215,Low Sugar,Baking Goods,OUT003,Medium,Tier 1,Departmental Store
15.11,0.032,204.18,1999,FD8715,Low Sugar,Fruits and Vegetables,OUT003,Medium,Tier 1,Departmental Store
11.33,0.103,130.86,2009,FD676,Regular,Meat,OUT004,Medium,Tier 2,Supermarket Type2
7.18,0.108,111.69,1998,FD6159,Regular,Frozen Foods,OUT002,Small,Tier 3,Food Mart
12.92,0.054,161.9,2009,FD7290,Regular,Snack Foods,OUT004,Medium,Tier 2,Supermarket Type2
11.47,0.178,194.61,1987,FD1908,Low Sugar,Meat,OUT001,High,Tier 2,Supermarket Type1
11.62,0.014,140.0,2009,DR7304,Low Sugar,Hard Drinks,OUT004,Medium,Tier 2,Supermarket Type2
9.68,0.041,160.78,2009,FD4712,Regular,Meat,OUT004,Medium,Tier 2,Supermarket Type2
13.1,0.034,167.11,2009,FD6018,Low Sugar,Baking Goods,OUT004,Medium,Tier 2,Supermarket Type2
11.62,0.184,135.03,2009,DR2947,Low Sugar,Soft Drinks,OUT004,Medium,Tier 2,Supermarket Type2
10.98,0.045,59.3,1998,FD5401,Regular,Baking Goods,OUT002,Small,Tier 3,Food Mart
14.08,0.048,121.62,2009,NC3254,No Sugar,Health and Hygiene,OUT004,Medium,Tier 2,Supermarket Type2
7.94,0.036,150.78,1987,FD1509,Low Sugar,Frozen Foods,OUT001,High,Tier 2,Supermarket Type1
12.15,0.042,93.63,1998,NC670,No Sugar,Health and Hygiene,OUT002,Small,Tier 3,Food Mart
13.01,0.013,152.14,2009,FD2111,Low Sugar,Baking Goods,OUT004,Medium,Tier 2,Supermarket Type2
12.57,0.027,136.22,2009,FD415,Regular,Meat,OUT004,Medium,Tier 2,Supermarket Type2
13.96,0.081,161.59,1987,DR8401,Regular,Soft Drinks,OUT001,High,Tier 2,Supermarket Type1
13.46,0.014,192.81,1987,FD4170,Low Sugar,Dairy,OUT001,High,Tier 2,Supermarket Type1
11.36,0.045,122.44,2009,DR4354,Low Sugar,Hard Drinks,OUT004,Medium,Tier 2,Supermarket Type2
13.12,0.056,180.78,1999,DR8622,Low Sugar,Soft Drinks,OUT003,Medium,Tier 1,Departmental Store
15.08,0.031,173.85,1987,FD7100,Low Sugar,Fruits and Vegetables,OUT001,High,Tier 2,Supermarket Type1
11.75,0.035,197.72,1999,FD4135,Low Sugar,Fruits and Vegetables,OUT003,Medium,Tier 1,Departmental Store
14.65,0.065,147.63,2009,DR6418,Regular,Soft Drinks,OUT004,Medium,Tier 2,Supermarket Type2
14.24,0.021,184.56,1987,FD7738,Low Sugar,Frozen Foods,OUT001,High,Tier 2,Supermarket Type1
15.09,0.105,194.86,1987,FD1450,Regular,Snack Foods,OUT001,High,Tier 2,Supermarket Type1
15.03,0.025,140.39,2009,FD7892,Regular,Frozen Foods,OUT004,Medium,Tier 2,Supermarket Type2
12.49,0.01,144.1,2009,FD4439,Regular,Fruits and Vegetables,OUT004,Medium,Tier 2,Supermarket Type2
18.27,0.053,198.07,1999,NC3805,No Sugar,Health and Hygiene,OUT003,Medium,Tier 1,Departmental Store
12.26,0.046,96.74,1987,FD7989,Low Sugar,Baking Goods,OUT001,High,Tier 2,Supermarket Type1
16.6,0.056,170.27,1999,FD2992,Low Sugar,Canned,OUT003,Medium,Tier 1,Departmental Store
17.14,0.036,204.78,1999,FD2223,Regular,Fruits and Vegetables,OUT003,Medium,Tier 1,Departmental Store
10.38,0.091,132.31,2009,FD7636,Regular,Meat,OUT004,Medium,Tier 2,Supermarket Type2
14.21,0.089,161.9,1987,NC3176,No Sugar,Health and Hygiene,OUT001,High,Tier 2,Supermarket Type1
14.64,0.139,126.49,2009,FD1312,Low Sugar,Baking Goods,OUT004,Medium,Tier 2,Supermarket Type2
11.01,0.125,190.92,2009,FD7024,Low Sugar,Fruits and Vegetables,OUT004,Medium,Tier 2,Supermarket Type2
12.09,0.07,138.11,2009,FD8656,Low Sugar,Fruits and Vegetables,OUT004,Medium,Tier 2,Supermarket Type2
15.48,0.012,199.52,1999,FD698,Low Sugar,Dairy,OUT003,Medium,Tier 1,Departmental Store
10.93,0.085,136.04,2009,NC5892,No Sugar,Health and Hygiene,OUT004,Medium,Tier 2,Supermarket Type2
10.95,0.063,173.24,2009,DR4764,Low Sugar,Hard Drinks,OUT004,Medium,Tier 2,Supermarket Type2
11.32,0.043,145.65,2009,FD6899,Low Sugar,Breads,OUT004,Medium,Tier 2,Supermarket Type2
13.45,0.057,141.55,2009,FD8207,Regular,Canned,OUT004,Medium,Tier 2,Supermarket Type2
13.29,0.06,112.89,2009,FD2170,Low Sugar,Snack Foods,OUT004,Medium,Tier 2,Supermarket Type2
13.88,0.27,164.6,1987,NC8438,No Sugar,Household,OUT001,High,Tier 2,Supermarket Type1
10.68,0.106,102.64,1998,NC710,No Sugar,Household,OUT002,Small,Tier 3,Food Mart
12.4,0.021,114.35,2009,FD7227,Low Sugar,Baking Goods,OUT004,Medium,Tier 2,Supermarket Type2
8.52,0.027,167.62,2009,FD2744,Low Sugar,Snack Foods,OUT004,Medium,Tier 2,Supermarket Type2
15.06,0.081,160.46,1999,FD1336,Low Sugar,Meat,OUT003,Medium,Tier 1,Departmental Store
13.65,0.038,143.94,2009,FD4190,Regular,Canned,OUT004,Medium,Tier 2,Supermarket Type2
11.65,0.063,154.33,2009,DR5590,Low Sugar,Soft Drinks,OUT004,Medium,Tier 2,Supermarket Type2
10.05,0.014,109.17,1998,FD689,Low Sugar,Dairy,OUT002,Small,Tier 3,Food Mart
8.04,0.077,101.64,1998,NC4702,No Sugar,Health and Hygiene,OUT002,Small,Tier 3,Food Mart
14.14,0.061,133.45,2009,FD2423,Low Sugar,Dairy,OUT004,Medium,Tier 2,Supermarket Type2
10.44,0.012,141.51,2009,NC5379,No Sugar,Health and Hygiene,OUT004,Medium,Tier 2,Supermarket Type2
12.63,0.05,207.07,1987,NC8355,No Sugar,Household,OUT001,High,Tier 2,Supermarket Type1
11.27,0.123,116.22,2009,DR3877,Low Sugar,Hard Drinks,OUT004,Medium,Tier 2,Supermarket Type2
12.61,0.076,122.09,2009,NC1068,No Sugar,Health and Hygiene,OUT004,Medium,Tier 2,Supermarket Type2
12.3,0.17,138.71,2009,FD2618,Regular,Canned,OUT004,Medium,Tier 2,Supermarket Type2
12.14,0.04,108.23,2009,FD3670,Low Sugar,Snack Foods,OUT004,Medium,Tier 2,Supermarket Type2
13.58,0.104,130.78,2009,FD4755,Low Sugar,Baking Goods,OUT004,Medium,Tier 2,Supermarket Type2
10.49,0.082,106.12,1998,NC2983,No Sugar,Health and Hygiene,OUT002,Small,Tier 3,Food Mart
11.09,0.045,143.38,2009,FD190,Low Sugar,Snack Foods,OUT004,Medium,Tier 2,Supermarket Type2
15.89,0.079,163.86,1987,DR3083,Low Sugar,Hard Drinks,OUT001,High,Tier 2,Supermarket Type1
15.63,0.123,173.89,1987,NC4133,No Sugar,Household,OUT001,High,Tier 2,Supermarket Type1
13.3,0.036,148.12,2009,FD1010,Regular,Fruits and Vegetables,OUT004,Medium,Tier 2,Supermarket Type2
14.23,0.072,149.17,2009,FD1959,Low Sugar,Dairy,OUT004,Medium,Tier 2,Supermarket Type2
12.45,0.025,166.5,2009,FD6162,Regular,Fruits and Vegetables,OUT004,Medium,Tier 2,Supermarket Type2
10.76,0.024,143.58,2009,FD4943,Low Sugar,Snack Foods,OUT004,Medium,Tier 2,Supermarket Type2
11.41,0.059,146.17,2009,FD6407,Low Sugar,Frozen Foods,OUT004,Medium,Tier 2,Supermarket Type2
15.05,0.076,128.5,2009,DR1177,Low Sugar,Soft Drinks,OUT004,Medium,Tier 2,Supermarket Type2
9.73,0.06,104.76,1998,FD4005,Regular,Fruits and Vegetables,OUT002,Small,Tier 3,Food Mart
12.7,0.06,121.86,2009,FD2533,Low Sugar,Baking Goods,OUT004,Medium,Tier 2,Supermarket Type2
9.11,0.016,93.27,1998,FD4757,Low Sugar,Fruits and Vegetables,OUT002,Small,Tier 3,Food Mart
7.96,0.034,86.72,1998,FD1107,Low Sugar,Fruits and Vegetables,OUT002,Small,Tier 3,Food Mart
14.38,0.035,174.47,1999,FD6560,reg,Breakfast,OUT003,Medium,Tier 1,Departmental Store
13.73,0.065,146.79,2009,FD2797,Regular,Snack Foods,OUT004,Medium,Tier 2,Supermarket Type2
12.73,0.034,154.23,2009,FD8644,Low Sugar,Fruits and Vegetables,OUT004,Medium,Tier 2,Supermarket Type2
12.27,0.066,127.65,2009,FD1455,Regular,Fruits and Vegetables,OUT004,Medium,Tier 2,Supermarket Type2
10.85,0.036,125.42,2009,FD2628,Low Sugar,Fruits and Vegetables,OUT004,Medium,Tier 2,Supermarket Type2
14.46,0.045,135.14,2009,NC4008,No Sugar,Health and Hygiene,OUT004,Medium,Tier 2,Supermarket Type2
8.67,0.18,104.04,1998,NC3390,No Sugar,Household,OUT002,Small,Tier 3,Food Mart
12.35,0.093,158.43,2009,FD4381,Low Sugar,Baking Goods,OUT004,Medium,Tier 2,Supermarket Type2
14.41,0.227,169.72,1999,FD4052,Low Sugar,Meat,OUT003,Medium,Tier 1,Departmental Store
10.29,0.121,152.06,2009,FD7449,Low Sugar,Fruits and Vegetables,OUT004,Medium,Tier 2,Supermarket Type2
12.04,0.093,166.15,2009,FD5240,Low Sugar,Canned,OUT004,Medium,Tier 2,Supermarket Type2
16.89,0.072,186.53,1999,FD2271,Low Sugar,Meat,OUT003,Medium,Tier 1,Departmental Store
8.7,0.141,75.46,1987,NC231,No Sugar,Household,OUT001,High,Tier 2,Supermarket Type1
13.11,0.089,166.4,2009,NC4855,No Sugar,Health and Hygiene,OUT004,Medium,Tier 2,Supermarket Type2
9.57,0.017,157.73,2009,NC1176,No Sugar,Household,OUT004,Medium,Tier 2,Supermarket Type2
10.22,0.08,135.08,2009,FD1413,Regular,Baking Goods,OUT004,Medium,Tier 2,Supermarket Type2
11.83,0.019,185.24,1998,FD72,Low Sugar,Starchy Foods,OUT002,Small,Tier 3,Food Mart
16.72,0.021,174.48,1999,FD1499,Low Sugar,Snack Foods,OUT003,Medium,Tier 1,Departmental Store
13.09,0.043,166.92,2009,NC2065,No Sugar,Household,OUT004,Medium,Tier 2,Supermarket Type2
10.82,0.165,124.54,2009,NC7795,No Sugar,Others,OUT004,Medium,Tier 2,Supermarket Type2
14.28,0.03,176.42,1999,FD4861,Low Sugar,Meat,OUT003,Medium,Tier 1,Departmental Store
11.97,0.008,140.76,2009,FD5569,Low Sugar,Baking Goods,OUT004,Medium,Tier 2,Supermarket Type2
11.43,0.058,154.98,2009,FD5373,Low Sugar,Baking Goods,OUT004,Medium,Tier 2,Supermarket Type2
8.83,0.128,93.56,1998,FD2716,Regular,Snack Foods,OUT002,Small,Tier 3,Food Mart
11.7,0.032,155.57,2009,FD6808,Low Sugar,Canned,OUT004,Medium,Tier 2,Supermarket Type2
16.6,0.193,190.12,1999,FD2188,Regular,Baking Goods,OUT003,Medium,Tier 1,Departmental Store
11.63,0.043,141.38,2009,FD2516,Low Sugar,Meat,OUT004,Medium,Tier 2,Supermarket Type2
12.33,0.007,175.13,2009,NC7734,No Sugar,Health and Hygiene,OUT004,Medium,Tier 2,Supermarket Type2
16.68,0.03,166.75,1987,FD2022,Regular,Frozen Foods,OUT001,High,Tier 2,Supermarket Type1
8.72,0.076,120.93,1998,FD6372,Regular,Fruits and Vegetables,OUT002,Small,Tier 3,Food Mart
14.61,0.056,166.68,1999,FD3483,Regular,Dairy,OUT003,Medium,Tier 1,Departmental Store
11.92,0.125,106.3,1987,NC4363,No Sugar,Household,OUT001,High,Tier 2,Supermarket Type1
10.25,0.128,115.45,1998,NC6037,No Sugar,Health and Hygiene,OUT002,Small,Tier 3,Food Mart
9.53,0.091,117.41,1998,FD3325,Low Sugar,Meat,OUT002,Small,Tier 3,Food Mart
12.04,0.091,126.95,2009,FD7711,Regular,Snack Foods,OUT004,Medium,Tier 2,Supermarket Type2
13.17,0.031,217.45,1998,NC39,No Sugar,Others,OUT002,Small,Tier 3,Food Mart
12.54,0.102,199.49,1987,FD6240,Regular,Canned,OUT001,High,Tier 2,Supermarket Type1
6.42,0.046,122.2,1998,FD1816,Low Sugar,Fruits and Vegetables,OUT002,Small,Tier 3,Food Mart
14.51,0.068,116.12,2009,FD8735,Regular,Frozen Foods,OUT004,Medium,Tier 2,Supermarket Type2
13.72,0.088,124.37,1999,FD191,Low Sugar,Breads,OUT003,Medium,Tier 1,Departmental Store
11.5,0.081,142.71,2009,FD8502,Low Sugar,Baking Goods,OUT004,Medium,Tier 2,Supermarket Type2
12.34,0.129,177.42,1987,DR5867,Low Sugar,Soft Drinks,OUT001,High,Tier 2,Supermarket Type1
15.45,0.073,174.69,1987,NC6491,No Sugar,Health and Hygiene,OUT001,High,Tier 2,Supermarket Type1
14.51,0.021,143.07,2009,FD8585,Regular,Meat,OUT004,Medium,Tier 2,Supermarket Type2
14.26,0.024,157.31,1987,NC8671,No Sugar,Health and Hygiene,OUT001,High,Tier 2,Supermarket Type1
11.33,0.141,158.86,2009,DR5630,Low Sugar,Soft Drinks,OUT004,Medium,Tier 2,Supermarket Type2
12.88,0.037,152.5,2009,FD7555,Regular,Baking Goods,OUT004,Medium,Tier 2,Supermarket Type2
12.46,0.035,148.49,2009,FD2761,Regular,Meat,OUT004,Medium,Tier 2,Supermarket Type2
16.03,0.053,180.73,1999,FD4293,Low Sugar,Frozen Foods,OUT003,Medium,Tier 1,Departmental Store
11.28,0.161,114.78,1987,FD1556,Low Sugar,Fruits and Vegetables,OUT001,High,Tier 2,Supermarket Type1
9.02,0.033,127.08,1998,FD4722,Regular,Fruits and Vegetables,OUT002,Small,Tier 3,Food Mart
9.88,0.03,78.94,1998,FD3309,Low Sugar,Snack Foods,OUT002,Small,Tier 3,Food Mart
14.18,0.087,153.99,2009,FD7117,Regular,Frozen Foods,OUT004,Medium,Tier 2,Supermarket Type2
13.45,0.173,181.9,1999,NC3190,No Sugar,Household,OUT003,Medium,Tier 1,Departmental Store
10.21,0.025,139.46,2009,FD1614,Regular,Fruits and Vegetables,OUT004,Medium,Tier 2,Supermarket Type2
10.96,0.011,106.66,1998,NC3269,No Sugar,Others,OUT002,Small,Tier 3,Food Mart
13.11,0.041,150.25,2009,NC4280,No Sugar,Household,OUT004,Medium,Tier 2,Supermarket Type2
8.98,0.085,114.61,1998,DR5925,Low Sugar,Soft Drinks,OUT002,Small,Tier 3,Food Mart
11.8,0.046,126.14,1998,NC144,No Sugar,Others,OUT002,Small,Tier 3,Food Mart
13.82,0.035,151.48,2009,NC443,No Sugar,Household,OUT004,Medium,Tier 2,Supermarket Type2
14.97,0.019,190.03,1987,FD6907,Low Sugar,Dairy,OUT001,High,Tier 2,Supermarket Type1
13.95,0.046,145.36,2009,FD8120,Regular,Frozen Foods,OUT004,Medium,Tier 2,Supermarket Type2
9.92,0.015,113.94,1998,NC3412,No Sugar,Household,OUT002,Small,Tier 3,Food Mart
12.84,0.02,131.99,2009,NC2746,No Sugar,Household,OUT004,Medium,Tier 2,Supermarket Type2
12.54,0.045,172.34,2009,FD4164,Low Sugar,Meat,OUT004,Medium,Tier 2,Supermarket Type2
14.07,0.042,196.37,1987,FD5468,Regular,Fruits and Vegetables,OUT001,High,Tier 2,Supermarket Type1
11.48,0.014,136.32,2009,FD5493,Low Sugar,Fruits and Vegetables,OUT004,Medium,Tier 2,Supermarket Type2
12.34,0.087,156.41,2009,NC4526,No Sugar,Health and Hygiene,OUT004,Medium,Tier 2,Supermarket Type2
13.93,0.037,164.37,1987,DR4602,Low Sugar,Hard Drinks,OUT001,High,Tier 2,Supermarket Type1
7.9,0.131,120.62,1998,FD5235,Regular,Snack Foods,OUT002,Small,Tier 3,Food Mart
10.76,0.055,157.81,2009,FD543,Regular,Frozen Foods,OUT004,Medium,Tier 2,Supermarket Type2
14.53,0.071,138.65,2009,FD8659,Low Sugar,Snack Foods,OUT004,Medium,Tier 2,Supermarket Type2
13.15,0.053,199.53,1987,FD6382,Low Sugar,Fruits and Vegetables,OUT001,High,Tier 2,Supermarket Type1
11.65,0.045,105.07,1987,FD1046,Low Sugar,Frozen Foods,OUT001,High,Tier 2,Supermarket Type1
9.86,0.034,113.58,1998,NC2300,No Sugar,Household,OUT002,Small,Tier 3,Food Mart
12.58,0.077,129.5,2009,FD7261,Regular,Frozen Foods,OUT004,Medium,Tier 2,Supermarket Type2
12.71,0.093,150.64,2009,NC3301,No Sugar,Household,OUT004,Medium,Tier 2,Supermarket Type2
11.09,0.063,135.74,2009,FD7459,Low Sugar,Breads,OUT004,Medium,Tier 2,Supermarket Type2
14.98,0.011,241.12,1999,FD3760,Low Sugar,Frozen Foods,OUT003,Medium,Tier 1,Departmental Store
12.91,0.029,153.4,2009,NC4225,No Sugar,Household,OUT004,Medium,Tier 2,Supermarket Type2
11.45,0.078,127.67,1999,FD27,Regular,Dairy,OUT003,Medium,Tier 1,Departmental Store
9.61,0.011,134.49,2009,FD8069,Low Sugar,Snack Foods,OUT004,Medium,Tier 2,Supermarket Type2
13.39,0.072,125.38,2009,FD2847,Regular,Baking Goods,OUT004,Medium,Tier 2,Supermarket Type2
15.41,0.121,181.15,1987,FD4327,Low Sugar,Dairy,OUT001,High,Tier 2,Supermarket Type1
12.5,0.063,163.97,2009,FD1095,Low Sugar,Frozen Foods,OUT004,Medium,Tier 2,Supermarket Type2
9.83,0.031,137.1,2009,FD5173,Regular,Frozen Foods,OUT004,Medium,Tier 2,Supermarket Type2
15.59,0.05,180.74,1987,FD7272,Regular,Fruits and Vegetables,OUT001,High,Tier 2,Supermarket Type1
13.49,0.074,93.44,2009,NC5610,No Sugar,Others,OUT004,Medium,Tier 2,Supermarket Type2
12.45,0.025,166.62,2009,FD3873,Low Sugar,Dairy,OUT004,Medium,Tier 2,Supermarket Type2
12.55,0.188,160.6,2009,FD738,Low Sugar,Meat,OUT004,Medium,Tier 2,Supermarket Type2
8.98,0.052,110.57,1998,NC2769,No Sugar,Household,OUT002,Small,Tier 3,Food Mart
13.65,0.091,153.58,2009,FD7114,Low Sugar,Fruits and Vegetables,OUT004,Medium,Tier 2,Supermarket Type2
12.59,0.026,163.47,2009,DR2373,Regular,Soft Drinks,OUT004,Medium,Tier 2,Supermarket Type2
9.44,0.067,117.62,1998,NC7357,No Sugar,Household,OUT002,Small,Tier 3,Food Mart
10.83,0.017,137.39,2009,FD8648,Low Sugar,Dairy,OUT004,Medium,Tier 2,Supermarket Type2
15.83,0.122,155.41,1999,FD8265,Regular,Fruits and Vegetables,OUT003,Medium,Tier 1,Departmental Store
16.34,0.03,147.96,1999,FD6081,Low Sugar,Frozen Foods,OUT003,Medium,Tier 1,Departmental Store
13.28,0.137,157.24,2009,FD5190,Regular,Baking Goods,OUT004,Medium,Tier 2,Supermarket Type2
12.95,0.008,144.94,2009,FD8393,Low Sugar,Breakfast,OUT004,Medium,Tier 2,Supermarket Type2
11.58,0.102,161.45,2009,DR439,Low Sugar,Soft Drinks,OUT004,Medium,Tier 2,Supermarket Type2
13.0,0.038,156.84,2009,FD4545,Low Sugar,Fruits and Vegetables,OUT004,Medium,Tier 2,Supermarket Type2
11.36,0.057,120.57,2009,FD4619,Regular,Meat,OUT004,Medium,Tier 2,Supermarket Type2
12.49,0.057,134.26,2009,NC6054,No Sugar,Others,OUT004,Medium,Tier 2,Supermarket Type2
15.14,0.051,148.7,1987,FD7593,Low Sugar,Frozen Foods,OUT001,High,Tier 2,Supermarket Type1
12.83,0.162,147.06,2009,FD3241,Low Sugar,Baking Goods,OUT004,Medium,Tier 2,Supermarket Type2
11.11,0.023,161.74,2009,DR8395,Regular,Hard Drinks,OUT004,Medium,Tier 2,Supermarket Type2
13.13,0.013,125.84,2009,DR1691,Regular,Hard Drinks,OUT004,Medium,Tier 2,Supermarket Type2
14.91,0.038,149.75,1987,FD3606,Regular,Snack Foods,OUT001,High,Tier 2,Supermarket Type1
14.14,0.058,153.07,2009,DR851,Low Sugar,Soft Drinks,OUT004,Medium,Tier 2,Supermarket Type2
11.54,0.054,118.11,2009,FD6036,Low Sugar,Breakfast,OUT004,Medium,Tier 2,Supermarket Type2
12.59,0.108,148.3,2009,FD5352,Low Sugar,Meat,OUT004,Medium,Tier 2,Supermarket Type2
8.07,0.027,110.26,1998,FD205,Low Sugar,Seafood,OUT002,Small,Tier 3,Food Mart
12.85,0.052,172.51,1987,NC158,No Sugar,Health and Hygiene,OUT001,High,Tier 2,Supermarket Type1
14.19,0.126,157.81,1987,FD8506,Regular,Meat,OUT001,High,Tier 2,Supermarket Type1
10.43,0.025,130.29,2009,NC3493,No Sugar,Health and Hygiene,OUT004,Medium,Tier 2,Supermarket Type2
11.48,0.042,146.91,2009,FD4144,Regular,Snack Foods,OUT004,Medium,Tier 2,Supermarket Type2
11.51,0.038,98.6,1998,FD1072,Low Sugar,Fruits and Vegetables,OUT002,Small,Tier 3,Food Mart
16.3,0.041,226.94,1999,NC1510,No Sugar,Household,OUT003,Medium,Tier 1,Departmental Store
15.21,0.084,179.68,1987,NC3018,No Sugar,Household,OUT001,High,Tier 2,Supermarket Type1
11.75,0.028,99.85,1998,NC6997,No Sugar,Household,OUT002,Small,Tier 3,Food Mart
17.72,0.021,204.82,1999,FD3151,Low Sugar,Snack Foods,OUT003,Medium,Tier 1,Departmental Store
12.94,0.072,163.06,2009,FD5923,Regular,Canned,OUT004,Medium,Tier 2,Supermarket Type2
10.69,0.162,102.64,1998,FD3726,Low Sugar,Snack Foods,OUT002,Small,Tier 3,Food Mart
11.51,0.021,165.42,2009,FD8230,Low Sugar,Snack Foods,OUT004,Medium,Tier 2,Supermarket Type2
12.82,0.083,128.5,2009,NC8115,No Sugar,Household,OUT004,Medium,Tier 2,Supermarket Type2
17.35,0.14,179.06,1999,FD693,reg,Snack Foods,OUT003,Medium,Tier 1,Departmental Store
15.07,0.011,180.09,1987,FD8582,Low Sugar,Fruits and Vegetables,OUT001,High,Tier 2,Supermarket Type1
18.39,0.016,232.3,1999,FD6274,Regular,Baking Goods,OUT003,Medium,Tier 1,Departmental Store
14.29,0.013,188.85,1987,FD5841,Low Sugar,Canned,OUT001,High,Tier 2,Supermarket Type1
10.97,0.021,137.06,2009,FD2404,Regular,Frozen Foods,OUT004,Medium,Tier 2,Supermarket Type2
10.65,0.035,106.78,1998,FD3604,Regular,Fruits and Vegetables,OUT002,Small,Tier 3,Food Mart
17.06,0.187,153.55,1987,FD1331,Regular,Canned,OUT001,High,Tier 2,Supermarket Type1
17.43,0.064,213.19,1999,FD6867,Regular,Fruits and Vegetables,OUT003,Medium,Tier 1,Departmental Store
10.7,0.036,149.61,2009,FD5143,Regular,Meat,OUT004,Medium,Tier 2,Supermarket Type2
16.47,0.055,164.85,1987,FD2417,Low Sugar,Frozen Foods,OUT001,High,Tier 2,Supermarket Type1
14.1,0.026,154.98,2009,FD5168,Low Sugar,Fruits and Vegetables,OUT004,Medium,Tier 2,Supermarket Type2
13.4,0.097,150.69,2009,FD4832,Low Sugar,Frozen Foods,OUT004,Medium,Tier 2,Supermarket Type2
10.71,0.019,177.52,2009,FD2852,Regular,Canned,OUT004,Medium,Tier 2,Supermarket Type2
11.82,0.043,131.03,2009,NC8569,No Sugar,Others,OUT004,Medium,Tier 2,Supermarket Type2
14.3,0.025,179.31,1999,DR8271,reg,Hard Drinks,OUT003,Medium,Tier 1,Departmental Store
9.52,0.014,165.41,2009,FD6445,Low Sugar,Dairy,OUT004,Medium,Tier 2,Supermarket Type2
12.62,0.077,165.24,2009,FD4282,Regular,Snack Foods,OUT004,Medium,Tier 2,Supermarket Type2
13.99,0.048,172.94,1999,FD8512,Low Sugar,Fruits and Vegetables,OUT003,Medium,Tier 1,Departmental Store
11.07,0.101,154.86,2009,FD7520,Regular,Baking Goods,OUT004,Medium,Tier 2,Supermarket Type2
10.86,0.128,111.79,1987,NC1973,No Sugar,Health and Hygiene,OUT001,High,Tier 2,Supermarket Type1
17.54,0.012,217.37,1999,DR1429,Low Sugar,Soft Drinks,OUT003,Medium,Tier 1,Departmental Store
16.45,0.113,190.83,1999,NC8222,No Sugar,Household,OUT003,Medium,Tier 1,Departmental Store
12.27,0.016,150.2,2009,FD2496,Low Sugar,Dairy,OUT004,Medium,Tier 2,Supermarket Type2
10.03,0.16,145.56,2009,FD638,Low Sugar,Fruits and Vegetables,OUT004,Medium,Tier 2,Supermarket Type2
13.32,0.038,104.58,2009,FD8063,Regular,Baking Goods,OUT004,Medium,Tier 2,Supermarket Type2
14.13,0.04,138.56,2009,FD1649,Low Sugar,Fruits and Vegetables,OUT004,Medium,Tier 2,Supermarket Type2
15.98,0.089,186.9,1999,FD2374,Low Sugar,Breads,OUT003,Medium,Tier 1,Departmental Store
13.68,0.041,163.52,1987,DR6578,Low Sugar,Hard Drinks,OUT001,High,Tier 2,Supermarket Type1
12.12,0.072,122.45,2009,FD5770,Low Sugar,Snack Foods,OUT004,Medium,Tier 2,Supermarket Type2
13.0,0.047,195.3,1987,NC3929,No Sugar,Others,OUT001,High,Tier 2,Supermarket Type1
13.87,0.088,117.65,2009,DR4665,Low Sugar,Soft Drinks,OUT004,Medium,Tier 2,Supermarket Type2
10.29,0.068,151.58,1998,FD37,Low Sugar,Baking Goods,OUT002,Small,Tier 3,Food Mart
13.07,0.037,178.67,1987,NC6770,No Sugar,Household,OUT001,High,Tier 2,Supermarket Type1
14.11,0.037,152.6,2009,FD627,Low Sugar,Fruits and Vegetables,OUT004,Medium,Tier 2,Supermarket Type2
14.09,0.12,166.35,1987,FD5021,Low Sugar,Frozen Foods,OUT001,High,Tier 2,Supermarket Type1
14.26,0.1,138.77,2009,DR631,Low Sugar,Hard Drinks,OUT004,Medium,Tier 2,Supermarket Type2
12.7,0.061,174.37,1987,NC4027,No Sugar,Health and Hygiene,OUT001,High,Tier 2,Supermarket Type1
11.33,0.022,169.21,2009,FD7755,Low Sugar,Fruits and Vegetables,OUT004,Medium,Tier 2,Supermarket Type2
11.09,0.021,120.78,2009,FD3537,Low Sugar,Fruits and Vegetables,OUT004,Medium,Tier 2,Supermarket Type2
13.31,0.087,131.74,2009,FD5773,Regular,Breads,OUT004,Medium,Tier 2,Supermarket Type2
12.14,0.035,111.69,2009,FD5605,Low Sugar,Meat,OUT004,Medium,Tier 2,Supermarket Type2
14.16,0.047,167.0,1999,NC5707,No Sugar,Household,OUT003,Medium,Tier 1,Departmental Store
12.17,0.185,186.71,1987,FD1847,Low Sugar,Fruits and Vegetables,OUT001,High,Tier 2,Supermarket Type1
13.97,0.132,169.58,1998,FD436,Low Sugar,Meat,OUT002,Small,Tier 3,Food Mart
10.64,0.055,142.89,2009,NC5464,No Sugar,Health and Hygiene,OUT004,Medium,Tier 2,Supermarket Type2
11.88,0.099,164.6,2009,FD331,Low Sugar,Snack Foods,OUT004,Medium,Tier 2,Supermarket Type2
15.71,0.054,171.22,1987,FD6947,Low Sugar,Frozen Foods,OUT001,High,Tier 2,Supermarket Type1
13.2,0.161,145.47,2009,FD8686,Low Sugar,Canned,OUT004,Medium,Tier 2,Supermarket Type2
14.73,0.039,131.62,2009,FD7281,Low Sugar,Frozen Foods,OUT004,Medium,Tier 2,Supermarket Type2
12.76,0.161,147.1,2009,FD2280,Regular,Dairy,OUT004,Medium,Tier 2,Supermarket Type2
16.92,0.077,206.96,1999,FD4253,Low Sugar,Dairy,OUT003,Medium,Tier 1,Departmental Store
6.47,0.111,82.45,1998,FD8542,Low Sugar,Frozen Foods,OUT002,Small,Tier 3,Food Mart
9.62,0.072,118.75,1999,FD546,Low Sugar,Meat,OUT003,Medium,Tier 1,Departmental Store
11.43,0.094,135.03,2009,FD7484,Regular,Canned,OUT004,Medium,Tier 2,Supermarket Type2
13.17,0.167,148.17,2009,FD2559,Low Sugar,Snack Foods,OUT004,Medium,Tier 2,Supermarket Type2
11.22,0.025,91.63,1998,NC6738,No Sugar,Health and Hygiene,OUT002,Small,Tier 3,Food Mart
11.67,0.089,115.27,2009,FD1272,Low Sugar,Fruits and Vegetables,OUT004,Medium,Tier 2,Supermarket Type2
14.73,0.121,177.1,1987,FD8526,Low Sugar,Frozen Foods,OUT001,High,Tier 2,Supermarket Type1
12.63,0.022,98.16,1987,FD7464,reg,Fruits and Vegetables,OUT001,High,Tier 2,Supermarket Type1
14.52,0.075,151.36,2009,FD3889,Low Sugar,Canned,OUT004,Medium,Tier 2,Supermarket Type2
14.23,0.079,123.07,2009,FD2870,Low Sugar,Baking Goods,OUT004,Medium,Tier 2,Supermarket Type2
12.8,0.094,117.73,2009,DR5908,Low Sugar,Soft Drinks,OUT004,Medium,Tier 2,Supermarket Type2
12.7,0.007,180.41,1987,NC7303,No Sugar,Health and Hygiene,OUT001,High,Tier 2,Supermarket Type1
11.55,0.096,117.09,2009,FD7696,Low Sugar,Meat,OUT004,Medium,Tier 2,Supermarket Type2
11.23,0.057,153.12,2009,NC4150,No Sugar,Health and Hygiene,OUT004,Medium,Tier 2,Supermarket Type2
11.88,0.01,134.87,2009,FD48,Regular,Canned,OUT004,Medium,Tier 2,Supermarket Type2
12.63,0.015,180.84,1987,FD6679,Regular,Frozen Foods,OUT001,High,Tier 2,Supermarket Type1
13.48,0.064,149.98,2009,FD6102,Regular,Dairy,OUT004,Medium,Tier 2,Supermarket Type2
11.88,0.018,134.63,2009,FD5712,Low Sugar,Fruits and Vegetables,OUT004,Medium,Tier 2,Supermarket Type2
12.67,0.02,118.19,2009,FD8301,Low Sugar,Frozen Foods,OUT004,Medium,Tier 2,Supermarket Type2
14.46,0.03,156.51,1987,FD5840,Low Sugar,Baking Goods,OUT001,High,Tier 2,Supermarket Type1
14.59,0.068,201.72,1999,FD7528,Low Sugar,Baking Goods,OUT003,Medium,Tier 1,Departmental Store
16.93,0.085,183.29,1999,FD2354,Regular,Dairy,OUT003,Medium,Tier 1,Departmental Store
12.1,0.01,174.37,2009,FD8530,Low Sugar,Canned,OUT004,Medium,Tier 2,Supermarket Type2
10.07,0.148,153.56,2009,FD7586,Low Sugar,Dairy,OUT004,Medium,Tier 2,Supermarket Type2
13.02,0.021,148.14,2009,FD6393,Low Sugar,Canned,OUT004,Medium,Tier 2,Supermarket Type2
8.9,0.076,145.36,2009,NC2885,No Sugar,Others,OUT004,Medium,Tier 2,Supermarket Type2
10.05,0.077,126.66,1987,FD1508,Low Sugar,Frozen Foods,OUT001,High,Tier 2,Supermarket Type1
11.22,0.122,121.07,2009,FD1233,Low Sugar,Meat,OUT004,Medium,Tier 2,Supermarket Type2
10.18,0.034,119.16,1987,FD5731,Low Sugar,Dairy,OUT001,High,Tier 2,Supermarket Type1
8.91,0.282,97.93,1998,FD1460,Low Sugar,Fruits and Vegetables,OUT002,Small,Tier 3,Food Mart
12.25,0.041,142.96,2009,DR4319,Low Sugar,Hard Drinks,OUT004,Medium,Tier 2,Supermarket Type2
15.71,0.143,169.1,1987,DR3719,Regular,Soft Drinks,OUT001,High,Tier 2,Supermarket Type1
15.14,0.052,148.06,1987,FD5621,Low Sugar,Snack Foods,OUT001,High,Tier 2,Supermarket Type1
9.74,0.148,136.46,2009,NC2707,No Sugar,Household,OUT004,Medium,Tier 2,Supermarket Type2
11.24,0.069,145.89,2009,FD3807,Low Sugar,Snack Foods,OUT004,Medium,Tier 2,Supermarket Type2
12.85,0.049,113.8,2009,NC1465,No Sugar,Others,OUT004,Medium,Tier 2,Supermarket Type2
12.68,0.11,187.42,1999,FD3724,Low Sugar,Breads,OUT003,Medium,Tier 1,Departmental Store
15.89,0.016,142.78,1987,FD3774,Regular,Canned,OUT001,High,Tier 2,Supermarket Type1
9.34,0.023,148.52,2009,FD5368,Low Sugar,Fruits and Vegetables,OUT004,Medium,Tier 2,Supermarket Type2
12.07,0.088,133.68,2009,DR3476,Low Sugar,Soft Drinks,OUT004,Medium,Tier 2,Supermarket Type2
13.96,0.017,134.3,2009,FD1194,Low Sugar,Starchy Foods,OUT004,Medium,Tier 2,Supermarket Type2
9.52,0.029,139.47,2009,NC1955,No Sugar,Household,OUT004,Medium,Tier 2,Supermarket Type2
12.5,0.009,152.62,2009,FD6956,Low Sugar,Fruits and Vegetables,OUT004,Medium,Tier 2,Supermarket Type2
10.85,0.023,129.11,2009,FD7112,Regular,Snack Foods,OUT004,Medium,Tier 2,Supermarket Type2
12.04,0.018,159.32,2009,FD8027,Low Sugar,Fruits and Vegetables,OUT004,Medium,Tier 2,Supermarket Type2
10.92,0.069,153.83,2009,FD7412,Regular,Fruits and Vegetables,OUT004,Medium,Tier 2,Supermarket Type2
15.11,0.069,203.19,1999,FD6614,Regular,Breakfast,OUT003,Medium,Tier 1,Departmental Store
14.4,0.024,148.95,2009,FD2574,reg,Frozen Foods,OUT004,Medium,Tier 2,Supermarket Type2
12.77,0.021,215.52,1987,NC5659,No Sugar,Health and Hygiene,OUT001,High,Tier 2,Supermarket Type1
14.64,0.093,179.36,1999,FD6,Low Sugar,Canned,OUT003,Medium,Tier 1,Departmental Store
12.03,0.029,148.61,2009,DR3678,Low Sugar,Soft Drinks,OUT004,Medium,Tier 2,Supermarket Type2
14.24,0.098,141.9,2009,NC6397,No Sugar,Others,OUT004,Medium,Tier 2,Supermarket Type2
9.71,0.012,150.3,2009,FD7735,Low Sugar,Baking Goods,OUT004,Medium,Tier 2,Supermarket Type2
16.89,0.054,172.81,1999,FD4534,Regular,Fruits and Vegetables,OUT003,Medium,Tier 1,Departmental Store
9.1,0.054,119.77,1999,DR7,Low Sugar,Soft Drinks,OUT003,Medium,Tier 1,Departmental Store
12.14,0.115,149.21,2009,NC4198,No Sugar,Others,OUT004,Medium,Tier 2,Supermarket Type2
15.41,0.075,176.5,1987,NC1486,No Sugar,Others,OUT001,High,Tier 2,Supermarket Type1
14.02,0.128,130.09,2009,FD3198,Low Sugar,Baking Goods,OUT004,Medium,Tier 2,Supermarket Type2
13.59,0.031,130.87,2009,DR7516,Low Sugar,Soft Drinks,OUT004,Medium,Tier 2,Supermarket Type2
12.39,0.014,120.79,2009,DR7204,Low Sugar,Soft Drinks,OUT004,Medium,Tier 2,Supermarket Type2
11.11,0.076,151.25,2009,FD3319,Low Sugar,Fruits and Vegetables,OUT004,Medium,Tier 2,Supermarket Type2
14.42,0.132,118.52,2009,FD1318,Low Sugar,Snack Foods,OUT004,Medium,Tier 2,Supermarket Type2
9.79,0.039,154.24,1999,FD373,Regular,Frozen Foods,OUT003,Medium,Tier 1,Departmental Store
10.09,0.055,123.86,1987,NC8155,No Sugar,Others,OUT001,High,Tier 2,Supermarket Type1
11.34,0.021,143.88,2009,FD4528,Low Sugar,Snack Foods,OUT004,Medium,Tier 2,Supermarket Type2
13.95,0.064,160.54,1987,FD2093,Regular,Breads,OUT001,High,Tier 2,Supermarket Type1
9.96,0.077,109.14,1998,FD5171,Low Sugar,Dairy,OUT002,Small,Tier 3,Food Mart
13.06,0.038,131.62,2009,FD4244,Low Sugar,Canned,OUT004,Medium,Tier 2,Supermarket Type2
12.86,0.036,159.84,2009,FD8066,Low Sugar,Snack Foods,OUT004,Medium,Tier 2,Supermarket Type2
7.76,0.076,172.81,2009,FD4811,Low Sugar,Snack Foods,OUT004,Medium,Tier 2,Supermarket Type2
13.4,0.126,151.84,2009,FD6584,Regular,Breakfast,OUT004,Medium,Tier 2,Supermarket Type2
12.51,0.009,191.31,1999,NC7530,No Sugar,Health and Hygiene,OUT003,Medium,Tier 1,Departmental Store
16.63,0.064,149.33,1999,FD5651,Regular,Snack Foods,OUT003,Medium,Tier 1,Departmental Store
13.49,0.023,115.81,2009,FD4782,Regular,Fruits and Vegetables,OUT004,Medium,Tier 2,Supermarket Type2
11.38,0.093,185.3,2009,NC6764,No Sugar,Health and Hygiene,OUT004,Medium,Tier 2,Supermarket Type2
18.27,0.016,175.18,1999,FD4741,Regular,Seafood,OUT003,Medium,Tier 1,Departmental Store
9.83,0.029,132.52,2009,FD8040,Regular,Frozen Foods,OUT004,Medium,Tier 2,Supermarket Type2
8.5,0.076,106.98,1998,FD3837,Low Sugar,Dairy,OUT002,Small,Tier 3,Food Mart
8.51,0.013,89.51,1998,FD8091,reg,Baking Goods,OUT002,Small,Tier 3,Food Mart
11.29,0.015,147.64,2009,FD8140,Low Sugar,Canned,OUT004,Medium,Tier 2,Supermarket Type2
11.96,0.066,179.92,2009,FD3554,Regular,Baking Goods,OUT004,Medium,Tier 2,Supermarket Type2
16.09,0.015,186.55,1999,FD6198,Low Sugar,Snack Foods,OUT003,Medium,Tier 1,Departmental Store
12.74,0.04,136.22,2009,FD4923,Low Sugar,Dairy,OUT004,Medium,Tier 2,Supermarket Type2
13.21,0.057,177.62,1999,FD8581,Low Sugar,Dairy,OUT003,Medium,Tier 1,Departmental Store
12.96,0.074,182.71,1999,NC4325,No Sugar,Household,OUT003,Medium,Tier 1,Departmental Store
15.52,0.071,188.27,1987,FD6977,Regular,Baking Goods,OUT001,High,Tier 2,Supermarket Type1
12.4,0.043,117.52,2009,FD1379,Low Sugar,Breads,OUT004,Medium,Tier 2,Supermarket Type2
11.18,0.066,168.5,2009,FD4231,Low Sugar,Meat,OUT004,Medium,Tier 2,Supermarket Type2
9.86,0.107,130.28,1987,FD7603,Low Sugar,Fruits and Vegetables,OUT001,High,Tier 2,Supermarket Type1
13.96,0.081,171.96,1999,FD5285,Low Sugar,Fruits and Vegetables,OUT003,Medium,Tier 1,Departmental Store
14.31,0.083,165.0,1998,FD157,Regular,Dairy,OUT002,Small,Tier 3,Food Mart
12.08,0.115,105.97,1987,FD2918,Regular,Fruits and Vegetables,OUT001,High,Tier 2,Supermarket Type1
9.44,0.033,104.08,1998,FD8578,Low Sugar,Frozen Foods,OUT002,Small,Tier 3,Food Mart
10.76,0.086,172.34,2009,DR1514,Regular,Soft Drinks,OUT004,Medium,Tier 2,Supermarket Type2
17.19,0.077,175.17,1999,FD6986,Low Sugar,Snack Foods,OUT003,Medium,Tier 1,Departmental Store
8.26,0.072,98.37,1998,FD3998,Regular,Canned,OUT002,Small,Tier 3,Food Mart
12.67,0.028,130.97,2009,FD2062,Low Sugar,Baking Goods,OUT004,Medium,Tier 2,Supermarket Type2
15.57,0.149,223.53,1999,FD3418,Regular,Snack Foods,OUT003,Medium,Tier 1,Departmental Store
13.17,0.021,158.1,2009,FD3652,Low Sugar,Dairy,OUT004,Medium,Tier 2,Supermarket Type2
12.32,0.053,173.75,2009,FD7607,Regular,Frozen Foods,OUT004,Medium,Tier 2,Supermarket Type2
12.94,0.065,131.53,2009,NC5349,No Sugar,Household,OUT004,Medium,Tier 2,Supermarket Type2
13.06,0.087,167.6,2009,FD649,Low Sugar,Fruits and Vegetables,OUT004,Medium,Tier 2,Supermarket Type2
13.97,0.012,189.11,1987,FD4740,Low Sugar,Baking Goods,OUT001,High,Tier 2,Supermarket Type1
11.85,0.007,123.29,2009,FD1598,Low Sugar,Baking Goods,OUT004,Medium,Tier 2,Supermarket Type2
14.1,0.063,172.18,1999,FD3695,Regular,Meat,OUT003,Medium,Tier 1,Departmental Store
14.67,0.055,132.25,2009,FD602,Low Sugar,Meat,OUT004,Medium,Tier 2,Supermarket Type2
11.9,0.028,126.28,2009,FD8571,Regular,Canned,OUT004,Medium,Tier 2,Supermarket Type2
13.89,0.027,190.39,1987,FD8006,Low Sugar,Frozen Foods,OUT001,High,Tier 2,Supermarket Type1
10.53,0.007,137.05,2009,FD1105,Low Sugar,Frozen Foods,OUT004,Medium,Tier 2,Supermarket Type2
13.48,0.076,101.66,2009,FD6028,reg,Meat,OUT004,Medium,Tier 2,Supermarket Type2
10.56,0.019,139.76,2009,DR5325,Regular,Soft Drinks,OUT004,Medium,Tier 2,Supermarket Type2
7.85,0.017,78.26,1998,DR8728,Low Sugar,Soft Drinks,OUT002,Small,Tier 3,Food Mart
14.65,0.027,127.99,2009,FD8479,Low Sugar,Fruits and Vegetables,OUT004,Medium,Tier 2,Supermarket Type2
14.24,0.007,184.21,1987,NC6581,No Sugar,Household,OUT001,High,Tier 2,Supermarket Type1
11.76,0.077,202.96,1999,NC790,No Sugar,Others,OUT003,Medium,Tier 1,Departmental Store
15.92,0.055,182.36,1999,FD4066,Regular,Dairy,OUT003,Medium,Tier 1,Departmental Store
11.27,0.023,132.92,2009,DR7320,Low Sugar,Soft Drinks,OUT004,Medium,Tier 2,Supermarket Type2
11.43,0.138,142.91,2009,NC2740,No Sugar,Health and Hygiene,OUT004,Medium,Tier 2,Supermarket Type2
12.35,0.036,113.9,2009,FD3744,Low Sugar,Baking Goods,OUT004,Medium,Tier 2,Supermarket Type2
18.37,0.05,169.17,1999,FD7168,Low Sugar,Dairy,OUT003,Medium,Tier 1,Departmental Store
6.37,0.085,64.71,1998,FD7626,Low Sugar,Frozen Foods,OUT002,Small,Tier 3,Food Mart
9.92,0.124,103.85,1998,FD6391,Low Sugar,Canned,OUT002,Small,Tier 3,Food Mart
11.47,0.032,126.04,2009,DR3210,Regular,Soft Drinks,OUT004,Medium,Tier 2,Supermarket Type2
15.83,0.027,192.62,1999,NC1524,No Sugar,Health and Hygiene,OUT003,Medium,Tier 1,Departmental Store
11.2,0.067,131.66,2009,FD1190,Regular,Frozen Foods,OUT004,Medium,Tier 2,Supermarket Type2
13.67,0.069,136.91,2009,FD7328,Low Sugar,Canned,OUT004,Medium,Tier 2,Supermarket Type2
15.68,0.032,137.97,2009,NC2508,No Sugar,Household,OUT004,Medium,Tier 2,Supermarket Type2
10.93,0.049,136.0,2009,FD2242,Regular,Snack Foods,OUT004,Medium,Tier 2,Supermarket Type2
11.32,0.014,93.11,1998,FD2332,Low Sugar,Meat,OUT002,Small,Tier 3,Food Mart
13.3,0.13,150.3,2009,FD8518,Low Sugar,Dairy,OUT004,Medium,Tier 2,Supermarket Type2
16.23,0.009,181.37,1999,FD2808,Low Sugar,Snack Foods,OUT003,Medium,Tier 1,Departmental Store
15.61,0.086,145.66,1987,DR5609,Low Sugar,Soft Drinks,OUT001,High,Tier 2,Supermarket Type1
15.24,0.216,210.13,1999,FD3020,Low Sugar,Snack Foods,OUT003,Medium,Tier 1,Departmental Store
9.02,0.131,180.59,2009,FD748,Low Sugar,Snack Foods,OUT004,Medium,Tier 2,Supermarket Type2
8.35,0.186,136.48,1998,DR1501,Low Sugar,Soft Drinks,OUT002,Small,Tier 3,Food Mart
11.69,0.011,143.12,2009,FD2766,Low Sugar,Baking Goods,OUT004,Medium,Tier 2,Supermarket Type2
12.27,0.161,117.37,2009,FD4329,Low Sugar,Baking Goods,OUT004,Medium,Tier 2,Supermarket Type2
10.82,0.136,140.1,2009,FD1203,Regular,Fruits and Vegetables,OUT004,Medium,Tier 2,Supermarket Type2
17.02,0.103,150.19,1987,FD3199,Low Sugar,Baking Goods,OUT001,High,Tier 2,Supermarket Type1
11.99,0.143,147.08,2009,FD7160,Low Sugar,Dairy,OUT004,Medium,Tier 2,Supermarket Type2
11.68,0.01,125.88,2009,FD3270,Regular,Dairy,OUT004,Medium,Tier 2,Supermarket Type2
12.65,0.015,194.72,1999,FD2930,Low Sugar,Dairy,OUT003,Medium,Tier 1,Departmental Store
12.72,0.04,146.46,2009,FD3397,Low Sugar,Dairy,OUT004,Medium,Tier 2,Supermarket Type2
13.58,0.09,144.98,2009,FD7703,Low Sugar,Dairy,OUT004,Medium,Tier 2,Supermarket Type2
14.88,0.056,144.87,2009,FD2745,Regular,Snack Foods,OUT004,Medium,Tier 2,Supermarket Type2
10.11,0.094,135.27,2009,FD5226,Regular,Meat,OUT004,Medium,Tier 2,Supermarket Type2
13.03,0.035,138.47,2009,FD5585,Low Sugar,Breads,OUT004,Medium,Tier 2,Supermarket Type2
15.13,0.062,171.98,1987,DR7136,Low Sugar,Hard Drinks,OUT001,High,Tier 2,Supermarket Type1
9.57,0.072,148.56,2009,FD5444,Low Sugar,Dairy,OUT004,Medium,Tier 2,Supermarket Type2
10.26,0.067,100.04,1998,FD833,Regular,Canned,OUT002,Small,Tier 3,Food Mart
9.68,0.053,116.01,1998,FD8004,Low Sugar,Snack Foods,OUT002,Small,Tier 3,Food Mart
10.75,0.034,146.66,2009,FD5287,Low Sugar,Dairy,OUT004,Medium,Tier 2,Supermarket Type2
18.76,0.035,238.81,1999,FD7610,Low Sugar,Meat,OUT003,Medium,Tier 1,Departmental Store
9.92,0.033,129.55,1987,FD4884,Regular,Canned,OUT001,High,Tier 2,Supermarket Type1
15.58,0.009,164.39,1999,FD950,Regular,Canned,OUT003,Medium,Tier 1,Departmental Store
12.91,0.049,172.4,1987,FD8181,Low Sugar,Dairy,OUT001,High,Tier 2,Supermarket Type1
9.04,0.208,137.25,1987,FD3928,Low Sugar,Baking Goods,OUT001,High,Tier 2,Supermarket Type1
12.0,0.044,165.38,2009,FD978,Regular,Snack Foods,OUT004,Medium,Tier 2,Supermarket Type2
9.97,0.14,136.87,2009,FD6776,Low Sugar,Snack Foods,OUT004,Medium,Tier 2,Supermarket Type2
15.33,0.136,137.86,2009,NC7742,No Sugar,Household,OUT004,Medium,Tier 2,Supermarket Type2
13.35,0.137,153.74,2009,FD5331,Low Sugar,Breads,OUT004,Medium,Tier 2,Supermarket Type2
8.72,0.08,100.94,1998,FD2570,Low Sugar,Canned,OUT002,Small,Tier 3,Food Mart
14.8,0.169,146.0,2009,FD2664,Low Sugar,Frozen Foods,OUT004,Medium,Tier 2,Supermarket Type2
14.43,0.076,137.97,2009,FD4842,Low Sugar,Snack Foods,OUT004,Medium,Tier 2,Supermarket Type2
13.91,0.154,172.36,1999,FD1874,Low Sugar,Meat,OUT003,Medium,Tier 1,Departmental Store
11.29,0.157,82.62,1998,DR4520,Low Sugar,Soft Drinks,OUT002,Small,Tier 3,Food Mart
11.43,0.05,149.27,2009,FD3767,Regular,Dairy,OUT004,Medium,Tier 2,Supermarket Type2
13.23,0.072,131.62,2009,FD241,Low Sugar,Baking Goods,OUT004,Medium,Tier 2,Supermarket Type2
16.02,0.052,175.4,1987,FD2979,Regular,Baking Goods,OUT001,High,Tier 2,Supermarket Type1
16.33,0.175,188.46,1999,FD6809,Regular,Frozen Foods,OUT003,Medium,Tier 1,Departmental Store
11.47,0.026,117.64,2009,FD8612,Regular,Baking Goods,OUT004,Medium,Tier 2,Supermarket Type2
11.17,0.085,166.17,2009,FD7373,Regular,Meat,OUT004,Medium,Tier 2,Supermarket Type2
11.33,0.026,105.6,1987,FD1731,Low Sugar,Dairy,OUT001,High,Tier 2,Supermarket Type1
13.35,0.085,229.03,1999,NC2589,No Sugar,Others,OUT003,Medium,Tier 1,Departmental Store
9.13,0.046,129.36,1999,FD271,Regular,Fruits and Vegetables,OUT003,Medium,Tier 1,Departmental Store
15.36,0.015,145.29,1987,DR1785,Low Sugar,Soft Drinks,OUT001,High,Tier 2,Supermarket Type1
12.97,0.047,170.23,2009,NC380,No Sugar,Health and Hygiene,OUT004,Medium,Tier 2,Supermarket Type2
10.47,0.014,138.12,2009,NC1475,No Sugar,Household,OUT004,Medium,Tier 2,Supermarket Type2
13.47,0.04,180.22,1999,NC4614,No Sugar,Household,OUT003,Medium,Tier 1,Departmental Store
14.16,0.069,200.95,1987,FD1693,Low Sugar,Frozen Foods,OUT001,High,Tier 2,Supermarket Type1
15.72,0.026,160.45,1999,FD2071,Regular,Canned,OUT003,Medium,Tier 1,Departmental Store
14.76,0.253,185.7,1987,FD127,Low Sugar,Baking Goods,OUT001,High,Tier 2,Supermarket Type1
13.76,0.239,119.39,2009,NC2378,No Sugar,Household,OUT004,Medium,Tier 2,Supermarket Type2
7.7,0.113,126.23,1987,FD181,Low Sugar,Canned,OUT001,High,Tier 2,Supermarket Type1
13.73,0.036,176.0,1999,FD2237,Low Sugar,Fruits and Vegetables,OUT003,Medium,Tier 1,Departmental Store
13.15,0.006,180.4,1999,FD2053,Low Sugar,Breads,OUT003,Medium,Tier 1,Departmental Store
11.77,0.076,150.59,2009,FD1937,Regular,Canned,OUT004,Medium,Tier 2,Supermarket Type2
11.53,0.282,154.23,2009,FD7040,Low Sugar,Fruits and Vegetables,OUT004,Medium,Tier 2,Supermarket Type2
18.18,0.124,195.61,1999,FD5319,Low Sugar,Dairy,OUT003,Medium,Tier 1,Departmental Store
12.9,0.079,180.82,1999,FD2955,Low Sugar,Snack Foods,OUT003,Medium,Tier 1,Departmental Store
16.18,0.073,207.06,1999,FD5136,Regular,Seafood,OUT003,Medium,Tier 1,Departmental Store
9.27,0.06,105.33,1998,FD4360,Low Sugar,Fruits and Vegetables,OUT002,Small,Tier 3,Food Mart
11.96,0.028,163.06,2009,FD1534,Low Sugar,Fruits and Vegetables,OUT004,Medium,Tier 2,Supermarket Type2
14.41,0.068,162.72,1987,FD4932,Low Sugar,Fruits and Vegetables,OUT001,High,Tier 2,Supermarket Type1
16.11,0.102,169.5,1987,FD3277,Regular,Frozen Foods,OUT001,High,Tier 2,Supermarket Type1
16.46,0.112,192.12,1999,FD2014,Low Sugar,Breakfast,OUT003,Medium,Tier 1,Departmental Store
12.78,0.188,160.99,2009,FD8480,Low Sugar,Canned,OUT004,Medium,Tier 2,Supermarket Type2
10.53,0.085,120.15,1987,DR8653,Low Sugar,Soft Drinks,OUT001,High,Tier 2,Supermarket Type1
10.01,0.147,105.73,1987,FD107,Regular,Fruits and Vegetables,OUT001,High,Tier 2,Supermarket Type1
14.75,0.013,155.04,1987,FD5940,Low Sugar,Meat,OUT001,High,Tier 2,Supermarket Type1
12.28,0.054,163.85,2009,NC7108,No Sugar,Health and Hygiene,OUT004,Medium,Tier 2,Supermarket Type2
13.01,0.126,125.3,2009,FD3420,Low Sugar,Snack Foods,OUT004,Medium,Tier 2,Supermarket Type2
14.01,0.158,194.58,1987,FD1706,Low Sugar,Fruits and Vegetables,OUT001,High,Tier 2,Supermarket Type1
13.11,0.035,152.92,2009,FD1735,Low Sugar,Dairy,OUT004,Medium,Tier 2,Supermarket Type2
13.13,0.01,97.63,2009,FD6164,Regular,Snack Foods,OUT004,Medium,Tier 2,Supermarket Type2
15.74,0.057,170.68,1987,FD3944,Low Sugar,Frozen Foods,OUT001,High,Tier 2,Supermarket Type1
11.49,0.023,148.49,2009,FD5690,Low Sugar,Frozen Foods,OUT004,Medium,Tier 2,Supermarket Type2
12.48,0.026,123.16,2009,FD4077,Low Sugar,Canned,OUT004,Medium,Tier 2,Supermarket Type2
16.24,0.039,169.19,1987,FD4421,Low Sugar,Baking Goods,OUT001,High,Tier 2,Supermarket Type1
9.83,0.045,126.07,1987,FD4544,Low Sugar,Meat,OUT001,High,Tier 2,Supermarket Type1
15.0,0.024,164.2,1999,FD2684,Low Sugar,Snack Foods,OUT003,Medium,Tier 1,Departmental Store
8.53,0.018,125.75,1998,FD2651,Low Sugar,Frozen Foods,OUT002,Small,Tier 3,Food Mart
11.32,0.145,102.08,1998,FD5396,Low Sugar,Frozen Foods,OUT002,Small,Tier 3,Food Mart
10.25,0.061,79.44,1998,DR5139,Low Sugar,Soft Drinks,OUT002,Small,Tier 3,Food Mart
12.48,0.017,183.36,1987,FD2296,Regular,Snack Foods,OUT001,High,Tier 2,Supermarket Type1
10.96,0.08,124.72,2009,FD3166,Regular,Baking Goods,OUT004,Medium,Tier 2,Supermarket Type2
10.23,0.053,142.02,2009,NC8760,No Sugar,Household,OUT004,Medium,Tier 2,Supermarket Type2
13.25,0.184,168.65,1987,FD2754,Low Sugar,Canned,OUT001,High,Tier 2,Supermarket Type1
11.89,0.022,156.09,2009,FD5196,Regular,Snack Foods,OUT004,Medium,Tier 2,Supermarket Type2
10.77,0.119,118.0,1998,FD524,Low Sugar,Fruits and Vegetables,OUT002,Small,Tier 3,Food Mart
12.04,0.026,137.59,2009,FD1212,Low Sugar,Meat,OUT004,Medium,Tier 2,Supermarket Type2
13.24,0.089,163.78,2009,FD7196,Regular,Meat,OUT004,Medium,Tier 2,Supermarket Type2
15.61,0.057,187.24,1999,NC5994,No Sugar,Household,OUT003,Medium,Tier 1,Departmental Store
14.4,0.126,147.1,2009,FD2802,Low Sugar,Dairy,OUT004,Medium,Tier 2,Supermarket Type2
12.49,0.131,164.39,2009,FD6565,Regular,Frozen Foods,OUT004,Medium,Tier 2,Supermarket Type2
14.26,0.087,147.37,2009,DR4947,Regular,Hard Drinks,OUT004,Medium,Tier 2,Supermarket Type2
11.52,0.043,110.57,1987,NC6814,No Sugar,Household,OUT001,High,Tier 2,Supermarket Type1
13.32,0.007,204.53,1987,FD2557,Regular,Snack Foods,OUT001,High,Tier 2,Supermarket Type1
13.7,0.023,157.33,2009,NC6406,No Sugar,Health and Hygiene,OUT004,Medium,Tier 2,Supermarket Type2
14.3,0.037,121.43,2009,NC7482,No Sugar,Household,OUT004,Medium,Tier 2,Supermarket Type2
13.45,0.109,169.56,1987,NC7655,No Sugar,Health and Hygiene,OUT001,High,Tier 2,Supermarket Type1
14.11,0.044,160.03,1987,FD1054,Regular,Snack Foods,OUT001,High,Tier 2,Supermarket Type1
13.49,0.022,151.62,2009,DR8464,Low Sugar,Soft Drinks,OUT004,Medium,Tier 2,Supermarket Type2
12.49,0.07,198.29,1999,FD7150,Low Sugar,Starchy Foods,OUT003,Medium,Tier 1,Departmental Store
10.7,0.057,107.73,1998,FD3350,Low Sugar,Frozen Foods,OUT002,Small,Tier 3,Food Mart
13.08,0.082,149.55,2009,FD1143,Low Sugar,Fruits and Vegetables,OUT004,Medium,Tier 2,Supermarket Type2
14.69,0.019,172.11,1999,FD2906,Low Sugar,Dairy,OUT003,Medium,Tier 1,Departmental Store
11.37,0.015,138.45,2009,FD6737,Regular,Snack Foods,OUT004,Medium,Tier 2,Supermarket Type2
11.73,0.015,168.33,2009,FD3023,Low Sugar,Canned,OUT004,Medium,Tier 2,Supermarket Type2
10.88,0.098,128.34,2009,FD5203,Low Sugar,Fruits and Vegetables,OUT004,Medium,Tier 2,Supermarket Type2
14.18,0.03,224.33,1999,FD5147,Regular,Snack Foods,OUT003,Medium,Tier 1,Departmental Store
17.69,0.028,194.89,1999,FD7838,Low Sugar,Dairy,OUT003,Medium,Tier 1,Departmental Store
11.83,0.052,160.11,2009,FD5708,Low Sugar,Frozen Foods,OUT004,Medium,Tier 2,Supermarket Type2
17.17,0.058,205.48,1999,NC33,No Sugar,Health and Hygiene,OUT003,Medium,Tier 1,Departmental Store
13.26,0.038,145.98,2009,FD5796,Regular,Snack Foods,OUT004,Medium,Tier 2,Supermarket Type2
13.26,0.133,135.14,2009,FD3531,Regular,Baking Goods,OUT004,Medium,Tier 2,Supermarket Type2
11.67,0.026,164.09,2009,NC1119,No Sugar,Health and Hygiene,OUT004,Medium,Tier 2,Supermarket Type2
10.66,0.026,112.37,1998,FD2427,Regular,Fruits and Vegetables,OUT002,Small,Tier 3,Food Mart
13.32,0.019,155.02,2009,FD5398,Regular,Snack Foods,OUT004,Medium,Tier 2,Supermarket Type2
13.39,0.028,188.49,1999,FD8187,Regular,Frozen Foods,OUT003,Medium,Tier 1,Departmental Store
12.05,0.167,161.38,2009,FD3351,Regular,Canned,OUT004,Medium,Tier 2,Supermarket Type2
12.21,0.048,124.59,2009,NC6444,No Sugar,Health and Hygiene,OUT004,Medium,Tier 2,Supermarket Type2
15.68,0.041,191.79,1999,FD6059,Low Sugar,Frozen Foods,OUT003,Medium,Tier 1,Departmental Store
13.9,0.079,185.16,1987,DR6153,Low Sugar,Soft Drinks,OUT001,High,Tier 2,Supermarket Type1
10.57,0.047,84.62,1998,NC8208,No Sugar,Household,OUT002,Small,Tier 3,Food Mart
12.16,0.024,139.22,2009,DR4521,Low Sugar,Soft Drinks,OUT004,Medium,Tier 2,Supermarket Type2
12.97,0.012,184.88,1999,NC5111,No Sugar,Household,OUT003,Medium,Tier 1,Departmental Store
14.18,0.041,132.29,2009,FD6154,Low Sugar,Dairy,OUT004,Medium,Tier 2,Supermarket Type2
14.85,0.085,126.54,2009,FD8698,Low Sugar,Canned,OUT004,Medium,Tier 2,Supermarket Type2
12.64,0.155,133.48,2009,FD7397,Low Sugar,Snack Foods,OUT004,Medium,Tier 2,Supermarket Type2
15.36,0.073,206.63,1999,NC2859,No Sugar,Health and Hygiene,OUT003,Medium,Tier 1,Departmental Store
16.22,0.023,228.38,1999,FD2857,Regular,Snack Foods,OUT003,Medium,Tier 1,Departmental Store
17.41,0.085,179.33,1999,FD4787,Regular,Snack Foods,OUT003,Medium,Tier 1,Departmental Store
9.36,0.025,104.17,1998,NC4709,No Sugar,Health and Hygiene,OUT002,Small,Tier 3,Food Mart
8.86,0.015,126.89,1998,FD7921,Regular,Snack Foods,OUT002,Small,Tier 3,Food Mart
10.1,0.035,157.43,2009,FD2360,Low Sugar,Frozen Foods,OUT004,Medium,Tier 2,Supermarket Type2
13.83,0.025,181.0,1999,FD578,Regular,Canned,OUT003,Medium,Tier 1,Departmental Store
9.16,0.142,117.08,1987,FD432,Low Sugar,Frozen Foods,OUT001,High,Tier 2,Supermarket Type1
16.43,0.128,158.69,1987,NC1365,No Sugar,Health and Hygiene,OUT001,High,Tier 2,Supermarket Type1
9.2,0.054,84.21,1998,FD3340,Low Sugar,Dairy,OUT002,Small,Tier 3,Food Mart
13.33,0.024,153.99,2009,DR1408,Low Sugar,Soft Drinks,OUT004,Medium,Tier 2,Supermarket Type2
12.87,0.069,155.34,2009,FD5380,Regular,Canned,OUT004,Medium,Tier 2,Supermarket Type2
10.87,0.058,140.9,2009,NC3038,No Sugar,Health and Hygiene,OUT004,Medium,Tier 2,Supermarket Type2
10.7,0.068,169.33,2009,FD5561,Low Sugar,Snack Foods,OUT004,Medium,Tier 2,Supermarket Type2
15.3,0.027,172.01,1987,FD2115,Low Sugar,Breads,OUT001,High,Tier 2,Supermarket Type1
16.37,0.099,200.2,1999,FD6258,Low Sugar,Canned,OUT003,Medium,Tier 1,Departmental Store
13.09,0.022,197.75,1987,DR3914,Regular,Hard Drinks,OUT001,High,Tier 2,Supermarket Type1
12.65,0.098,150.6,2009,DR6125,Low Sugar,Soft Drinks,OUT004,Medium,Tier 2,Supermarket Type2
15.81,0.073,169.81,1987,FD5141,Low Sugar,Baking Goods,OUT001,High,Tier 2,Supermarket Type1
12.53,0.006,150.84,2009,DR8588,Low Sugar,Hard Drinks,OUT004,Medium,Tier 2,Supermarket Type2
17.34,0.113,201.25,1999,FD8565,Regular,Snack Foods,OUT003,Medium,Tier 1,Departmental Store
14.42,0.088,164.84,1999,DR6099,Low Sugar,Hard Drinks,OUT003,Medium,Tier 1,Departmental Store
12.92,0.053,164.32,2009,NC2448,No Sugar,Health and Hygiene,OUT004,Medium,Tier 2,Supermarket Type2
8.02,0.021,138.84,1998,FD6681,Regular,Meat,OUT002,Small,Tier 3,Food Mart
10.01,0.107,157.42,2009,FD3731,Low Sugar,Canned,OUT004,Medium,Tier 2,Supermarket Type2
15.56,0.173,179.53,1987,FD8603,Low Sugar,Dairy,OUT001,High,Tier 2,Supermarket Type1
8.99,0.066,83.37,1998,NC1406,No Sugar,Health and Hygiene,OUT002,Small,Tier 3,Food Mart
15.15,0.035,147.73,1987,FD8570,Low Sugar,Fruits and Vegetables,OUT001,High,Tier 2,Supermarket Type1
9.36,0.124,116.16,1998,FD7315,Low Sugar,Snack Foods,OUT002,Small,Tier 3,Food Mart
13.27,0.061,142.68,2009,FD1716,Regular,Frozen Foods,OUT004,Medium,Tier 2,Supermarket Type2
14.35,0.038,175.22,1999,FD794,Low Sugar,Frozen Foods,OUT003,Medium,Tier 1,Departmental Store
14.48,0.108,114.8,2009,FD7824,Low Sugar,Fruits and Vegetables,OUT004,Medium,Tier 2,Supermarket Type2
9.34,0.019,143.34,2009,NC6390,No Sugar,Household,OUT004,Medium,Tier 2,Supermarket Type2
14.57,0.043,156.26,1987,NC6047,No Sugar,Health and Hygiene,OUT001,High,Tier 2,Supermarket Type1
10.41,0.073,148.34,2009,FD1626,Regular,Frozen Foods,OUT004,Medium,Tier 2,Supermarket Type2
12.55,0.029,151.83,2009,FD1943,Regular,Fruits and Vegetables,OUT004,Medium,Tier 2,Supermarket Type2
14.5,0.021,228.92,1999,FD6949,Low Sugar,Breads,OUT003,Medium,Tier 1,Departmental Store
14.15,0.025,196.25,1987,FD5279,Regular,Snack Foods,OUT001,High,Tier 2,Supermarket Type1
15.11,0.046,188.96,1987,FD3272,Low Sugar,Dairy,OUT001,High,Tier 2,Supermarket Type1
14.14,0.047,167.85,1999,FD4645,Low Sugar,Frozen Foods,OUT003,Medium,Tier 1,Departmental Store
12.8,0.083,163.35,2009,DR1694,Low Sugar,Hard Drinks,OUT004,Medium,Tier 2,Supermarket Type2
12.35,0.028,183.26,1987,FD6168,Low Sugar,Dairy,OUT001,High,Tier 2,Supermarket Type1
14.94,0.035,147.75,2009,FD1377,Low Sugar,Frozen Foods,OUT004,Medium,Tier 2,Supermarket Type2
9.55,0.127,121.5,1998,FD7443,Low Sugar,Dairy,OUT002,Small,Tier 3,Food Mart
12.11,0.126,165.01,2009,FD6570,Low Sugar,Breakfast,OUT004,Medium,Tier 2,Supermarket Type2
11.36,0.103,111.23,1987,FD69,Low Sugar,Dairy,OUT001,High,Tier 2,Supermarket Type1
11.8,0.148,142.53,2009,FD7091,Low Sugar,Fruits and Vegetables,OUT004,Medium,Tier 2,Supermarket Type2
11.64,0.096,162.23,2009,FD5052,Low Sugar,Frozen Foods,OUT004,Medium,Tier 2,Supermarket Type2
10.11,0.026,118.72,1998,DR1493,Low Sugar,Hard Drinks,OUT002,Small,Tier 3,Food Mart
15.44,0.031,184.62,1987,FD5566,Regular,Breads,OUT001,High,Tier 2,Supermarket Type1
12.96,0.034,179.75,1998,FD318,Low Sugar,Fruits and Vegetables,OUT002,Small,Tier 3,Food Mart
10.95,0.019,125.62,2009,NC4420,No Sugar,Household,OUT004,Medium,Tier 2,Supermarket Type2
12.63,0.046,110.82,2009,FD4751,Regular,Canned,OUT004,Medium,Tier 2,Supermarket Type2
14.98,0.022,142.36,2009,FD7417,Low Sugar,Frozen Foods,OUT004,Medium,Tier 2,Supermarket Type2
13.62,0.011,174.75,1999,NC2091,No Sugar,Health and Hygiene,OUT003,Medium,Tier 1,Departmental Store
13.29,0.081,187.52,1999,FD3440,Low Sugar,Fruits and Vegetables,OUT003,Medium,Tier 1,Departmental Store
7.26,0.054,128.93,1998,FD598,Low Sugar,Fruits and Vegetables,OUT002,Small,Tier 3,Food Mart
11.55,0.083,199.36,1999,FD7355,Regular,Frozen Foods,OUT003,Medium,Tier 1,Departmental Store
11.53,0.12,142.41,2009,FD3185,Low Sugar,Breads,OUT004,Medium,Tier 2,Supermarket Type2
17.91,0.028,171.88,1999,FD1042,Low Sugar,Breads,OUT003,Medium,Tier 1,Departmental Store
15.68,0.118,162.72,1999,FD4220,Regular,Frozen Foods,OUT003,Medium,Tier 1,Departmental Store
12.95,0.021,145.95,2009,FD6928,Low Sugar,Dairy,OUT004,Medium,Tier 2,Supermarket Type2
10.9,0.039,126.73,2009,FD5110,Low Sugar,Fruits and Vegetables,OUT004,Medium,Tier 2,Supermarket Type2
11.04,0.046,147.61,2009,FD1073,Regular,Fruits and Vegetables,OUT004,Medium,Tier 2,Supermarket Type2
13.63,0.012,163.98,1987,FD8269,Low Sugar,Fruits and Vegetables,OUT001,High,Tier 2,Supermarket Type1
12.89,0.086,149.01,2009,FD3637,Low Sugar,Fruits and Vegetables,OUT004,Medium,Tier 2,Supermarket Type2
16.22,0.019,162.84,1987,FD7524,Low Sugar,Seafood,OUT001,High,Tier 2,Supermarket Type1
11.54,0.127,82.63,1998,FD8210,Regular,Frozen Foods,OUT002,Small,Tier 3,Food Mart
12.9,0.097,162.02,2009,FD836,Low Sugar,Fruits and Vegetables,OUT004,Medium,Tier 2,Supermarket Type2
10.45,0.061,120.13,1987,FD8619,Low Sugar,Breads,OUT001,High,Tier 2,Supermarket Type1
11.23,0.054,109.87,1987,NC822,No Sugar,Health and Hygiene,OUT001,High,Tier 2,Supermarket Type1
15.24,0.026,120.93,2009,FD7554,Regular,Baking Goods,OUT004,Medium,Tier 2,Supermarket Type2
16.34,0.139,205.83,1999,NC7786,No Sugar,Health and Hygiene,OUT003,Medium,Tier 1,Departmental Store
10.82,0.013,93.37,1998,DR1660,Low Sugar,Soft Drinks,OUT002,Small,Tier 3,Food Mart
14.08,0.142,160.08,1987,FD6269,Low Sugar,Dairy,OUT001,High,Tier 2,Supermarket Type1
12.95,0.046,146.97,2009,NC2891,No Sugar,Others,OUT004,Medium,Tier 2,Supermarket Type2
14.15,0.016,172.04,1999,FD3846,Regular,Fruits and Vegetables,OUT003,Medium,Tier 1,Departmental Store
14.99,0.051,163.35,1999,FD4623,Regular,Snack Foods,OUT003,Medium,Tier 1,Departmental Store
10.16,0.054,111.96,1998,NC4123,No Sugar,Health and Hygiene,OUT002,Small,Tier 3,Food Mart
9.61,0.118,154.62,2009,FD6095,Regular,Snack Foods,OUT004,Medium,Tier 2,Supermarket Type2
8.57,0.067,98.22,1999,NC278,No Sugar,Household,OUT003,Medium,Tier 1,Departmental Store
12.61,0.093,131.79,2009,DR5914,Regular,Soft Drinks,OUT004,Medium,Tier 2,Supermarket Type2
14.28,0.052,141.72,2009,NC6147,No Sugar,Health and Hygiene,OUT004,Medium,Tier 2,Supermarket Type2
11.35,0.033,130.24,2009,NC8635,No Sugar,Health and Hygiene,OUT004,Medium,Tier 2,Supermarket Type2
12.77,0.052,148.67,2009,FD866,Low Sugar,Snack Foods,OUT004,Medium,Tier 2,Supermarket Type2
13.52,0.019,137.98,2009,FD8725,Low Sugar,Frozen Foods,OUT004,Medium,Tier 2,Supermarket Type2
11.24,0.068,128.89,2009,FD5611,Regular,Snack Foods,OUT004,Medium,Tier 2,Supermarket Type2
11.69,0.047,159.77,2009,NC1889,No Sugar,Health and Hygiene,OUT004,Medium,Tier 2,Supermarket Type2
10.98,0.122,107.51,1998,DR912,Low Sugar,Soft Drinks,OUT002,Small,Tier 3,Food Mart
12.09,0.152,130.63,2009,FD8717,Low Sugar,Frozen Foods,OUT004,Medium,Tier 2,Supermarket Type2
11.87,0.113,180.96,2009,FD1633,Low Sugar,Meat,OUT004,Medium,Tier 2,Supermarket Type2
9.48,0.133,150.23,2009,FD635,Low Sugar,Dairy,OUT004,Medium,Tier 2,Supermarket Type2
7.39,0.013,119.24,1998,FD938,Low Sugar,Fruits and Vegetables,OUT002,Small,Tier 3,Food Mart
12.19,0.038,125.9,2009,FD5034,Regular,Dairy,OUT004,Medium,Tier 2,Supermarket Type2
15.66,0.085,182.96,1987,FD4313,Low Sugar,Canned,OUT001,High,Tier 2,Supermarket Type1
11.65,0.036,153.05,2009,NC4742,No Sugar,Health and Hygiene,OUT004,Medium,Tier 2,Supermarket Type2
11.91,0.041,94.69,1998,FD7007,Low Sugar,Fruits and Vegetables,OUT002,Small,Tier 3,Food Mart
17.06,0.041,144.67,1999,NC7132,No Sugar,Health and Hygiene,OUT003,Medium,Tier 1,Departmental Store
14.47,0.01,146.03,2009,FD7216,Regular,Canned,OUT004,Medium,Tier 2,Supermarket Type2
12.1,0.085,155.02,2009,FD3608,Low Sugar,Baking Goods,OUT004,Medium,Tier 2,Supermarket Type2
12.35,0.054,161.07,2009,DR3506,Low Sugar,Soft Drinks,OUT004,Medium,Tier 2,Supermarket Type2
11.99,0.004,114.18,2009,FD3428,Low Sugar,Fruits and Vegetables,OUT004,Medium,Tier 2,Supermarket Type2
11.59,0.085,135.1,2009,FD6869,Low Sugar,Canned,OUT004,Medium,Tier 2,Supermarket Type2
16.0,0.031,205.47,1999,FD4266,Low Sugar,Frozen Foods,OUT003,Medium,Tier 1,Departmental Store
12.07,0.015,151.64,2009,DR3415,Low Sugar,Soft Drinks,OUT004,Medium,Tier 2,Supermarket Type2
12.46,0.011,144.98,2009,DR1834,Low Sugar,Soft Drinks,OUT004,Medium,Tier 2,Supermarket Type2
15.11,0.063,188.83,1987,FD1277,Low Sugar,Frozen Foods,OUT001,High,Tier 2,Supermarket Type1
10.72,0.113,158.26,2009,FD6925,Regular,Baking Goods,OUT004,Medium,Tier 2,Supermarket Type2
15.72,0.076,103.46,2009,FD4825,Low Sugar,Snack Foods,OUT004,Medium,Tier 2,Supermarket Type2
11.78,0.027,128.7,2009,FD3816,Low Sugar,Canned,OUT004,Medium,Tier 2,Supermarket Type2
13.68,0.042,129.32,2009,FD3509,Low Sugar,Frozen Foods,OUT004,Medium,Tier 2,Supermarket Type2
13.96,0.097,162.71,1998,DR440,Low Sugar,Hard Drinks,OUT002,Small,Tier 3,Food Mart
12.17,0.053,120.79,2009,FD4418,Low Sugar,Frozen Foods,OUT004,Medium,Tier 2,Supermarket Type2
15.68,0.015,158.82,1999,NC1411,No Sugar,Household,OUT003,Medium,Tier 1,Departmental Store
15.05,0.076,168.99,1999,FD1341,Low Sugar,Snack Foods,OUT003,Medium,Tier 1,Departmental Store
15.5,0.025,135.61,2009,FD4845,Regular,Seafood,OUT004,Medium,Tier 2,Supermarket Type2
11.73,0.071,132.08,2009,FD4476,Regular,Canned,OUT004,Medium,Tier 2,Supermarket Type2
14.87,0.014,132.95,2009,FD3175,Regular,Meat,OUT004,Medium,Tier 2,Supermarket Type2
17.11,0.049,176.42,1999,DR1258,Regular,Soft Drinks,OUT003,Medium,Tier 1,Departmental Store
14.04,0.142,144.73,2009,FD7141,Regular,Fruits and Vegetables,OUT004,Medium,Tier 2,Supermarket Type2
12.07,0.047,145.62,2009,DR6684,Low Sugar,Soft Drinks,OUT004,Medium,Tier 2,Supermarket Type2
13.62,0.021,168.33,1987,FD3981,Low Sugar,Fruits and Vegetables,OUT001,High,Tier 2,Supermarket Type1
12.29,0.109,127.14,2009,FD6471,Low Sugar,Frozen Foods,OUT004,Medium,Tier 2,Supermarket Type2
12.27,0.022,127.72,2009,DR2236,Regular,Hard Drinks,OUT004,Medium,Tier 2,Supermarket Type2
12.29,0.093,143.37,2009,DR7448,Regular,Soft Drinks,OUT004,Medium,Tier 2,Supermarket Type2
16.34,0.035,160.16,1987,FD4049,Low Sugar,Baking Goods,OUT001,High,Tier 2,Supermarket Type1
12.75,0.038,114.56,2009,FD2184,Regular,Snack Foods,OUT004,Medium,Tier 2,Supermarket Type2
12.22,0.047,176.08,2009,NC1424,No Sugar,Household,OUT004,Medium,Tier 2,Supermarket Type2
10.03,0.064,100.21,1998,FD3685,Low Sugar,Baking Goods,OUT002,Small,Tier 3,Food Mart
9.66,0.017,124.61,1987,FD3226,Low Sugar,Frozen Foods,OUT001,High,Tier 2,Supermarket Type1
11.34,0.03,196.92,1987,FD4112,Regular,Fruits and Vegetables,OUT001,High,Tier 2,Supermarket Type1
11.11,0.105,134.32,2009,FD1436,Regular,Snack Foods,OUT004,Medium,Tier 2,Supermarket Type2
15.93,0.041,149.16,1999,FD4390,Low Sugar,Frozen Foods,OUT003,Medium,Tier 1,Departmental Store
12.14,0.047,132.51,2009,FD3111,Regular,Fruits and Vegetables,OUT004,Medium,Tier 2,Supermarket Type2
11.19,0.028,166.97,2009,FD4826,Low Sugar,Fruits and Vegetables,OUT004,Medium,Tier 2,Supermarket Type2
13.73,0.047,147.0,2009,NC1644,No Sugar,Household,OUT004,Medium,Tier 2,Supermarket Type2
11.81,0.104,150.43,2009,NC5631,No Sugar,Household,OUT004,Medium,Tier 2,Supermarket Type2
14.85,0.013,195.45,1987,FD6754,Regular,Snack Foods,OUT001,High,Tier 2,Supermarket Type1
11.42,0.015,125.11,2009,FD3941,Regular,Frozen Foods,OUT004,Medium,Tier 2,Supermarket Type2
13.37,0.09,181.22,1999,NC2902,No Sugar,Others,OUT003,Medium,Tier 1,Departmental Store
9.63,0.091,104.7,1998,NC3756,No Sugar,Health and Hygiene,OUT002,Small,Tier 3,Food Mart
11.98,0.014,166.73,2009,FD2691,Low Sugar,Snack Foods,OUT004,Medium,Tier 2,Supermarket Type2
12.76,0.092,151.17,2009,FD4547,Regular,Canned,OUT004,Medium,Tier 2,Supermarket Type2
10.99,0.015,145.42,2009,FD7986,Regular,Frozen Foods,OUT004,Medium,Tier 2,Supermarket Type2
12.14,0.125,165.59,2009,FD8262,Regular,Fruits and Vegetables,OUT004,Medium,Tier 2,Supermarket Type2
13.03,0.017,142.37,2009,NC8601,No Sugar,Health and Hygiene,OUT004,Medium,Tier 2,Supermarket Type2
12.13,0.033,140.19,2009,DR6388,Regular,Soft Drinks,OUT004,Medium,Tier 2,Supermarket Type2
12.57,0.038,127.32,2009,FD16,Low Sugar,Canned,OUT004,Medium,Tier 2,Supermarket Type2
14.35,0.013,176.79,1999,FD6402,Low Sugar,Dairy,OUT003,Medium,Tier 1,Departmental Store
9.75,0.073,144.78,2009,FD6148,Regular,Frozen Foods,OUT004,Medium,Tier 2,Supermarket Type2
14.61,0.014,157.95,1987,FD5227,Regular,Snack Foods,OUT001,High,Tier 2,Supermarket Type1
10.11,0.031,135.36,2009,NC2316,No Sugar,Household,OUT004,Medium,Tier 2,Supermarket Type2
7.93,0.012,119.38,1998,FD4279,Low Sugar,Fruits and Vegetables,OUT002,Small,Tier 3,Food Mart
11.53,0.037,159.86,2009,FD831,Low Sugar,Fruits and Vegetables,OUT004,Medium,Tier 2,Supermarket Type2
16.35,0.112,185.71,1999,FD5484,Low Sugar,Meat,OUT003,Medium,Tier 1,Departmental Store
11.32,0.04,113.33,1987,NC7509,No Sugar,Health and Hygiene,OUT001,High,Tier 2,Supermarket Type1
11.36,0.087,160.71,2009,DR7070,Low Sugar,Soft Drinks,OUT004,Medium,Tier 2,Supermarket Type2
11.33,0.036,156.12,2009,DR7564,Regular,Hard Drinks,OUT004,Medium,Tier 2,Supermarket Type2
9.71,0.015,152.0,2009,NC418,No Sugar,Household,OUT004,Medium,Tier 2,Supermarket Type2
10.78,0.053,193.54,2009,FD6289,Low Sugar,Fruits and Vegetables,OUT004,Medium,Tier 2,Supermarket Type2
12.92,0.088,116.99,2009,DR7186,Regular,Soft Drinks,OUT004,Medium,Tier 2,Supermarket Type2
11.93,0.102,109.5,2009,FD7241,Low Sugar,Breads,OUT004,Medium,Tier 2,Supermarket Type2
14.88,0.061,166.43,1999,FD2788,Regular,Canned,OUT003,Medium,Tier 1,Departmental Store
13.82,0.016,161.04,1987,FD4945,Regular,Canned,OUT001,High,Tier 2,Supermarket Type1
12.29,0.059,162.33,2009,FD4637,Regular,Frozen Foods,OUT004,Medium,Tier 2,Supermarket Type2
12.23,0.024,137.52,2009,FD2340,Regular,Snack Foods,OUT004,Medium,Tier 2,Supermarket Type2
13.97,0.105,160.54,1987,NC4935,No Sugar,Household,OUT001,High,Tier 2,Supermarket Type1
9.1,0.055,139.96,2009,FD3654,Regular,Frozen Foods,OUT004,Medium,Tier 2,Supermarket Type2
11.57,0.035,161.47,2009,FD3346,Low Sugar,Frozen Foods,OUT004,Medium,Tier 2,Supermarket Type2
11.18,0.018,113.14,1987,DR4929,Low Sugar,Soft Drinks,OUT001,High,Tier 2,Supermarket Type1
18.74,0.034,184.15,1999,FD5274,Low Sugar,Dairy,OUT003,Medium,Tier 1,Departmental Store
9.02,0.073,108.16,1998,FD2714,Low Sugar,Frozen Foods,OUT002,Small,Tier 3,Food Mart
13.52,0.024,169.29,1987,FD3482,Low Sugar,Dairy,OUT001,High,Tier 2,Supermarket Type1
14.2,0.018,146.52,2009,FD5267,Low Sugar,Meat,OUT004,Medium,Tier 2,Supermarket Type2
15.2,0.076,156.48,1999,NC1603,No Sugar,Household,OUT003,Medium,Tier 1,Departmental Store
13.45,0.045,153.59,2009,FD1826,Regular,Frozen Foods,OUT004,Medium,Tier 2,Supermarket Type2
12.76,0.041,133.96,2009,FD8038,Low Sugar,Canned,OUT004,Medium,Tier 2,Supermarket Type2
15.43,0.123,162.17,1999,FD3126,Low Sugar,Snack Foods,OUT003,Medium,Tier 1,Departmental Store
13.36,0.053,122.97,2009,FD7830,Low Sugar,Baking Goods,OUT004,Medium,Tier 2,Supermarket Type2
13.24,0.085,153.86,2009,FD3581,Low Sugar,Breads,OUT004,Medium,Tier 2,Supermarket Type2
11.37,0.014,191.25,1987,FD370,Low Sugar,Snack Foods,OUT001,High,Tier 2,Supermarket Type1
11.7,0.028,114.71,1999,FD492,Low Sugar,Frozen Foods,OUT003,Medium,Tier 1,Departmental Store
15.54,0.066,151.37,1987,NC3455,No Sugar,Household,OUT001,High,Tier 2,Supermarket Type1
11.55,0.054,148.92,2009,DR6608,Regular,Soft Drinks,OUT004,Medium,Tier 2,Supermarket Type2
14.38,0.025,184.71,1999,FD464,Low Sugar,Dairy,OUT003,Medium,Tier 1,Departmental Store
12.39,0.029,141.6,2009,FD1555,Low Sugar,Dairy,OUT004,Medium,Tier 2,Supermarket Type2
12.28,0.021,143.51,2009,FD6187,Low Sugar,Fruits and Vegetables,OUT004,Medium,Tier 2,Supermarket Type2
6.78,0.11,125.21,1998,FD1078,Low Sugar,Dairy,OUT002,Small,Tier 3,Food Mart
10.39,0.021,103.17,1998,FD5881,Regular,Snack Foods,OUT002,Small,Tier 3,Food Mart
15.07,0.014,176.85,1987,FD3286,Low Sugar,Fruits and Vegetables,OUT001,High,Tier 2,Supermarket Type1
12.93,0.025,168.67,2009,FD7452,Low Sugar,Dairy,OUT004,Medium,Tier 2,Supermarket Type2
11.25,0.073,112.68,1987,FD7985,Low Sugar,Frozen Foods,OUT001,High,Tier 2,Supermarket Type1
10.7,0.062,149.39,2009,NC1449,No Sugar,Health and Hygiene,OUT004,Medium,Tier 2,Supermarket Type2
11.32,0.026,134.97,2009,FD2240,reg,Snack Foods,OUT004,Medium,Tier 2,Supermarket Type2
9.52,0.125,145.51,2009,DR3952,Regular,Soft Drinks,OUT004,Medium,Tier 2,Supermarket Type2
13.61,0.081,162.05,2009,FD2693,Regular,Canned,OUT004,Medium,Tier 2,Supermarket Type2
13.01,0.077,168.09,2009,FD5674,Low Sugar,Canned,OUT004,Medium,Tier 2,Supermarket Type2
17.56,0.139,164.32,1999,FD2027,Low Sugar,Baking Goods,OUT003,Medium,Tier 1,Departmental Store
14.65,0.019,162.2,1999,DR8556,Regular,Soft Drinks,OUT003,Medium,Tier 1,Departmental Store
10.71,0.126,165.94,2009,FD3297,Low Sugar,Frozen Foods,OUT004,Medium,Tier 2,Supermarket Type2
11.09,0.123,80.12,1998,FD8152,Low Sugar,Snack Foods,OUT002,Small,Tier 3,Food Mart
9.89,0.049,111.6,1998,FD4206,Low Sugar,Meat,OUT002,Small,Tier 3,Food Mart
13.39,0.026,140.99,2009,FD5024,Low Sugar,Frozen Foods,OUT004,Medium,Tier 2,Supermarket Type2
13.89,0.123,124.96,2009,NC343,No Sugar,Household,OUT004,Medium,Tier 2,Supermarket Type2
9.24,0.03,128.9,1987,NC4362,No Sugar,Household,OUT001,High,Tier 2,Supermarket Type1
11.38,0.021,140.64,2009,FD4800,Low Sugar,Dairy,OUT004,Medium,Tier 2,Supermarket Type2
11.17,0.039,176.59,2009,FD1912,Regular,Fruits and Vegetables,OUT004,Medium,Tier 2,Supermarket Type2
11.93,0.04,123.32,2009,FD4239,Regular,Snack Foods,OUT004,Medium,Tier 2,Supermarket Type2
9.44,0.016,125.39,1998,FD1780,Low Sugar,Breads,OUT002,Small,Tier 3,Food Mart
9.65,0.085,68.65,1998,FD1803,Regular,Fruits and Vegetables,OUT002,Small,Tier 3,Food Mart
14.98,0.098,133.58,2009,FD8410,Low Sugar,Breads,OUT004,Medium,Tier 2,Supermarket Type2
14.43,0.012,147.86,2009,FD7874,Low Sugar,Frozen Foods,OUT004,Medium,Tier 2,Supermarket Type2
13.02,0.014,167.91,2009,NC1383,No Sugar,Household,OUT004,Medium,Tier 2,Supermarket Type2
10.01,0.051,120.13,1987,FD1414,Low Sugar,Dairy,OUT001,High,Tier 2,Supermarket Type1
8.72,0.098,152.5,2009,FD5899,Regular,Frozen Foods,OUT004,Medium,Tier 2,Supermarket Type2
4.28,0.037,79.65,1998,FD6044,Low Sugar,Dairy,OUT002,Small,Tier 3,Food Mart
12.91,0.019,167.01,2009,NC2307,No Sugar,Others,OUT004,Medium,Tier 2,Supermarket Type2
13.52,0.14,139.07,2009,FD7321,Regular,Dairy,OUT004,Medium,Tier 2,Supermarket Type2
11.7,0.012,146.45,2009,DR5555,Low Sugar,Soft Drinks,OUT004,Medium,Tier 2,Supermarket Type2
13.57,0.091,201.17,1998,FD352,Low Sugar,Frozen Foods,OUT002,Small,Tier 3,Food Mart
15.95,0.096,192.85,1999,FD6780,Low Sugar,Snack Foods,OUT003,Medium,Tier 1,Departmental Store
16.69,0.065,179.87,1999,FD5795,Low Sugar,Breads,OUT003,Medium,Tier 1,Departmental Store
13.68,0.115,127.8,2009,NC1128,No Sugar,Household,OUT004,Medium,Tier 2,Supermarket Type2
14.73,0.035,158.53,1987,FD7901,Low Sugar,Baking Goods,OUT001,High,Tier 2,Supermarket Type1
12.84,0.055,146.43,2009,FD8197,Low Sugar,Fruits and Vegetables,OUT004,Medium,Tier 2,Supermarket Type2
14.38,0.035,181.77,1987,DR4234,Low Sugar,Soft Drinks,OUT001,High,Tier 2,Supermarket Type1
10.79,0.026,109.02,1998,FD8381,Low Sugar,Baking Goods,OUT002,Small,Tier 3,Food Mart
8.48,0.019,134.6,1998,FD3597,Low Sugar,Frozen Foods,OUT002,Small,Tier 3,Food Mart
14.53,0.05,200.91,1999,FD60,Regular,Canned,OUT003,Medium,Tier 1,Departmental Store
14.8,0.147,145.64,2009,FD7804,Regular,Baking Goods,OUT004,Medium,Tier 2,Supermarket Type2
13.04,0.025,200.01,1987,NC148,No Sugar,Household,OUT001,High,Tier 2,Supermarket Type1
12.0,0.085,128.95,2009,DR7712,Low Sugar,Soft Drinks,OUT004,Medium,Tier 2,Supermarket Type2
11.83,0.128,139.06,2009,FD6874,Regular,Frozen Foods,OUT004,Medium,Tier 2,Supermarket Type2
12.8,0.036,115.4,2009,FD4114,Low Sugar,Meat,OUT004,Medium,Tier 2,Supermarket Type2
8.04,0.013,108.38,1998,FD3978,Low Sugar,Dairy,OUT002,Small,Tier 3,Food Mart
9.79,0.027,136.67,2009,FD2297,Low Sugar,Dairy,OUT004,Medium,Tier 2,Supermarket Type2
13.96,0.035,155.03,2009,FD4872,Low Sugar,Frozen Foods,OUT004,Medium,Tier 2,Supermarket Type2
10.99,0.112,127.18,2009,NC7491,No Sugar,Household,OUT004,Medium,Tier 2,Supermarket Type2
11.82,0.049,114.8,2009,FD679,Low Sugar,Dairy,OUT004,Medium,Tier 2,Supermarket Type2
10.94,0.147,157.42,2009,FD1335,Low Sugar,Canned,OUT004,Medium,Tier 2,Supermarket Type2
14.85,0.13,182.46,1987,FD5309,Low Sugar,Baking Goods,OUT001,High,Tier 2,Supermarket Type1
11.09,0.067,129.2,2009,FD682,Regular,Fruits and Vegetables,OUT004,Medium,Tier 2,Supermarket Type2
10.66,0.017,131.07,2009,NC6524,No Sugar,Household,OUT004,Medium,Tier 2,Supermarket Type2
14.67,0.03,155.11,1987,NC8212,No Sugar,Others,OUT001,High,Tier 2,Supermarket Type1
13.9,0.079,159.87,2009,NC5051,No Sugar,Household,OUT004,Medium,Tier 2,Supermarket Type2
14.12,0.069,182.13,1987,NC2320,No Sugar,Health and Hygiene,OUT001,High,Tier 2,Supermarket Type1
11.62,0.055,141.13,2009,FD4506,Regular,Baking Goods,OUT004,Medium,Tier 2,Supermarket Type2
18.23,0.013,235.59,1999,FD2305,Low Sugar,Meat,OUT003,Medium,Tier 1,Departmental Store
10.69,0.055,117.61,1987,FD5427,Regular,Snack Foods,OUT001,High,Tier 2,Supermarket Type1
14.47,0.037,191.5,1987,DR6663,Regular,Hard Drinks,OUT001,High,Tier 2,Supermarket Type1
14.82,0.031,204.52,1999,NC5448,No Sugar,Health and Hygiene,OUT003,Medium,Tier 1,Departmental Store
11.75,0.076,148.84,2009,FD2940,Low Sugar,Fruits and Vegetables,OUT004,Medium,Tier 2,Supermarket Type2
11.35,0.018,84.89,1998,FD4392,Regular,Meat,OUT002,Small,Tier 3,Food Mart
8.95,0.129,113.79,1998,FD8348,Low Sugar,Meat,OUT002,Small,Tier 3,Food Mart
13.17,0.075,185.03,1999,FD4982,Low Sugar,Fruits and Vegetables,OUT003,Medium,Tier 1,Departmental Store
11.91,0.096,125.39,2009,FD5239,Low Sugar,Snack Foods,OUT004,Medium,Tier 2,Supermarket Type2
11.83,0.045,162.44,2009,NC2759,No Sugar,Health and Hygiene,OUT004,Medium,Tier 2,Supermarket Type2
10.88,0.048,143.6,2009,FD7590,Low Sugar,Breads,OUT004,Medium,Tier 2,Supermarket Type2
14.0,0.128,150.72,2009,FD2041,Low Sugar,Fruits and Vegetables,OUT004,Medium,Tier 2,Supermarket Type2
10.61,0.037,83.75,1998,FD7660,Low Sugar,Fruits and Vegetables,OUT002,Small,Tier 3,Food Mart
12.93,0.042,152.25,2009,FD3985,Low Sugar,Dairy,OUT004,Medium,Tier 2,Supermarket Type2
15.6,0.066,138.77,2009,DR3456,Low Sugar,Soft Drinks,OUT004,Medium,Tier 2,Supermarket Type2
9.21,0.085,131.19,1987,FD2302,Low Sugar,Baking Goods,OUT001,High,Tier 2,Supermarket Type1
8.73,0.056,101.72,1998,FD4492,Low Sugar,Snack Foods,OUT002,Small,Tier 3,Food Mart
12.93,0.019,134.66,2009,FD3232,Regular,Meat,OUT004,Medium,Tier 2,Supermarket Type2
11.96,0.023,152.68,2009,FD4098,Low Sugar,Breads,OUT004,Medium,Tier 2,Supermarket Type2
12.26,0.122,196.93,1999,FD2359,Low Sugar,Fruits and Vegetables,OUT003,Medium,Tier 1,Departmental Store
10.12,0.082,79.92,1987,FD143,Low Sugar,Meat,OUT001,High,Tier 2,Supermarket Type1
12.55,0.011,147.76,2009,NC3165,No Sugar,Household,OUT004,Medium,Tier 2,Supermarket Type2
12.63,0.027,124.38,2009,FD1020,Regular,Meat,OUT004,Medium,Tier 2,Supermarket Type2
16.46,0.173,200.07,1999,FD4345,Low Sugar,Fruits and Vegetables,OUT003,Medium,Tier 1,Departmental Store
10.23,0.129,54.23,1998,DR1957,Low Sugar,Soft Drinks,OUT002,Small,Tier 3,Food Mart
9.84,0.111,106.15,1998,FD3003,Low Sugar,Frozen Foods,OUT002,Small,Tier 3,Food Mart
14.78,0.039,212.84,1999,FD5486,Low Sugar,Canned,OUT003,Medium,Tier 1,Departmental Store
14.12,0.136,177.84,1999,FD237,Regular,Frozen Foods,OUT003,Medium,Tier 1,Departmental Store
11.81,0.049,91.15,1998,FD2588,Low Sugar,Snack Foods,OUT002,Small,Tier 3,Food Mart
13.94,0.084,153.75,2009,FD6638,Low Sugar,Snack Foods,OUT004,Medium,Tier 2,Supermarket Type2
12.46,0.034,155.39,2009,FD1505,Low Sugar,Baking Goods,OUT004,Medium,Tier 2,Supermarket Type2
12.9,0.078,138.44,2009,FD3587,Low Sugar,Meat,OUT004,Medium,Tier 2,Supermarket Type2
14.13,0.038,174.77,1999,FD4120,Low Sugar,Starchy Foods,OUT003,Medium,Tier 1,Departmental Store
14.42,0.038,181.92,1987,FD4168,Regular,Snack Foods,OUT001,High,Tier 2,Supermarket Type1
11.87,0.037,169.4,2009,FD7820,Low Sugar,Meat,OUT004,Medium,Tier 2,Supermarket Type2
13.07,0.053,123.25,2009,FD6800,Regular,Canned,OUT004,Medium,Tier 2,Supermarket Type2
13.13,0.024,179.25,1999,NC7396,No Sugar,Others,OUT003,Medium,Tier 1,Departmental Store
16.58,0.184,148.33,1999,FD2341,Regular,Canned,OUT003,Medium,Tier 1,Departmental Store
11.85,0.112,181.27,2009,FD4241,Low Sugar,Snack Foods,OUT004,Medium,Tier 2,Supermarket Type2
15.89,0.076,201.66,1999,FD360,Low Sugar,Frozen Foods,OUT003,Medium,Tier 1,Departmental Store
10.83,0.014,178.78,2009,FD1931,Regular,Meat,OUT004,Medium,Tier 2,Supermarket Type2
15.52,0.107,213.87,1999,NC6575,No Sugar,Household,OUT003,Medium,Tier 1,Departmental Store
13.83,0.018,146.23,2009,FD7569,Low Sugar,Baking Goods,OUT004,Medium,Tier 2,Supermarket Type2
13.01,0.034,188.6,1999,NC8700,No Sugar,Health and Hygiene,OUT003,Medium,Tier 1,Departmental Store
15.29,0.105,166.6,1999,FD5776,Low Sugar,Dairy,OUT003,Medium,Tier 1,Departmental Store
9.61,0.06,128.02,1987,FD1159,Regular,Fruits and Vegetables,OUT001,High,Tier 2,Supermarket Type1
15.88,0.047,180.04,1987,NC2180,No Sugar,Household,OUT001,High,Tier 2,Supermarket Type1
12.57,0.015,206.35,1987,NC5897,No Sugar,Health and Hygiene,OUT001,High,Tier 2,Supermarket Type1
13.91,0.02,131.4,2009,FD3680,Regular,Meat,OUT004,Medium,Tier 2,Supermarket Type2
13.14,0.019,119.61,2009,FD1809,Low Sugar,Fruits and Vegetables,OUT004,Medium,Tier 2,Supermarket Type2
10.05,0.167,123.55,1987,FD5553,Low Sugar,Snack Foods,OUT001,High,Tier 2,Supermarket Type1
15.75,0.1,179.35,1987,FD3892,Low Sugar,Fruits and Vegetables,OUT001,High,Tier 2,Supermarket Type1
12.18,0.093,177.17,2009,FD5678,Low Sugar,Dairy,OUT004,Medium,Tier 2,Supermarket Type2
9.29,0.09,95.01,1998,FD7022,Low Sugar,Meat,OUT002,Small,Tier 3,Food Mart
12.22,0.082,172.53,2009,FD4608,Regular,Frozen Foods,OUT004,Medium,Tier 2,Supermarket Type2
11.31,0.071,165.68,2009,FD4971,Low Sugar,Snack Foods,OUT004,Medium,Tier 2,Supermarket Type2
15.86,0.054,174.17,1987,FD8682,Regular,Fruits and Vegetables,OUT001,High,Tier 2,Supermarket Type1
13.64,0.1,159.32,2009,FD5256,Low Sugar,Baking Goods,OUT004,Medium,Tier 2,Supermarket Type2
12.49,0.036,151.74,2009,NC7681,No Sugar,Health and Hygiene,OUT004,Medium,Tier 2,Supermarket Type2
10.43,0.021,108.43,1998,FD3457,Low Sugar,Frozen Foods,OUT002,Small,Tier 3,Food Mart
13.05,0.076,149.28,2009,FD1276,Low Sugar,Meat,OUT004,Medium,Tier 2,Supermarket Type2
10.49,0.047,122.86,1987,FD2841,Low Sugar,Baking Goods,OUT001,High,Tier 2,Supermarket Type1
11.36,0.097,136.92,2009,FD1967,Low Sugar,Baking Goods,OUT004,Medium,Tier 2,Supermarket Type2
13.59,0.046,176.65,1999,FD8397,Low Sugar,Frozen Foods,OUT003,Medium,Tier 1,Departmental Store
18.65,0.093,155.21,1999,FD8550,Regular,Frozen Foods,OUT003,Medium,Tier 1,Departmental Store
17.66,0.101,169.26,1999,FD6342,Low Sugar,Fruits and Vegetables,OUT003,Medium,Tier 1,Departmental Store
12.69,0.196,163.32,2009,NC5970,No Sugar,Household,OUT004,Medium,Tier 2,Supermarket Type2
10.77,0.11,173.1,2009,FD4875,Low Sugar,Frozen Foods,OUT004,Medium,Tier 2,Supermarket Type2
11.14,0.099,147.29,2009,NC2851,No Sugar,Household,OUT004,Medium,Tier 2,Supermarket Type2
15.45,0.162,199.37,1999,FD4494,Regular,Fruits and Vegetables,OUT003,Medium,Tier 1,Departmental Store
12.77,0.009,172.19,2009,FD6857,Regular,Baking Goods,OUT004,Medium,Tier 2,Supermarket Type2
13.14,0.016,136.33,2009,FD7388,Low Sugar,Snack Foods,OUT004,Medium,Tier 2,Supermarket Type2
13.52,0.1,185.4,1999,FD5891,Low Sugar,Fruits and Vegetables,OUT003,Medium,Tier 1,Departmental Store
14.3,0.094,163.52,1987,FD2043,reg,Fruits and Vegetables,OUT001,High,Tier 2,Supermarket Type1
12.09,0.102,135.79,2009,FD4232,Low Sugar,Snack Foods,OUT004,Medium,Tier 2,Supermarket Type2
10.54,0.094,151.96,2009,FD3238,Regular,Fruits and Vegetables,OUT004,Medium,Tier 2,Supermarket Type2
13.91,0.13,193.95,1987,FD4323,Low Sugar,Fruits and Vegetables,OUT001,High,Tier 2,Supermarket Type1
13.27,0.042,153.54,2009,FD3143,Regular,Baking Goods,OUT004,Medium,Tier 2,Supermarket Type2
6.16,0.047,96.51,1987,FD521,Low Sugar,Fruits and Vegetables,OUT001,High,Tier 2,Supermarket Type1
8.95,0.05,131.45,1998,NC1044,No Sugar,Health and Hygiene,OUT002,Small,Tier 3,Food Mart
12.24,0.065,87.91,1998,FD6310,Low Sugar,Breakfast,OUT002,Small,Tier 3,Food Mart
8.52,0.013,131.41,1998,FD6546,Low Sugar,Meat,OUT002,Small,Tier 3,Food Mart
9.79,0.141,71.57,1998,FD5979,Low Sugar,Snack Foods,OUT002,Small,Tier 3,Food Mart
11.32,0.066,130.05,2009,FD1399,Low Sugar,Baking Goods,OUT004,Medium,Tier 2,Supermarket Type2
9.39,0.09,191.52,2009,NC7842,No Sugar,Health and Hygiene,OUT004,Medium,Tier 2,Supermarket Type2
13.1,0.024,209.51,1987,FD4743,Regular,Dairy,OUT001,High,Tier 2,Supermarket Type1
14.09,0.151,169.31,1999,FD3964,Low Sugar,Canned,OUT003,Medium,Tier 1,Departmental Store
14.75,0.021,160.82,1999,FD8555,Low Sugar,Dairy,OUT003,Medium,Tier 1,Departmental Store
16.01,0.126,163.85,1987,FD1925,Regular,Frozen Foods,OUT001,High,Tier 2,Supermarket Type1
17.56,0.105,171.77,1999,NC6615,No Sugar,Household,OUT003,Medium,Tier 1,Departmental Store
12.41,0.015,172.0,2009,FD3431,Low Sugar,Fruits and Vegetables,OUT004,Medium,Tier 2,Supermarket Type2
10.18,0.02,142.08,2009,FD2483,Low Sugar,Snack Foods,OUT004,Medium,Tier 2,Supermarket Type2
14.08,0.019,159.17,1987,FD5322,Low Sugar,Breads,OUT001,High,Tier 2,Supermarket Type1
12.79,0.082,199.42,1987,FD6999,Regular,Meat,OUT001,High,Tier 2,Supermarket Type1
14.14,0.046,179.03,1998,FD19,Low Sugar,Baking Goods,OUT002,Small,Tier 3,Food Mart
11.59,0.021,192.9,1987,FD7568,Low Sugar,Snack Foods,OUT001,High,Tier 2,Supermarket Type1
14.35,0.116,145.74,2009,FD7338,Low Sugar,Meat,OUT004,Medium,Tier 2,Supermarket Type2
12.36,0.017,139.8,2009,FD6687,Low Sugar,Frozen Foods,OUT004,Medium,Tier 2,Supermarket Type2
13.19,0.051,171.04,1987,NC1048,No Sugar,Household,OUT001,High,Tier 2,Supermarket Type1
13.27,0.047,134.1,2009,DR2156,Low Sugar,Soft Drinks,OUT004,Medium,Tier 2,Supermarket Type2
11.76,0.172,156.41,2009,FD1261,Low Sugar,Meat,OUT004,Medium,Tier 2,Supermarket Type2
14.67,0.115,175.61,1999,NC2096,No Sugar,Household,OUT003,Medium,Tier 1,Departmental Store
12.91,0.084,143.81,2009,FD6334,Regular,Frozen Foods,OUT004,Medium,Tier 2,Supermarket Type2
10.48,0.042,133.1,2009,FD3172,Low Sugar,Canned,OUT004,Medium,Tier 2,Supermarket Type2
10.75,0.061,133.29,2009,FD3841,Low Sugar,Breakfast,OUT004,Medium,Tier 2,Supermarket Type2
11.09,0.076,111.05,1987,FD3080,Low Sugar,Breads,OUT001,High,Tier 2,Supermarket Type1
14.12,0.151,140.95,2009,FD3153,Low Sugar,Fruits and Vegetables,OUT004,Medium,Tier 2,Supermarket Type2
9.57,0.019,124.26,1998,NC1147,No Sugar,Others,OUT002,Small,Tier 3,Food Mart
12.18,0.181,126.06,2009,FD2616,Regular,Canned,OUT004,Medium,Tier 2,Supermarket Type2
14.75,0.153,173.07,1999,FD2924,Low Sugar,Snack Foods,OUT003,Medium,Tier 1,Departmental Store
15.25,0.057,181.76,1987,FD7637,Regular,Dairy,OUT001,High,Tier 2,Supermarket Type1
13.23,0.037,151.76,2009,FD3759,Low Sugar,Fruits and Vegetables,OUT004,Medium,Tier 2,Supermarket Type2
12.62,0.007,181.96,1987,FD1850,Low Sugar,Starchy Foods,OUT001,High,Tier 2,Supermarket Type1
10.9,0.013,91.2,1998,FD4124,Low Sugar,Snack Foods,OUT002,Small,Tier 3,Food Mart
14.19,0.028,155.48,2009,FD922,Low Sugar,Frozen Foods,OUT004,Medium,Tier 2,Supermarket Type2
11.85,0.061,182.97,1987,FD7381,Low Sugar,Baking Goods,OUT001,High,Tier 2,Supermarket Type1
11.91,0.059,192.83,1999,FD4512,Low Sugar,Meat,OUT003,Medium,Tier 1,Departmental Store
10.42,0.032,98.53,1998,FD2688,Regular,Breads,OUT002,Small,Tier 3,Food Mart
15.27,0.061,142.14,2009,NC8752,No Sugar,Others,OUT004,Medium,Tier 2,Supermarket Type2
11.17,0.016,137.87,2009,FD576,Low Sugar,Meat,OUT004,Medium,Tier 2,Supermarket Type2
12.84,0.089,109.71,2009,FD4918,Low Sugar,Snack Foods,OUT004,Medium,Tier 2,Supermarket Type2
13.25,0.104,107.7,2009,NC4054,No Sugar,Household,OUT004,Medium,Tier 2,Supermarket Type2
14.0,0.016,212.16,1999,FD8459,Low Sugar,Fruits and Vegetables,OUT003,Medium,Tier 1,Departmental Store
10.13,0.037,127.12,1987,FD7537,Low Sugar,Snack Foods,OUT001,High,Tier 2,Supermarket Type1
14.58,0.192,151.33,2009,FD3282,Regular,Fruits and Vegetables,OUT004,Medium,Tier 2,Supermarket Type2
9.95,0.09,166.52,2009,NC5189,No Sugar,Household,OUT004,Medium,Tier 2,Supermarket Type2
12.71,0.152,172.23,2009,FD919,Low Sugar,Dairy,OUT004,Medium,Tier 2,Supermarket Type2
16.22,0.188,142.3,1987,FD1746,Regular,Baking Goods,OUT001,High,Tier 2,Supermarket Type1
14.3,0.065,189.18,1987,FD2624,Regular,Breads,OUT001,High,Tier 2,Supermarket Type1
14.45,0.049,202.59,1987,FD1870,Low Sugar,Snack Foods,OUT001,High,Tier 2,Supermarket Type1
15.09,0.006,160.76,1999,FD5175,Regular,Fruits and Vegetables,OUT003,Medium,Tier 1,Departmental Store
11.19,0.015,155.38,2009,NC7535,No Sugar,Household,OUT004,Medium,Tier 2,Supermarket Type2
10.55,0.159,139.07,2009,NC6463,No Sugar,Household,OUT004,Medium,Tier 2,Supermarket Type2
12.22,0.025,167.18,2009,FD4305,Regular,Fruits and Vegetables,OUT004,Medium,Tier 2,Supermarket Type2
13.39,0.022,153.93,2009,NC1158,No Sugar,Others,OUT004,Medium,Tier 2,Supermarket Type2
12.24,0.042,219.05,1987,FD5539,Low Sugar,Baking Goods,OUT001,High,Tier 2,Supermarket Type1
10.87,0.026,141.53,2009,NC8369,No Sugar,Health and Hygiene,OUT004,Medium,Tier 2,Supermarket Type2
11.55,0.038,148.36,2009,NC2822,No Sugar,Health and Hygiene,OUT004,Medium,Tier 2,Supermarket Type2
11.99,0.031,128.57,2009,FD1607,Low Sugar,Frozen Foods,OUT004,Medium,Tier 2,Supermarket Type2
11.0,0.022,212.03,1999,FD6511,Low Sugar,Frozen Foods,OUT003,Medium,Tier 1,Departmental Store
16.33,0.099,165.11,1987,FD1232,Low Sugar,Snack Foods,OUT001,High,Tier 2,Supermarket Type1
12.27,0.035,137.97,2009,FD8689,Low Sugar,Canned,OUT004,Medium,Tier 2,Supermarket Type2
8.34,0.056,78.84,1987,FD509,Low Sugar,Canned,OUT001,High,Tier 2,Supermarket Type1
13.43,0.123,133.58,2009,FD7282,Regular,Fruits and Vegetables,OUT004,Medium,Tier 2,Supermarket Type2
10.95,0.039,123.62,2009,FD6945,Low Sugar,Canned,OUT004,Medium,Tier 2,Supermarket Type2
14.38,0.033,120.04,2009,FD5688,Low Sugar,Frozen Foods,OUT004,Medium,Tier 2,Supermarket Type2
13.7,0.171,135.23,2009,DR4700,Low Sugar,Hard Drinks,OUT004,Medium,Tier 2,Supermarket Type2
12.12,0.081,116.42,2009,FD2541,Low Sugar,Breakfast,OUT004,Medium,Tier 2,Supermarket Type2
15.33,0.137,228.45,1999,FD3909,Regular,Snack Foods,OUT003,Medium,Tier 1,Departmental Store
13.46,0.063,192.52,1987,NC658,No Sugar,Household,OUT001,High,Tier 2,Supermarket Type1
11.36,0.195,116.67,2009,FD3407,Regular,Fruits and Vegetables,OUT004,Medium,Tier 2,Supermarket Type2
15.06,0.034,165.64,1999,FD5250,Low Sugar,Snack Foods,OUT003,Medium,Tier 1,Departmental Store
11.39,0.059,134.62,2009,FD8466,Regular,Fruits and Vegetables,OUT004,Medium,Tier 2,Supermarket Type2
14.3,0.044,145.52,2009,FD5638,Low Sugar,Meat,OUT004,Medium,Tier 2,Supermarket Type2
12.99,0.082,169.17,2009,FD1950,Low Sugar,Meat,OUT004,Medium,Tier 2,Supermarket Type2
9.47,0.168,123.68,1998,FD2476,Low Sugar,Baking Goods,OUT002,Small,Tier 3,Food Mart
11.92,0.062,131.12,2009,FD6735,Regular,Breads,OUT004,Medium,Tier 2,Supermarket Type2
12.73,0.043,147.27,2009,FD8154,Low Sugar,Dairy,OUT004,Medium,Tier 2,Supermarket Type2
10.3,0.016,107.68,1998,FD4370,Low Sugar,Fruits and Vegetables,OUT002,Small,Tier 3,Food Mart
16.4,0.01,208.33,1999,FD7756,Low Sugar,Meat,OUT003,Medium,Tier 1,Departmental Store
15.45,0.033,172.22,1987,FD3667,Low Sugar,Fruits and Vegetables,OUT001,High,Tier 2,Supermarket Type1
13.15,0.064,175.29,1987,FD256,Low Sugar,Frozen Foods,OUT001,High,Tier 2,Supermarket Type1
13.7,0.061,173.67,1999,FD2571,Regular,Fruits and Vegetables,OUT003,Medium,Tier 1,Departmental Store
13.89,0.048,155.59,2009,FD7659,Regular,Frozen Foods,OUT004,Medium,Tier 2,Supermarket Type2
12.02,0.12,128.77,2009,NC1928,No Sugar,Household,OUT004,Medium,Tier 2,Supermarket Type2
12.88,0.01,181.93,1999,FD1478,Regular,Fruits and Vegetables,OUT003,Medium,Tier 1,Departmental Store
10.64,0.168,152.01,2009,FD716,Low Sugar,Canned,OUT004,Medium,Tier 2,Supermarket Type2
9.59,0.05,126.44,1987,NC644,No Sugar,Health and Hygiene,OUT001,High,Tier 2,Supermarket Type1
10.14,0.077,127.87,1987,FD7146,Regular,Frozen Foods,OUT001,High,Tier 2,Supermarket Type1
14.95,0.042,141.04,2009,FD6640,Low Sugar,Frozen Foods,OUT004,Medium,Tier 2,Supermarket Type2
11.56,0.113,151.4,2009,FD483,Low Sugar,Fruits and Vegetables,OUT004,Medium,Tier 2,Supermarket Type2
12.18,0.099,172.32,2009,FD1441,Low Sugar,Dairy,OUT004,Medium,Tier 2,Supermarket Type2
13.26,0.013,154.63,1998,FD535,Low Sugar,Snack Foods,OUT002,Small,Tier 3,Food Mart
15.43,0.047,167.03,1999,FD1410,Low Sugar,Frozen Foods,OUT003,Medium,Tier 1,Departmental Store
15.82,0.016,155.22,1999,NC7445,No Sugar,Household,OUT003,Medium,Tier 1,Departmental Store
12.48,0.035,158.46,2009,FD5722,Low Sugar,Breads,OUT004,Medium,Tier 2,Supermarket Type2
13.3,0.113,139.09,2009,FD7574,Low Sugar,Canned,OUT004,Medium,Tier 2,Supermarket Type2
11.06,0.014,85.09,1998,DR7802,Low Sugar,Soft Drinks,OUT002,Small,Tier 3,Food Mart
14.16,0.046,120.08,2009,NC1945,No Sugar,Household,OUT004,Medium,Tier 2,Supermarket Type2
14.39,0.047,191.54,1987,DR8062,Regular,Soft Drinks,OUT001,High,Tier 2,Supermarket Type1
13.4,0.024,101.68,2009,NC4044,No Sugar,Household,OUT004,Medium,Tier 2,Supermarket Type2
11.4,0.024,113.14,1987,DR6383,Low Sugar,Hard Drinks,OUT001,High,Tier 2,Supermarket Type1
13.9,0.023,179.14,1999,NC7642,No Sugar,Household,OUT003,Medium,Tier 1,Departmental Store
14.31,0.133,154.2,2009,FD7996,Regular,Seafood,OUT004,Medium,Tier 2,Supermarket Type2
12.21,0.061,158.79,2009,NC3317,No Sugar,Household,OUT004,Medium,Tier 2,Supermarket Type2
11.68,0.015,163.8,2009,NC6962,No Sugar,Household,OUT004,Medium,Tier 2,Supermarket Type2
11.09,0.128,90.68,1987,FD277,Low Sugar,Snack Foods,OUT001,High,Tier 2,Supermarket Type1
9.85,0.121,104.63,1998,FD6230,Low Sugar,Fruits and Vegetables,OUT002,Small,Tier 3,Food Mart
17.13,0.045,207.68,1999,FD3647,Low Sugar,Breads,OUT003,Medium,Tier 1,Departmental Store
10.21,0.034,124.16,1987,FD5182,Low Sugar,Dairy,OUT001,High,Tier 2,Supermarket Type1
13.73,0.022,155.08,2009,NC8350,No Sugar,Household,OUT004,Medium,Tier 2,Supermarket Type2
14.09,0.021,79.15,1987,DR6167,Low Sugar,Soft Drinks,OUT001,High,Tier 2,Supermarket Type1
10.85,0.151,167.37,2009,FD2276,Low Sugar,Frozen Foods,OUT004,Medium,Tier 2,Supermarket Type2
16.77,0.007,187.53,1999,FD4732,Low Sugar,Snack Foods,OUT003,Medium,Tier 1,Departmental Store
13.61,0.139,168.22,1987,FD7904,Regular,Meat,OUT001,High,Tier 2,Supermarket Type1
12.24,0.037,155.81,2009,FD7729,Low Sugar,Frozen Foods,OUT004,Medium,Tier 2,Supermarket Type2
13.31,0.012,193.19,1987,FD2812,Low Sugar,Meat,OUT001,High,Tier 2,Supermarket Type1
9.96,0.029,147.98,2009,FD8494,Low Sugar,Snack Foods,OUT004,Medium,Tier 2,Supermarket Type2
12.28,0.031,172.48,2009,FD7675,Low Sugar,Snack Foods,OUT004,Medium,Tier 2,Supermarket Type2
12.16,0.017,123.61,2009,FD5013,Low Sugar,Meat,OUT004,Medium,Tier 2,Supermarket Type2
11.83,0.023,152.2,2009,FD2303,Low Sugar,Baking Goods,OUT004,Medium,Tier 2,Supermarket Type2
13.32,0.027,167.54,1987,FD4907,Low Sugar,Fruits and Vegetables,OUT001,High,Tier 2,Supermarket Type1
13.51,0.033,165.08,1987,DR4994,Low Sugar,Soft Drinks,OUT001,High,Tier 2,Supermarket Type1
13.6,0.021,155.14,2009,FD2008,Low Sugar,Meat,OUT004,Medium,Tier 2,Supermarket Type2
14.86,0.162,151.92,1987,NC2308,No Sugar,Health and Hygiene,OUT001,High,Tier 2,Supermarket Type1
14.46,0.113,187.74,1987,FD6902,Regular,Canned,OUT001,High,Tier 2,Supermarket Type1
19.01,0.099,181.17,1999,FD5072,Low Sugar,Snack Foods,OUT003,Medium,Tier 1,Departmental Store
10.35,0.044,121.94,1987,DR4278,Low Sugar,Soft Drinks,OUT001,High,Tier 2,Supermarket Type1
15.25,0.176,152.71,1987,NC7012,No Sugar,Household,OUT001,High,Tier 2,Supermarket Type1
13.77,0.037,170.67,1987,FD4107,Low Sugar,Baking Goods,OUT001,High,Tier 2,Supermarket Type1
10.63,0.14,129.02,2009,NC4716,No Sugar,Health and Hygiene,OUT004,Medium,Tier 2,Supermarket Type2
10.47,0.032,119.68,1987,FD1440,Low Sugar,Canned,OUT001,High,Tier 2,Supermarket Type1
10.73,0.033,113.57,1987,DR8654,Low Sugar,Soft Drinks,OUT001,High,Tier 2,Supermarket Type1
8.88,0.061,127.76,1998,FD3092,Regular,Frozen Foods,OUT002,Small,Tier 3,Food Mart
12.97,0.131,174.0,1987,FD7792,Regular,Fruits and Vegetables,OUT001,High,Tier 2,Supermarket Type1
13.23,0.061,129.3,2009,FD1984,Low Sugar,Snack Foods,OUT004,Medium,Tier 2,Supermarket Type2
16.49,0.031,155.06,1998,FD116,Regular,Frozen Foods,OUT002,Small,Tier 3,Food Mart
17.36,0.085,147.81,1987,FD5764,Low Sugar,Canned,OUT001,High,Tier 2,Supermarket Type1
14.04,0.046,176.28,1999,FD2198,Regular,Snack Foods,OUT003,Medium,Tier 1,Departmental Store
12.26,0.191,122.08,2009,FD4564,Low Sugar,Fruits and Vegetables,OUT004,Medium,Tier 2,Supermarket Type2
13.76,0.009,134.24,2009,FD1877,Low Sugar,Fruits and Vegetables,OUT004,Medium,Tier 2,Supermarket Type2
13.98,0.017,156.46,2009,FD4257,Low Sugar,Meat,OUT004,Medium,Tier 2,Supermarket Type2
12.53,0.039,155.82,2009,DR2290,Low Sugar,Soft Drinks,OUT004,Medium,Tier 2,Supermarket Type2
11.21,0.007,107.6,1987,FD8554,Regular,Snack Foods,OUT001,High,Tier 2,Supermarket Type1
10.03,0.027,120.4,1987,DR7900,Low Sugar,Soft Drinks,OUT001,High,Tier 2,Supermarket Type1
11.38,0.062,191.36,1987,DR3844,Regular,Soft Drinks,OUT001,High,Tier 2,Supermarket Type1
13.32,0.076,175.0,1987,FD2137,Low Sugar,Fruits and Vegetables,OUT001,High,Tier 2,Supermarket Type1
14.04,0.032,189.78,1999,FD569,Regular,Fruits and Vegetables,OUT003,Medium,Tier 1,Departmental Store
12.05,0.037,181.65,1987,FD4606,Low Sugar,Baking Goods,OUT001,High,Tier 2,Supermarket Type1
10.76,0.078,174.99,2009,DR407,Low Sugar,Soft Drinks,OUT004,Medium,Tier 2,Supermarket Type2
14.65,0.031,160.7,1987,FD7949,Low Sugar,Frozen Foods,OUT001,High,Tier 2,Supermarket Type1
11.11,0.074,126.6,2009,FD109,Low Sugar,Fruits and Vegetables,OUT004,Medium,Tier 2,Supermarket Type2
10.81,0.14,106.93,1998,FD4034,Regular,Meat,OUT002,Small,Tier 3,Food Mart
13.62,0.021,121.39,2009,NC7291,No Sugar,Health and Hygiene,OUT004,Medium,Tier 2,Supermarket Type2
12.44,0.041,175.32,2009,FD2206,Low Sugar,Dairy,OUT004,Medium,Tier 2,Supermarket Type2
15.05,0.057,113.28,2009,FD8191,Low Sugar,Canned,OUT004,Medium,Tier 2,Supermarket Type2
14.34,0.177,134.41,2009,FD2386,Low Sugar,Fruits and Vegetables,OUT004,Medium,Tier 2,Supermarket Type2
6.61,0.071,109.29,1998,DR7153,Low Sugar,Hard Drinks,OUT002,Small,Tier 3,Food Mart
10.16,0.103,133.41,2009,NC4630,No Sugar,Health and Hygiene,OUT004,Medium,Tier 2,Supermarket Type2
14.48,0.128,127.85,2009,FD4482,Low Sugar,Canned,OUT004,Medium,Tier 2,Supermarket Type2
13.07,0.188,123.16,2009,FD4002,Low Sugar,Fruits and Vegetables,OUT004,Medium,Tier 2,Supermarket Type2
9.47,0.149,100.97,1998,FD2449,Low Sugar,Frozen Foods,OUT002,Small,Tier 3,Food Mart
16.97,0.057,155.79,1987,FD4131,Regular,Baking Goods,OUT001,High,Tier 2,Supermarket Type1
10.71,0.01,141.84,2009,NC8024,No Sugar,Household,OUT004,Medium,Tier 2,Supermarket Type2
12.97,0.071,171.6,1987,NC7043,No Sugar,Household,OUT001,High,Tier 2,Supermarket Type1
13.83,0.072,183.21,1999,FD1248,Low Sugar,Meat,OUT003,Medium,Tier 1,Departmental Store
14.09,0.064,187.21,1987,FD6447,Low Sugar,Snack Foods,OUT001,High,Tier 2,Supermarket Type1
13.86,0.053,143.94,2009,FD5177,Low Sugar,Canned,OUT004,Medium,Tier 2,Supermarket Type2
13.2,0.065,115.26,2009,FD2294,Low Sugar,Snack Foods,OUT004,Medium,Tier 2,Supermarket Type2
15.18,0.094,146.11,1987,FD1422,Low Sugar,Dairy,OUT001,High,Tier 2,Supermarket Type1
15.94,0.046,195.24,1999,FD6454,Low Sugar,Frozen Foods,OUT003,Medium,Tier 1,Departmental Store
11.38,0.148,146.4,2009,FD7871,Low Sugar,Fruits and Vegetables,OUT004,Medium,Tier 2,Supermarket Type2
13.18,0.119,145.25,2009,FD4155,Low Sugar,Baking Goods,OUT004,Medium,Tier 2,Supermarket Type2
10.84,0.034,77.26,1998,FD1420,Regular,Breakfast,OUT002,Small,Tier 3,Food Mart
14.08,0.097,129.55,2009,DR8460,Low Sugar,Soft Drinks,OUT004,Medium,Tier 2,Supermarket Type2
8.41,0.012,134.61,1998,FD4350,Regular,Fruits and Vegetables,OUT002,Small,Tier 3,Food Mart
12.99,0.083,113.91,2009,FD5509,Low Sugar,Fruits and Vegetables,OUT004,Medium,Tier 2,Supermarket Type2
9.29,0.174,136.72,1987,NC857,No Sugar,Household,OUT001,High,Tier 2,Supermarket Type1
15.15,0.099,185.73,1987,FD7994,Low Sugar,Breads,OUT001,High,Tier 2,Supermarket Type1
12.24,0.061,178.91,1987,NC2828,No Sugar,Household,OUT001,High,Tier 2,Supermarket Type1
10.38,0.036,116.66,1987,FD8157,Low Sugar,Fruits and Vegetables,OUT001,High,Tier 2,Supermarket Type1
14.01,0.141,193.58,1987,DR8266,Low Sugar,Soft Drinks,OUT001,High,Tier 2,Supermarket Type1
12.65,0.038,137.61,2009,NC3093,No Sugar,Household,OUT004,Medium,Tier 2,Supermarket Type2
12.45,0.03,137.85,2009,FD7699,Regular,Snack Foods,OUT004,Medium,Tier 2,Supermarket Type2
12.02,0.049,149.09,2009,FD8515,Low Sugar,Fruits and Vegetables,OUT004,Medium,Tier 2,Supermarket Type2
12.06,0.017,139.54,2009,FD166,Regular,Frozen Foods,OUT004,Medium,Tier 2,Supermarket Type2
13.07,0.167,182.56,1999,FD7946,Low Sugar,Fruits and Vegetables,OUT003,Medium,Tier 1,Departmental Store
13.15,0.025,159.47,2009,DR3732,Low Sugar,Soft Drinks,OUT004,Medium,Tier 2,Supermarket Type2
13.76,0.036,145.03,2009,FD5187,Low Sugar,Fruits and Vegetables,OUT004,Medium,Tier 2,Supermarket Type2
11.67,0.035,140.95,2009,FD2425,Regular,Fruits and Vegetables,OUT004,Medium,Tier 2,Supermarket Type2
13.26,0.093,95.67,2009,FD6057,Low Sugar,Snack Foods,OUT004,Medium,Tier 2,Supermarket Type2
12.72,0.068,134.18,2009,FD5763,Regular,Meat,OUT004,Medium,Tier 2,Supermarket Type2
10.93,0.089,189.17,2009,FD3619,Low Sugar,Dairy,OUT004,Medium,Tier 2,Supermarket Type2
11.16,0.143,174.91,2009,FD7023,Low Sugar,Snack Foods,OUT004,Medium,Tier 2,Supermarket Type2
12.43,0.066,165.24,2009,FD1529,Regular,Baking Goods,OUT004,Medium,Tier 2,Supermarket Type2
11.88,0.01,128.98,2009,FD7579,Low Sugar,Fruits and Vegetables,OUT004,Medium,Tier 2,Supermarket Type2
7.67,0.05,100.18,1998,FD3697,Low Sugar,Canned,OUT002,Small,Tier 3,Food Mart
13.42,0.17,155.68,2009,FD4140,reg,Frozen Foods,OUT004,Medium,Tier 2,Supermarket Type2
15.65,0.149,175.07,1987,FD1885,Low Sugar,Snack Foods,OUT001,High,Tier 2,Supermarket Type1
13.69,0.126,163.53,1987,FD8195,Regular,Baking Goods,OUT001,High,Tier 2,Supermarket Type1
13.13,0.077,220.88,1999,DR5959,Regular,Soft Drinks,OUT003,Medium,Tier 1,Departmental Store
12.63,0.176,160.53,2009,FD2179,Low Sugar,Canned,OUT004,Medium,Tier 2,Supermarket Type2
13.66,0.035,122.04,2009,DR3070,Regular,Soft Drinks,OUT004,Medium,Tier 2,Supermarket Type2
13.51,0.123,140.42,2009,FD5019,Low Sugar,Dairy,OUT004,Medium,Tier 2,Supermarket Type2
11.12,0.054,132.56,2009,NC5392,No Sugar,Health and Hygiene,OUT004,Medium,Tier 2,Supermarket Type2
10.45,0.175,150.68,2009,FD1833,Low Sugar,Meat,OUT004,Medium,Tier 2,Supermarket Type2
10.54,0.066,127.66,2009,FD6816,Low Sugar,Canned,OUT004,Medium,Tier 2,Supermarket Type2
12.14,0.023,120.46,2009,FD8714,Regular,Canned,OUT004,Medium,Tier 2,Supermarket Type2
13.98,0.029,124.55,2009,FD3544,Low Sugar,Baking Goods,OUT004,Medium,Tier 2,Supermarket Type2
12.61,0.102,108.18,2009,FD1934,Regular,Seafood,OUT004,Medium,Tier 2,Supermarket Type2
15.78,0.007,183.84,1987,FD4799,Low Sugar,Meat,OUT001,High,Tier 2,Supermarket Type1
9.35,0.034,115.31,1998,FD8687,Regular,Frozen Foods,OUT002,Small,Tier 3,Food Mart
12.46,0.039,153.41,2009,FD4108,Low Sugar,Frozen Foods,OUT004,Medium,Tier 2,Supermarket Type2
14.43,0.115,181.83,1987,FD6772,Low Sugar,Fruits and Vegetables,OUT001,High,Tier 2,Supermarket Type1
10.76,0.018,154.09,2009,FD5228,Regular,Snack Foods,OUT004,Medium,Tier 2,Supermarket Type2
9.53,0.025,95.43,1998,FD5451,Low Sugar,Snack Foods,OUT002,Small,Tier 3,Food Mart
14.4,0.025,166.87,1999,FD4671,Low Sugar,Baking Goods,OUT003,Medium,Tier 1,Departmental Store
12.59,0.026,142.45,2009,NC3503,No Sugar,Household,OUT004,Medium,Tier 2,Supermarket Type2
15.73,0.066,182.77,1987,FD281,Low Sugar,Snack Foods,OUT001,High,Tier 2,Supermarket Type1
12.94,0.286,194.75,1999,NC5885,No Sugar,Household,OUT003,Medium,Tier 1,Departmental Store
14.39,0.041,151.62,2009,FD1096,Low Sugar,Snack Foods,OUT004,Medium,Tier 2,Supermarket Type2
12.16,0.092,115.92,2009,FD4562,Regular,Frozen Foods,OUT004,Medium,Tier 2,Supermarket Type2
10.77,0.036,103.87,1998,FD6826,Low Sugar,Baking Goods,OUT002,Small,Tier 3,Food Mart
8.59,0.061,118.84,1998,FD8668,Regular,Meat,OUT002,Small,Tier 3,Food Mart
12.57,0.085,156.28,2009,FD1543,Low Sugar,Baking Goods,OUT004,Medium,Tier 2,Supermarket Type2
14.65,0.122,175.07,1999,NC7899,No Sugar,Health and Hygiene,OUT003,Medium,Tier 1,Departmental Store
12.43,0.03,137.89,2009,FD1109,Low Sugar,Fruits and Vegetables,OUT004,Medium,Tier 2,Supermarket Type2
12.84,0.066,158.02,2009,FD5033,Low Sugar,Snack Foods,OUT004,Medium,Tier 2,Supermarket Type2
16.48,0.086,175.86,1999,FD3522,Low Sugar,Frozen Foods,OUT003,Medium,Tier 1,Departmental Store
10.14,0.027,147.2,2009,FD113,Regular,Fruits and Vegetables,OUT004,Medium,Tier 2,Supermarket Type2
14.03,0.048,144.28,2009,FD3106,Regular,Dairy,OUT004,Medium,Tier 2,Supermarket Type2
9.87,0.06,162.34,2009,FD865,Regular,Meat,OUT004,Medium,Tier 2,Supermarket Type2
15.73,0.102,132.78,2009,DR4921,Low Sugar,Hard Drinks,OUT004,Medium,Tier 2,Supermarket Type2
10.58,0.032,115.12,1987,FD4047,Low Sugar,Meat,OUT001,High,Tier 2,Supermarket Type1
9.48,0.027,87.64,1998,FD6940,Low Sugar,Dairy,OUT002,Small,Tier 3,Food Mart
14.14,0.034,153.5,2009,FD6079,reg,Frozen Foods,OUT004,Medium,Tier 2,Supermarket Type2
14.48,0.032,176.27,1999,FD1253,Regular,Fruits and Vegetables,OUT003,Medium,Tier 1,Departmental Store
12.95,0.119,168.02,2009,FD4467,Regular,Frozen Foods,OUT004,Medium,Tier 2,Supermarket Type2
10.71,0.128,120.38,1987,FD5583,Low Sugar,Frozen Foods,OUT001,High,Tier 2,Supermarket Type1
12.84,0.031,108.5,2009,FD5214,Low Sugar,Fruits and Vegetables,OUT004,Medium,Tier 2,Supermarket Type2
8.23,0.111,150.56,2009,FD6394,Low Sugar,Canned,OUT004,Medium,Tier 2,Supermarket Type2
10.67,0.11,142.82,2009,FD8599,Low Sugar,Fruits and Vegetables,OUT004,Medium,Tier 2,Supermarket Type2
13.27,0.132,120.71,2009,FD2330,Regular,Dairy,OUT004,Medium,Tier 2,Supermarket Type2
15.91,0.067,150.05,1999,FD3592,Low Sugar,Frozen Foods,OUT003,Medium,Tier 1,Departmental Store
13.57,0.081,133.88,2009,FD4424,Regular,Meat,OUT004,Medium,Tier 2,Supermarket Type2
11.88,0.14,165.99,2009,FD5807,Low Sugar,Baking Goods,OUT004,Medium,Tier 2,Supermarket Type2
14.43,0.079,161.34,1987,FD3508,Regular,Baking Goods,OUT001,High,Tier 2,Supermarket Type1
16.36,0.011,160.12,1987,FD2518,Low Sugar,Canned,OUT001,High,Tier 2,Supermarket Type1
14.22,0.098,129.29,2009,NC6211,No Sugar,Health and Hygiene,OUT004,Medium,Tier 2,Supermarket Type2
13.24,0.071,159.6,2009,FD3826,Regular,Baking Goods,OUT004,Medium,Tier 2,Supermarket Type2
13.0,0.128,160.02,2009,FD1473,Regular,Fruits and Vegetables,OUT004,Medium,Tier 2,Supermarket Type2
14.87,0.185,126.36,2009,FD4551,Low Sugar,Fruits and Vegetables,OUT004,Medium,Tier 2,Supermarket Type2
11.26,0.047,133.02,2009,NC7470,No Sugar,Household,OUT004,Medium,Tier 2,Supermarket Type2
14.17,0.074,155.33,2009,FD4718,Low Sugar,Fruits and Vegetables,OUT004,Medium,Tier 2,Supermarket Type2
7.3,0.033,133.38,1998,FD6757,Regular,Canned,OUT002,Small,Tier 3,Food Mart
13.09,0.143,135.76,2009,FD2143,Low Sugar,Frozen Foods,OUT004,Medium,Tier 2,Supermarket Type2
12.13,0.038,137.0,2009,FD6071,Low Sugar,Meat,OUT004,Medium,Tier 2,Supermarket Type2
13.51,0.022,170.11,1987,NC2520,No Sugar,Health and Hygiene,OUT001,High,Tier 2,Supermarket Type1
11.29,0.028,147.07,2009,FD2873,Low Sugar,Frozen Foods,OUT004,Medium,Tier 2,Supermarket Type2
13.98,0.025,143.1,2009,NC2741,No Sugar,Household,OUT004,Medium,Tier 2,Supermarket Type2
14.44,0.077,161.24,1987,FD8363,Low Sugar,Snack Foods,OUT001,High,Tier 2,Supermarket Type1
10.36,0.021,139.05,2009,FD2762,Low Sugar,Baking Goods,OUT004,Medium,Tier 2,Supermarket Type2
9.2,0.021,167.83,2009,FD6291,Low Sugar,Frozen Foods,OUT004,Medium,Tier 2,Supermarket Type2
9.2,0.033,119.43,1998,DR7310,Low Sugar,Hard Drinks,OUT002,Small,Tier 3,Food Mart
11.76,0.021,158.84,2009,FD3761,Low Sugar,Snack Foods,OUT004,Medium,Tier 2,Supermarket Type2
11.27,0.082,125.62,2009,FD4510,Low Sugar,Fruits and Vegetables,OUT004,Medium,Tier 2,Supermarket Type2
11.54,0.035,152.03,2009,FD7747,Regular,Seafood,OUT004,Medium,Tier 2,Supermarket Type2
15.24,0.059,141.0,2009,FD1040,Low Sugar,Baking Goods,OUT004,Medium,Tier 2,Supermarket Type2
15.78,0.121,212.3,1999,FD196,Regular,Fruits and Vegetables,OUT003,Medium,Tier 1,Departmental Store
10.91,0.05,129.6,2009,FD4581,Low Sugar,Frozen Foods,OUT004,Medium,Tier 2,Supermarket Type2
10.04,0.053,116.84,1998,DR4750,Low Sugar,Hard Drinks,OUT002,Small,Tier 3,Food Mart
15.32,0.09,146.0,1987,FD7201,Low Sugar,Breakfast,OUT001,High,Tier 2,Supermarket Type1
14.92,0.12,174.81,1987,FD2274,Regular,Meat,OUT001,High,Tier 2,Supermarket Type1
11.95,0.033,103.91,1999,FD225,Regular,Frozen Foods,OUT003,Medium,Tier 1,Departmental Store
11.53,0.056,126.87,2009,FD8607,Low Sugar,Fruits and Vegetables,OUT004,Medium,Tier 2,Supermarket Type2
16.08,0.232,205.12,1999,DR2704,Low Sugar,Soft Drinks,OUT003,Medium,Tier 1,Departmental Store
11.64,0.211,139.59,2009,FD5820,Low Sugar,Canned,OUT004,Medium,Tier 2,Supermarket Type2
10.16,0.021,107.56,1998,NC1933,No Sugar,Household,OUT002,Small,Tier 3,Food Mart
11.3,0.015,114.98,1987,FD957,Low Sugar,Canned,OUT001,High,Tier 2,Supermarket Type1
11.48,0.099,122.62,2009,NC4849,No Sugar,Others,OUT004,Medium,Tier 2,Supermarket Type2
15.49,0.04,216.04,1999,FD8642,Low Sugar,Meat,OUT003,Medium,Tier 1,Departmental Store
16.76,0.08,155.36,1987,FD914,Low Sugar,Snack Foods,OUT001,High,Tier 2,Supermarket Type1
16.22,0.038,138.84,1987,FD3663,reg,Canned,OUT001,High,Tier 2,Supermarket Type1
11.61,0.069,135.73,2009,FD2606,Low Sugar,Snack Foods,OUT004,Medium,Tier 2,Supermarket Type2
11.96,0.108,134.84,2009,FD2686,Regular,Snack Foods,OUT004,Medium,Tier 2,Supermarket Type2
12.27,0.064,195.1,1999,FD4142,Regular,Snack Foods,OUT003,Medium,Tier 1,Departmental Store
12.45,0.046,164.01,2009,NC5353,No Sugar,Health and Hygiene,OUT004,Medium,Tier 2,Supermarket Type2
13.36,0.067,124.34,2009,FD3411,Low Sugar,Snack Foods,OUT004,Medium,Tier 2,Supermarket Type2
14.22,0.077,148.2,2009,FD564,Low Sugar,Baking Goods,OUT004,Medium,Tier 2,Supermarket Type2
13.99,0.058,122.83,2009,FD6896,Low Sugar,Fruits and Vegetables,OUT004,Medium,Tier 2,Supermarket Type2
8.93,0.038,97.79,1998,FD3273,Low Sugar,Frozen Foods,OUT002,Small,Tier 3,Food Mart
14.19,0.093,198.31,1987,DR4507,Low Sugar,Soft Drinks,OUT001,High,Tier 2,Supermarket Type1
12.68,0.038,185.23,1999,FD1533,Regular,Baking Goods,OUT003,Medium,Tier 1,Departmental Store
13.97,0.036,121.44,2009,FD7130,Regular,Dairy,OUT004,Medium,Tier 2,Supermarket Type2
13.64,0.017,213.35,1999,NC3839,No Sugar,Household,OUT003,Medium,Tier 1,Departmental Store
10.69,0.054,132.9,2009,FD3806,Regular,Dairy,OUT004,Medium,Tier 2,Supermarket Type2
12.65,0.04,124.33,2009,FD3205,Low Sugar,Frozen Foods,OUT004,Medium,Tier 2,Supermarket Type2
11.82,0.186,109.6,1987,FD1126,Regular,Dairy,OUT001,High,Tier 2,Supermarket Type1
10.44,0.023,145.83,2009,FD7710,Low Sugar,Meat,OUT004,Medium,Tier 2,Supermarket Type2
11.65,0.067,153.86,2009,FD470,Regular,Fruits and Vegetables,OUT004,Medium,Tier 2,Supermarket Type2
7.98,0.074,82.52,1998,FD4804,Low Sugar,Dairy,OUT002,Small,Tier 3,Food Mart
10.03,0.137,150.09,2009,FD1859,Low Sugar,Dairy,OUT004,Medium,Tier 2,Supermarket Type2
14.34,0.104,127.5,2009,FD122,Low Sugar,Fruits and Vegetables,OUT004,Medium,Tier 2,Supermarket Type2
10.32,0.034,127.13,2009,DR7149,Regular,Soft Drinks,OUT004,Medium,Tier 2,Supermarket Type2
15.71,0.043,179.38,1998,FD296,Low Sugar,Baking Goods,OUT002,Small,Tier 3,Food Mart
12.71,0.022,178.46,1987,NC7883,No Sugar,Household,OUT001,High,Tier 2,Supermarket Type1
12.28,0.083,194.11,1999,FD7121,Low Sugar,Dairy,OUT003,Medium,Tier 1,Departmental Store
13.54,0.085,173.14,1987,FD2645,Low Sugar,Meat,OUT001,High,Tier 2,Supermarket Type1
11.34,0.074,119.84,2009,FD1227,Low Sugar,Fruits and Vegetables,OUT004,Medium,Tier 2,Supermarket Type2
14.8,0.016,140.53,2009,NC7546,No Sugar,Health and Hygiene,OUT004,Medium,Tier 2,Supermarket Type2
9.58,0.039,78.71,1998,FD933,Low Sugar,Snack Foods,OUT002,Small,Tier 3,Food Mart
13.82,0.066,94.37,1999,FD303,Low Sugar,Fruits and Vegetables,OUT003,Medium,Tier 1,Departmental Store
12.21,0.042,147.73,1998,NC186,No Sugar,Health and Hygiene,OUT002,Small,Tier 3,Food Mart
10.05,0.046,121.49,1987,FD4683,reg,Baking Goods,OUT001,High,Tier 2,Supermarket Type1
11.14,0.01,145.88,2009,FD772,Low Sugar,Fruits and Vegetables,OUT004,Medium,Tier 2,Supermarket Type2
9.18,0.024,104.44,1998,FD8009,Regular,Fruits and Vegetables,OUT002,Small,Tier 3,Food Mart
14.26,0.115,160.09,1987,FD3612,Low Sugar,Baking Goods,OUT001,High,Tier 2,Supermarket Type1
15.76,0.015,141.45,1987,FD8042,Low Sugar,Canned,OUT001,High,Tier 2,Supermarket Type1
13.12,0.068,184.93,1999,FD1330,Regular,Dairy,OUT003,Medium,Tier 1,Departmental Store
12.95,0.035,179.87,1987,FD6122,Regular,Meat,OUT001,High,Tier 2,Supermarket Type1
14.57,0.138,147.77,2009,FD6448,Low Sugar,Fruits and Vegetables,OUT004,Medium,Tier 2,Supermarket Type2
16.18,0.022,197.04,1999,FD830,Low Sugar,Frozen Foods,OUT003,Medium,Tier 1,Departmental Store
13.16,0.024,171.08,1987,FD7988,Regular,Meat,OUT001,High,Tier 2,Supermarket Type1
11.32,0.163,157.13,2009,FD962,Regular,Breads,OUT004,Medium,Tier 2,Supermarket Type2
9.1,0.12,77.12,1998,FD4041,Low Sugar,Frozen Foods,OUT002,Small,Tier 3,Food Mart
8.57,0.064,81.53,1998,FD4950,Regular,Snack Foods,OUT002,Small,Tier 3,Food Mart
12.95,0.052,156.13,2009,NC98,No Sugar,Health and Hygiene,OUT004,Medium,Tier 2,Supermarket Type2
8.15,0.024,88.98,1998,FD4833,Low Sugar,Baking Goods,OUT002,Small,Tier 3,Food Mart
11.27,0.061,124.65,2009,FD5743,Regular,Frozen Foods,OUT004,Medium,Tier 2,Supermarket Type2
10.71,0.108,147.38,2009,FD5096,Low Sugar,Fruits and Vegetables,OUT004,Medium,Tier 2,Supermarket Type2
14.46,0.044,95.67,2009,FD3101,Regular,Baking Goods,OUT004,Medium,Tier 2,Supermarket Type2
8.31,0.092,116.09,1998,FD5793,Regular,Baking Goods,OUT002,Small,Tier 3,Food Mart
12.64,0.024,180.87,1987,NC3812,No Sugar,Health and Hygiene,OUT001,High,Tier 2,Supermarket Type1
14.43,0.075,142.59,2009,FD7426,Low Sugar,Snack Foods,OUT004,Medium,Tier 2,Supermarket Type2
12.5,0.066,120.18,2009,FD1836,Low Sugar,Fruits and Vegetables,OUT004,Medium,Tier 2,Supermarket Type2
12.36,0.098,102.01,1987,NC4037,No Sugar,Household,OUT001,High,Tier 2,Supermarket Type1
12.63,0.109,102.16,2009,FD8478,Regular,Fruits and Vegetables,OUT004,Medium,Tier 2,Supermarket Type2
7.06,0.167,52.62,1998,FD7127,Low Sugar,Meat,OUT002,Small,Tier 3,Food Mart
17.24,0.067,188.7,1999,FD4523,Low Sugar,Frozen Foods,OUT003,Medium,Tier 1,Departmental Store
15.89,0.091,215.83,1999,NC1121,No Sugar,Household,OUT003,Medium,Tier 1,Departmental Store
10.56,0.043,121.36,1987,FD8615,Regular,Seafood,OUT001,High,Tier 2,Supermarket Type1
12.78,0.065,194.5,1999,FD712,Low Sugar,Fruits and Vegetables,OUT003,Medium,Tier 1,Departmental Store
15.51,0.013,176.89,1987,FD1483,Low Sugar,Snack Foods,OUT001,High,Tier 2,Supermarket Type1
12.23,0.184,138.03,2009,FD8092,Low Sugar,Dairy,OUT004,Medium,Tier 2,Supermarket Type2
13.11,0.075,170.56,1987,FD4456,Low Sugar,Snack Foods,OUT001,High,Tier 2,Supermarket Type1
11.49,0.034,140.41,2009,FD890,Low Sugar,Snack Foods,OUT004,Medium,Tier 2,Supermarket Type2
16.46,0.073,126.51,2009,NC892,No Sugar,Health and Hygiene,OUT004,Medium,Tier 2,Supermarket Type2
15.16,0.14,222.5,1999,DR8636,Regular,Soft Drinks,OUT003,Medium,Tier 1,Departmental Store
10.63,0.027,121.9,1987,FD3001,Low Sugar,Dairy,OUT001,High,Tier 2,Supermarket Type1
16.21,0.107,186.36,1999,FD8180,Low Sugar,Meat,OUT003,Medium,Tier 1,Departmental Store
13.38,0.016,156.4,2009,DR5016,Low Sugar,Soft Drinks,OUT004,Medium,Tier 2,Supermarket Type2
15.73,0.016,154.08,1999,FD3237,Low Sugar,Frozen Foods,OUT003,Medium,Tier 1,Departmental Store
11.2,0.057,164.77,2009,FD1562,Low Sugar,Snack Foods,OUT004,Medium,Tier 2,Supermarket Type2
11.41,0.076,144.24,2009,FD8166,Low Sugar,Fruits and Vegetables,OUT004,Medium,Tier 2,Supermarket Type2
11.52,0.127,165.78,2009,FD2426,Low Sugar,Frozen Foods,OUT004,Medium,Tier 2,Supermarket Type2
10.94,0.027,73.73,1998,FD4727,Low Sugar,Dairy,OUT002,Small,Tier 3,Food Mart
12.7,0.035,179.62,1987,FD2384,Low Sugar,Fruits and Vegetables,OUT001,High,Tier 2,Supermarket Type1
12.68,0.061,154.4,2009,FD4944,Regular,Dairy,OUT004,Medium,Tier 2,Supermarket Type2
13.8,0.021,130.88,2009,FD3160,Low Sugar,Canned,OUT004,Medium,Tier 2,Supermarket Type2
13.03,0.041,141.02,2009,FD5092,Low Sugar,Canned,OUT004,Medium,Tier 2,Supermarket Type2
13.1,0.16,139.51,2009,FD7479,Low Sugar,Snack Foods,OUT004,Medium,Tier 2,Supermarket Type2
11.12,0.094,147.65,2009,FD81,Regular,Fruits and Vegetables,OUT004,Medium,Tier 2,Supermarket Type2
9.08,0.054,145.76,2009,FD2145,Low Sugar,Dairy,OUT004,Medium,Tier 2,Supermarket Type2
14.87,0.097,151.69,1987,DR2892,Regular,Soft Drinks,OUT001,High,Tier 2,Supermarket Type1
15.96,0.076,211.49,1999,NC2451,No Sugar,Household,OUT003,Medium,Tier 1,Departmental Store
13.42,0.076,177.88,1999,FD7159,Low Sugar,Baking Goods,OUT003,Medium,Tier 1,Departmental Store
13.67,0.046,165.23,1987,DR724,Low Sugar,Soft Drinks,OUT001,High,Tier 2,Supermarket Type1
11.5,0.025,134.27,2009,FD3295,Low Sugar,Baking Goods,OUT004,Medium,Tier 2,Supermarket Type2
9.39,0.025,99.3,1998,FD1280,Low Sugar,Canned,OUT002,Small,Tier 3,Food Mart
10.66,0.025,130.46,2009,FD3334,Regular,Snack Foods,OUT004,Medium,Tier 2,Supermarket Type2
9.19,0.009,135.05,1987,NC7942,No Sugar,Health and Hygiene,OUT001,High,Tier 2,Supermarket Type1
13.04,0.142,163.19,2009,FD2779,Low Sugar,Dairy,OUT004,Medium,Tier 2,Supermarket Type2
13.06,0.009,156.35,2009,FD1580,Low Sugar,Snack Foods,OUT004,Medium,Tier 2,Supermarket Type2
14.48,0.173,172.2,1999,DR4353,Low Sugar,Soft Drinks,OUT003,Medium,Tier 1,Departmental Store
12.17,0.041,118.81,2009,DR5947,Low Sugar,Soft Drinks,OUT004,Medium,Tier 2,Supermarket Type2
11.2,0.026,136.41,2009,FD998,Low Sugar,Baking Goods,OUT004,Medium,Tier 2,Supermarket Type2
15.34,0.035,161.43,1999,FD805,Low Sugar,Baking Goods,OUT003,Medium,Tier 1,Departmental Store
14.22,0.038,136.71,2009,FD7506,Low Sugar,Dairy,OUT004,Medium,Tier 2,Supermarket Type2
13.69,0.015,148.21,2009,NC214,No Sugar,Health and Hygiene,OUT004,Medium,Tier 2,Supermarket Type2
13.23,0.075,174.43,1987,FD1947,Low Sugar,Dairy,OUT001,High,Tier 2,Supermarket Type1
11.95,0.031,145.9,2009,FD2941,Regular,Meat,OUT004,Medium,Tier 2,Supermarket Type2
15.22,0.041,139.36,2009,FD1953,Regular,Frozen Foods,OUT004,Medium,Tier 2,Supermarket Type2
15.56,0.01,129.09,2009,FD6055,Low Sugar,Frozen Foods,OUT004,Medium,Tier 2,Supermarket Type2
10.07,0.081,100.23,1998,FD1956,Low Sugar,Starchy Foods,OUT002,Small,Tier 3,Food Mart
8.32,0.233,128.89,1998,NC3173,No Sugar,Health and Hygiene,OUT002,Small,Tier 3,Food Mart
13.17,0.048,137.37,2009,FD7019,Regular,Snack Foods,OUT004,Medium,Tier 2,Supermarket Type2
10.72,0.011,118.86,1998,NC118,No Sugar,Health and Hygiene,OUT002,Small,Tier 3,Food Mart
14.38,0.099,126.76,2009,NC7086,No Sugar,Health and Hygiene,OUT004,Medium,Tier 2,Supermarket Type2
17.55,0.039,215.03,1999,FD3403,Low Sugar,Snack Foods,OUT003,Medium,Tier 1,Departmental Store
16.4,0.033,189.01,1999,NC7790,No Sugar,Household,OUT003,Medium,Tier 1,Departmental Store
12.24,0.051,177.75,2009,FD2102,Regular,Canned,OUT004,Medium,Tier 2,Supermarket Type2
11.08,0.133,138.45,2009,FD3305,Low Sugar,Snack Foods,OUT004,Medium,Tier 2,Supermarket Type2
14.93,0.023,86.84,2009,FD4217,Low Sugar,Meat,OUT004,Medium,Tier 2,Supermarket Type2
13.24,0.03,184.25,1999,FD7015,Regular,Starchy Foods,OUT003,Medium,Tier 1,Departmental Store
14.43,0.128,151.94,2009,FD2921,Low Sugar,Frozen Foods,OUT004,Medium,Tier 2,Supermarket Type2
11.48,0.146,152.79,2009,FD6441,Regular,Fruits and Vegetables,OUT004,Medium,Tier 2,Supermarket Type2
12.6,0.042,143.1,2009,FD1743,Low Sugar,Dairy,OUT004,Medium,Tier 2,Supermarket Type2
12.92,0.139,165.21,2009,NC691,No Sugar,Health and Hygiene,OUT004,Medium,Tier 2,Supermarket Type2
12.09,0.077,168.17,2009,FD2025,Regular,Dairy,OUT004,Medium,Tier 2,Supermarket Type2
14.43,0.106,172.82,1999,FD2867,Low Sugar,Fruits and Vegetables,OUT003,Medium,Tier 1,Departmental Store
14.73,0.031,194.18,1987,NC1033,No Sugar,Household,OUT001,High,Tier 2,Supermarket Type1
13.88,0.017,156.09,2009,FD1108,Regular,Starchy Foods,OUT004,Medium,Tier 2,Supermarket Type2
9.44,0.09,138.93,2009,NC2614,No Sugar,Health and Hygiene,OUT004,Medium,Tier 2,Supermarket Type2
15.88,0.082,175.63,1987,FD4864,Low Sugar,Canned,OUT001,High,Tier 2,Supermarket Type1
13.68,0.071,166.14,1987,NC4936,No Sugar,Household,OUT001,High,Tier 2,Supermarket Type1
12.34,0.04,145.92,2009,FD265,Low Sugar,Frozen Foods,OUT004,Medium,Tier 2,Supermarket Type2
12.12,0.095,161.24,2009,FD4095,Low Sugar,Breakfast,OUT004,Medium,Tier 2,Supermarket Type2
8.09,0.034,107.18,1998,FD7763,Low Sugar,Snack Foods,OUT002,Small,Tier 3,Food Mart
14.21,0.111,127.66,2009,FD7122,Regular,Fruits and Vegetables,OUT004,Medium,Tier 2,Supermarket Type2
15.89,0.091,153.77,1999,NC2726,No Sugar,Health and Hygiene,OUT003,Medium,Tier 1,Departmental Store
13.95,0.027,179.69,1999,FD8454,Low Sugar,Dairy,OUT003,Medium,Tier 1,Departmental Store
12.26,0.079,103.41,1987,FD3314,Low Sugar,Canned,OUT001,High,Tier 2,Supermarket Type1
13.48,0.018,135.07,2009,FD8237,Regular,Frozen Foods,OUT004,Medium,Tier 2,Supermarket Type2
7.98,0.097,95.02,1998,FD3459,Low Sugar,Meat,OUT002,Small,Tier 3,Food Mart
13.94,0.074,103.4,2009,FD1375,Regular,Canned,OUT004,Medium,Tier 2,Supermarket Type2
13.56,0.082,134.15,2009,FD6963,Low Sugar,Frozen Foods,OUT004,Medium,Tier 2,Supermarket Type2
13.39,0.056,151.59,2009,NC2134,No Sugar,Household,OUT004,Medium,Tier 2,Supermarket Type2
13.26,0.023,171.35,1987,FD4670,Low Sugar,Dairy,OUT001,High,Tier 2,Supermarket Type1
13.97,0.104,147.5,2009,FD5542,Regular,Snack Foods,OUT004,Medium,Tier 2,Supermarket Type2
11.14,0.076,102.47,1998,FD4920,Low Sugar,Starchy Foods,OUT002,Small,Tier 3,Food Mart
10.97,0.02,127.49,2009,FD7931,Low Sugar,Fruits and Vegetables,OUT004,Medium,Tier 2,Supermarket Type2
18.25,0.041,161.68,1999,FD2295,Low Sugar,Breads,OUT003,Medium,Tier 1,Departmental Store
12.34,0.01,134.28,2009,FD3037,Low Sugar,Fruits and Vegetables,OUT004,Medium,Tier 2,Supermarket Type2
11.58,0.025,125.72,2009,FD2737,Low Sugar,Fruits and Vegetables,OUT004,Medium,Tier 2,Supermarket Type2
13.65,0.151,142.14,2009,FD3925,Regular,Frozen Foods,OUT004,Medium,Tier 2,Supermarket Type2
13.1,0.085,219.68,1999,FD577,Low Sugar,Fruits and Vegetables,OUT003,Medium,Tier 1,Departmental Store
15.74,0.036,160.1,1999,FD7618,Low Sugar,Baking Goods,OUT003,Medium,Tier 1,Departmental Store
15.76,0.042,239.66,1999,FD5984,Regular,Breads,OUT003,Medium,Tier 1,Departmental Store
9.97,0.039,88.1,1998,FD8158,Low Sugar,Snack Foods,OUT002,Small,Tier 3,Food Mart
9.81,0.086,131.38,1987,FD4710,Low Sugar,Starchy Foods,OUT001,High,Tier 2,Supermarket Type1
11.22,0.064,173.61,2009,FD786,Low Sugar,Fruits and Vegetables,OUT004,Medium,Tier 2,Supermarket Type2
12.54,0.014,140.12,2009,FD4515,Low Sugar,Dairy,OUT004,Medium,Tier 2,Supermarket Type2
16.16,0.029,120.95,2009,FD3041,Low Sugar,Snack Foods,OUT004,Medium,Tier 2,Supermarket Type2
10.77,0.035,115.23,1987,FD8065,Low Sugar,Snack Foods,OUT001,High,Tier 2,Supermarket Type1
11.85,0.073,135.85,2009,FD3881,Low Sugar,Baking Goods,OUT004,Medium,Tier 2,Supermarket Type2
10.25,0.157,126.38,1987,NC8439,No Sugar,Household,OUT001,High,Tier 2,Supermarket Type1
11.55,0.017,129.91,2009,FD4249,Low Sugar,Meat,OUT004,Medium,Tier 2,Supermarket Type2
13.3,0.053,161.25,2009,FD5268,Regular,Snack Foods,OUT004,Medium,Tier 2,Supermarket Type2
9.64,0.039,104.87,1998,FD7810,Regular,Snack Foods,OUT002,Small,Tier 3,Food Mart
13.18,0.048,163.39,2009,FD8564,Regular,Canned,OUT004,Medium,Tier 2,Supermarket Type2
15.15,0.066,196.83,1987,FD151,Low Sugar,Snack Foods,OUT001,High,Tier 2,Supermarket Type1
17.53,0.08,160.16,1999,FD2301,Low Sugar,Dairy,OUT003,Medium,Tier 1,Departmental Store
17.81,0.01,228.56,1999,NC3336,No Sugar,Health and Hygiene,OUT003,Medium,Tier 1,Departmental Store
7.25,0.009,145.16,1998,FD8520,Regular,Snack Foods,OUT002,Small,Tier 3,Food Mart
13.92,0.038,145.91,2009,FD3650,Low Sugar,Fruits and Vegetables,OUT004,Medium,Tier 2,Supermarket Type2
13.23,0.071,170.82,1987,FD2219,Low Sugar,Snack Foods,OUT001,High,Tier 2,Supermarket Type1
12.26,0.094,157.71,2009,NC8338,No Sugar,Health and Hygiene,OUT004,Medium,Tier 2,Supermarket Type2
11.49,0.035,129.17,2009,DR5383,Low Sugar,Soft Drinks,OUT004,Medium,Tier 2,Supermarket Type2
14.42,0.049,141.39,2009,NC5223,No Sugar,Household,OUT004,Medium,Tier 2,Supermarket Type2
8.46,0.127,122.55,1998,NC1583,No Sugar,Household,OUT002,Small,Tier 3,Food Mart
10.09,0.071,156.72,2009,FD1770,Low Sugar,Fruits and Vegetables,OUT004,Medium,Tier 2,Supermarket Type2
16.38,0.058,177.66,1999,FD6725,Low Sugar,Fruits and Vegetables,OUT003,Medium,Tier 1,Departmental Store
14.31,0.031,140.49,2009,FD2394,Regular,Snack Foods,OUT004,Medium,Tier 2,Supermarket Type2
14.9,0.168,200.9,1999,FD7247,Regular,Frozen Foods,OUT003,Medium,Tier 1,Departmental Store
6.3,0.142,85.24,1998,FD1886,Low Sugar,Canned,OUT002,Small,Tier 3,Food Mart
13.72,0.031,160.86,2009,NC1019,No Sugar,Household,OUT004,Medium,Tier 2,Supermarket Type2
9.84,0.021,106.54,1998,FD2632,Regular,Dairy,OUT002,Small,Tier 3,Food Mart
11.04,0.019,99.51,1998,FD6695,Low Sugar,Canned,OUT002,Small,Tier 3,Food Mart
11.17,0.031,128.6,2009,DR7367,Regular,Soft Drinks,OUT004,Medium,Tier 2,Supermarket Type2
13.64,0.118,136.94,2009,NC7197,No Sugar,Household,OUT004,Medium,Tier 2,Supermarket Type2
8.87,0.014,161.19,2009,FD1307,Low Sugar,Fruits and Vegetables,OUT004,Medium,Tier 2,Supermarket Type2
11.05,0.128,120.71,2009,NC774,No Sugar,Health and Hygiene,OUT004,Medium,Tier 2,Supermarket Type2
9.13,0.113,114.59,1998,FD7042,Low Sugar,Dairy,OUT002,Small,Tier 3,Food Mart
10.61,0.124,152.67,2009,FD5574,Low Sugar,Fruits and Vegetables,OUT004,Medium,Tier 2,Supermarket Type2
11.51,0.05,133.21,2009,FD7617,Regular,Canned,OUT004,Medium,Tier 2,Supermarket Type2
9.36,0.025,148.15,2009,FD7365,Regular,Frozen Foods,OUT004,Medium,Tier 2,Supermarket Type2
9.58,0.011,143.94,2009,FD7392,Regular,Canned,OUT004,Medium,Tier 2,Supermarket Type2
15.45,0.06,155.79,1999,FD4444,Regular,Meat,OUT003,Medium,Tier 1,Departmental Store
9.05,0.018,191.98,2009,FD7245,Regular,Baking Goods,OUT004,Medium,Tier 2,Supermarket Type2
14.93,0.103,114.81,2009,NC8380,No Sugar,Household,OUT004,Medium,Tier 2,Supermarket Type2
12.51,0.021,163.98,2009,FD4102,Regular,Fruits and Vegetables,OUT004,Medium,Tier 2,Supermarket Type2
15.74,0.092,138.21,2009,FD1209,Regular,Fruits and Vegetables,OUT004,Medium,Tier 2,Supermarket Type2
14.6,0.124,178.76,1987,FD2735,Regular,Baking Goods,OUT001,High,Tier 2,Supermarket Type1
15.09,0.162,140.83,2009,FD3791,Low Sugar,Fruits and Vegetables,OUT004,Medium,Tier 2,Supermarket Type2
12.35,0.039,166.19,2009,NC1606,No Sugar,Household,OUT004,Medium,Tier 2,Supermarket Type2
12.23,0.015,164.91,2009,NC5882,No Sugar,Health and Hygiene,OUT004,Medium,Tier 2,Supermarket Type2
13.63,0.06,156.45,2009,NC6569,No Sugar,Household,OUT004,Medium,Tier 2,Supermarket Type2
18.76,0.028,180.76,1999,FD3474,Regular,Meat,OUT003,Medium,Tier 1,Departmental Store
13.05,0.04,103.08,2009,FD5813,Low Sugar,Fruits and Vegetables,OUT004,Medium,Tier 2,Supermarket Type2
14.69,0.038,188.15,1987,FD3000,Regular,Fruits and Vegetables,OUT001,High,Tier 2,Supermarket Type1
14.64,0.053,152.11,1987,FD4770,Low Sugar,Dairy,OUT001,High,Tier 2,Supermarket Type1
13.57,0.123,157.0,2009,NC2357,No Sugar,Household,OUT004,Medium,Tier 2,Supermarket Type2
11.9,0.076,136.6,2009,FD3300,Regular,Fruits and Vegetables,OUT004,Medium,Tier 2,Supermarket Type2
15.59,0.108,156.67,1999,FD7045,Low Sugar,Fruits and Vegetables,OUT003,Medium,Tier 1,Departmental Store
7.97,0.025,125.26,1998,FD8111,Regular,Dairy,OUT002,Small,Tier 3,Food Mart
12.98,0.043,137.31,2009,FD1871,Regular,Breakfast,OUT004,Medium,Tier 2,Supermarket Type2
11.48,0.049,87.21,1999,FD134,Low Sugar,Canned,OUT003,Medium,Tier 1,Departmental Store
12.98,0.046,110.57,2009,FD4871,Low Sugar,Baking Goods,OUT004,Medium,Tier 2,Supermarket Type2
14.65,0.013,168.93,1999,DR7833,Low Sugar,Soft Drinks,OUT003,Medium,Tier 1,Departmental Store
12.17,0.158,112.14,2009,FD8176,Low Sugar,Snack Foods,OUT004,Medium,Tier 2,Supermarket Type2
12.11,0.282,125.13,2009,FD8670,Regular,Frozen Foods,OUT004,Medium,Tier 2,Supermarket Type2
11.86,0.158,129.18,2009,NC5944,No Sugar,Household,OUT004,Medium,Tier 2,Supermarket Type2
13.48,0.056,136.01,2009,FD2313,Low Sugar,Snack Foods,OUT004,Medium,Tier 2,Supermarket Type2
5.13,0.066,137.69,1998,FD3618,Low Sugar,Canned,OUT002,Small,Tier 3,Food Mart
11.82,0.047,76.55,1998,FD5702,Regular,Meat,OUT002,Small,Tier 3,Food Mart
14.96,0.034,159.93,1999,FD3468,Low Sugar,Dairy,OUT003,Medium,Tier 1,Departmental Store
15.99,0.089,211.19,1999,FD6092,Regular,Snack Foods,OUT003,Medium,Tier 1,Departmental Store
14.14,0.052,173.78,1999,FD7382,Low Sugar,Dairy,OUT003,Medium,Tier 1,Departmental Store
15.15,0.065,213.31,1999,FD4369,Regular,Baking Goods,OUT003,Medium,Tier 1,Departmental Store
15.78,0.024,176.85,1987,FD4101,Low Sugar,Fruits and Vegetables,OUT001,High,Tier 2,Supermarket Type1
8.82,0.077,88.15,1998,FD5439,Low Sugar,Dairy,OUT002,Small,Tier 3,Food Mart
13.79,0.034,134.71,2009,DR1235,Regular,Soft Drinks,OUT004,Medium,Tier 2,Supermarket Type2
15.37,0.118,194.52,1999,NC3792,No Sugar,Health and Hygiene,OUT003,Medium,Tier 1,Departmental Store
9.99,0.007,137.08,2009,FD168,Low Sugar,Frozen Foods,OUT004,Medium,Tier 2,Supermarket Type2
15.64,0.223,154.17,1999,FD8563,Low Sugar,Dairy,OUT003,Medium,Tier 1,Departmental Store
13.37,0.026,147.36,2009,NC1721,No Sugar,Others,OUT004,Medium,Tier 2,Supermarket Type2
8.26,0.063,86.98,1998,FD7199,Regular,Baking Goods,OUT002,Small,Tier 3,Food Mart
15.15,0.035,149.24,1987,FD2957,Regular,Baking Goods,OUT001,High,Tier 2,Supermarket Type1
15.95,0.085,198.93,1999,FD6075,Regular,Baking Goods,OUT003,Medium,Tier 1,Departmental Store
8.95,0.056,128.82,1998,FD4099,Low Sugar,Snack Foods,OUT002,Small,Tier 3,Food Mart
10.37,0.113,89.66,1987,NC216,No Sugar,Household,OUT001,High,Tier 2,Supermarket Type1
13.99,0.036,129.5,2009,DR6498,Low Sugar,Soft Drinks,OUT004,Medium,Tier 2,Supermarket Type2
14.47,0.01,145.65,2009,FD1067,Regular,Fruits and Vegetables,OUT004,Medium,Tier 2,Supermarket Type2
12.91,0.023,176.48,1987,FD4676,Low Sugar,Snack Foods,OUT001,High,Tier 2,Supermarket Type1
11.85,0.095,168.44,2009,FD6790,Low Sugar,Baking Goods,OUT004,Medium,Tier 2,Supermarket Type2
10.91,0.021,224.28,1987,FD762,Low Sugar,Frozen Foods,OUT001,High,Tier 2,Supermarket Type1
12.32,0.042,138.03,2009,NC1366,No Sugar,Health and Hygiene,OUT004,Medium,Tier 2,Supermarket Type2
9.99,0.052,130.19,2009,DR4823,Regular,Soft Drinks,OUT004,Medium,Tier 2,Supermarket Type2
8.8,0.141,98.38,1998,NC4838,No Sugar,Health and Hygiene,OUT002,Small,Tier 3,Food Mart
15.34,0.057,172.37,1987,FD1839,Low Sugar,Snack Foods,OUT001,High,Tier 2,Supermarket Type1
15.74,0.178,174.62,1987,FD6807,Low Sugar,Frozen Foods,OUT001,High,Tier 2,Supermarket Type1
11.33,0.177,103.49,1998,NC4340,No Sugar,Health and Hygiene,OUT002,Small,Tier 3,Food Mart
11.16,0.041,127.11,2009,FD4443,Low Sugar,Fruits and Vegetables,OUT004,Medium,Tier 2,Supermarket Type2
11.21,0.048,166.96,2009,FD1141,Low Sugar,Fruits and Vegetables,OUT004,Medium,Tier 2,Supermarket Type2
9.88,0.051,123.76,1987,FD2157,Low Sugar,Fruits and Vegetables,OUT001,High,Tier 2,Supermarket Type1
11.01,0.044,131.12,2009,FD6864,Low Sugar,Fruits and Vegetables,OUT004,Medium,Tier 2,Supermarket Type2
16.43,0.086,153.73,1999,FD2697,Low Sugar,Frozen Foods,OUT003,Medium,Tier 1,Departmental Store
20.3,0.081,234.78,1999,FD4584,Low Sugar,Snack Foods,OUT003,Medium,Tier 1,Departmental Store
13.53,0.041,171.77,1987,DR8402,Regular,Soft Drinks,OUT001,High,Tier 2,Supermarket Type1
12.24,0.024,173.79,2009,FD115,Regular,Snack Foods,OUT004,Medium,Tier 2,Supermarket Type2
11.78,0.022,117.13,2009,DR1599,Regular,Hard Drinks,OUT004,Medium,Tier 2,Supermarket Type2
10.26,0.038,116.88,1998,FD5381,Low Sugar,Fruits and Vegetables,OUT002,Small,Tier 3,Food Mart
12.2,0.04,101.93,1987,FD3515,Low Sugar,Snack Foods,OUT001,High,Tier 2,Supermarket Type1
13.23,0.162,174.14,1987,FD7720,Regular,Fruits and Vegetables,OUT001,High,Tier 2,Supermarket Type1
11.83,0.05,141.05,2009,FD6219,Low Sugar,Canned,OUT004,Medium,Tier 2,Supermarket Type2
14.39,0.074,83.04,2009,NC3879,No Sugar,Household,OUT004,Medium,Tier 2,Supermarket Type2
15.68,0.05,167.02,1987,FD5071,Regular,Snack Foods,OUT001,High,Tier 2,Supermarket Type1
15.43,0.196,179.02,1987,FD1730,Low Sugar,Starchy Foods,OUT001,High,Tier 2,Supermarket Type1
10.77,0.066,114.34,1987,FD5851,Regular,Baking Goods,OUT001,High,Tier 2,Supermarket Type1
12.92,0.092,165.69,2009,FD2440,Low Sugar,Canned,OUT004,Medium,Tier 2,Supermarket Type2
11.85,0.076,109.2,1987,FD7981,Low Sugar,Fruits and Vegetables,OUT001,High,Tier 2,Supermarket Type1
10.06,0.057,117.24,1998,FD1022,Low Sugar,Breads,OUT002,Small,Tier 3,Food Mart
12.81,0.081,131.05,2009,FD5296,Regular,Meat,OUT004,Medium,Tier 2,Supermarket Type2
18.95,0.057,165.98,1999,FD6202,Low Sugar,Dairy,OUT003,Medium,Tier 1,Departmental Store
14.49,0.061,161.24,1987,DR586,Low Sugar,Soft Drinks,OUT001,High,Tier 2,Supermarket Type1
12.38,0.046,176.58,2009,FD1587,Low Sugar,Snack Foods,OUT004,Medium,Tier 2,Supermarket Type2
11.95,0.093,176.36,2009,FD8750,Regular,Baking Goods,OUT004,Medium,Tier 2,Supermarket Type2
10.79,0.049,109.32,1998,NC2767,No Sugar,Health and Hygiene,OUT002,Small,Tier 3,Food Mart
12.41,0.063,188.88,1999,FD1605,Low Sugar,Baking Goods,OUT003,Medium,Tier 1,Departmental Store
13.3,0.106,138.88,2009,FD6892,Regular,Snack Foods,OUT004,Medium,Tier 2,Supermarket Type2
12.9,0.076,111.51,2009,NC2391,No Sugar,Household,OUT004,Medium,Tier 2,Supermarket Type2
15.93,0.106,184.84,1999,FD8332,Low Sugar,Snack Foods,OUT003,Medium,Tier 1,Departmental Store
9.72,0.075,107.95,1998,FD8672,Low Sugar,Fruits and Vegetables,OUT002,Small,Tier 3,Food Mart
14.2,0.049,149.21,2009,DR1590,Low Sugar,Soft Drinks,OUT004,Medium,Tier 2,Supermarket Type2
12.56,0.019,185.11,1999,FD3486,Regular,Canned,OUT003,Medium,Tier 1,Departmental Store
9.41,0.055,139.67,2009,FD6453,Low Sugar,Snack Foods,OUT004,Medium,Tier 2,Supermarket Type2
11.17,0.021,139.06,2009,FD7336,Low Sugar,Baking Goods,OUT004,Medium,Tier 2,Supermarket Type2
13.87,0.115,157.91,2009,FD7852,Low Sugar,Snack Foods,OUT004,Medium,Tier 2,Supermarket Type2
17.39,0.034,170.91,1999,FD3656,Low Sugar,Fruits and Vegetables,OUT003,Medium,Tier 1,Departmental Store
11.41,0.029,140.3,2009,FD4509,Low Sugar,Fruits and Vegetables,OUT004,Medium,Tier 2,Supermarket Type2
12.69,0.049,167.51,2009,FD4563,Regular,Starchy Foods,OUT004,Medium,Tier 2,Supermarket Type2
12.17,0.155,123.8,2009,FD2643,Low Sugar,Frozen Foods,OUT004,Medium,Tier 2,Supermarket Type2
10.15,0.108,131.3,2009,FD5124,Low Sugar,Baking Goods,OUT004,Medium,Tier 2,Supermarket Type2
14.47,0.147,138.57,2009,FD6583,Regular,Fruits and Vegetables,OUT004,Medium,Tier 2,Supermarket Type2
13.04,0.07,166.3,2009,FD7913,Low Sugar,Fruits and Vegetables,OUT004,Medium,Tier 2,Supermarket Type2
12.52,0.042,115.53,2009,FD4583,Low Sugar,Fruits and Vegetables,OUT004,Medium,Tier 2,Supermarket Type2
11.38,0.025,136.82,2009,FD7478,Low Sugar,Fruits and Vegetables,OUT004,Medium,Tier 2,Supermarket Type2
17.01,0.104,174.86,1999,DR1426,Low Sugar,Soft Drinks,OUT003,Medium,Tier 1,Departmental Store
12.12,0.024,153.24,2009,FD6208,Regular,Frozen Foods,OUT004,Medium,Tier 2,Supermarket Type2
14.13,0.022,144.2,2009,FD6845,Low Sugar,Baking Goods,OUT004,Medium,Tier 2,Supermarket Type2
10.45,0.058,138.45,2009,FD6499,Low Sugar,Baking Goods,OUT004,Medium,Tier 2,Supermarket Type2
12.9,0.12,124.03,2009,FD7222,Low Sugar,Canned,OUT004,Medium,Tier 2,Supermarket Type2
13.17,0.085,147.32,2009,FD4853,Low Sugar,Snack Foods,OUT004,Medium,Tier 2,Supermarket Type2
14.27,0.216,183.87,1987,FD400,Regular,Meat,OUT001,High,Tier 2,Supermarket Type1
15.12,0.143,132.98,2009,FD321,Low Sugar,Fruits and Vegetables,OUT004,Medium,Tier 2,Supermarket Type2
12.52,0.128,136.44,2009,FD5691,Low Sugar,Snack Foods,OUT004,Medium,Tier 2,Supermarket Type2
13.68,0.02,145.72,2009,FD4714,Regular,Snack Foods,OUT004,Medium,Tier 2,Supermarket Type2
10.57,0.048,79.52,1998,FD8613,Low Sugar,Snack Foods,OUT002,Small,Tier 3,Food Mart
13.76,0.037,116.7,2009,FD4472,Low Sugar,Frozen Foods,OUT004,Medium,Tier 2,Supermarket Type2
12.79,0.049,161.86,2009,FD7796,Low Sugar,Fruits and Vegetables,OUT004,Medium,Tier 2,Supermarket Type2
12.29,0.061,95.98,1987,NC5127,No Sugar,Others,OUT001,High,Tier 2,Supermarket Type1
14.25,0.076,158.34,1987,FD5570,Regular,Baking Goods,OUT001,High,Tier 2,Supermarket Type1
8.9,0.021,98.71,1998,FD267,Low Sugar,Breakfast,OUT002,Small,Tier 3,Food Mart
15.35,0.067,132.16,2009,FD7271,Low Sugar,Frozen Foods,OUT004,Medium,Tier 2,Supermarket Type2
11.91,0.052,139.42,2009,NC3842,No Sugar,Household,OUT004,Medium,Tier 2,Supermarket Type2
14.53,0.171,148.55,2009,FD5504,Low Sugar,Frozen Foods,OUT004,Medium,Tier 2,Supermarket Type2
14.24,0.024,124.77,2009,NC2190,No Sugar,Health and Hygiene,OUT004,Medium,Tier 2,Supermarket Type2
11.33,0.043,121.44,2009,FD5898,Regular,Dairy,OUT004,Medium,Tier 2,Supermarket Type2
14.61,0.039,188.81,1987,FD3343,Regular,Frozen Foods,OUT001,High,Tier 2,Supermarket Type1
11.1,0.082,92.2,1998,FD8433,Low Sugar,Fruits and Vegetables,OUT002,Small,Tier 3,Food Mart
14.67,0.022,149.54,2009,FD4156,Regular,Frozen Foods,OUT004,Medium,Tier 2,Supermarket Type2
10.71,0.082,136.94,2009,NC2046,No Sugar,Household,OUT004,Medium,Tier 2,Supermarket Type2
14.91,0.089,146.41,2009,FD2372,Regular,Fruits and Vegetables,OUT004,Medium,Tier 2,Supermarket Type2
14.73,0.069,157.99,1987,FD7038,Regular,Dairy,OUT001,High,Tier 2,Supermarket Type1
8.59,0.096,92.6,1998,FD2175,Low Sugar,Snack Foods,OUT002,Small,Tier 3,Food Mart
13.24,0.039,156.02,2009,FD6158,Low Sugar,Seafood,OUT004,Medium,Tier 2,Supermarket Type2
10.26,0.034,138.92,2009,FD8151,Regular,Snack Foods,OUT004,Medium,Tier 2,Supermarket Type2
17.16,0.089,151.41,1987,FD4857,Low Sugar,Snack Foods,OUT001,High,Tier 2,Supermarket Type1
10.81,0.138,161.84,2009,FD6838,Low Sugar,Seafood,OUT004,Medium,Tier 2,Supermarket Type2
11.81,0.045,138.42,2009,DR8057,Low Sugar,Soft Drinks,OUT004,Medium,Tier 2,Supermarket Type2
12.74,0.05,152.27,2009,FD7362,Low Sugar,Dairy,OUT004,Medium,Tier 2,Supermarket Type2
13.59,0.038,138.17,2009,FD3410,Low Sugar,Snack Foods,OUT004,Medium,Tier 2,Supermarket Type2
11.19,0.017,122.73,1998,NC405,No Sugar,Household,OUT002,Small,Tier 3,Food Mart
8.12,0.038,167.21,2009,FD6652,Regular,Meat,OUT004,Medium,Tier 2,Supermarket Type2
11.94,0.044,142.26,2009,FD5222,Low Sugar,Fruits and Vegetables,OUT004,Medium,Tier 2,Supermarket Type2
12.43,0.037,137.51,2009,FD8748,Low Sugar,Fruits and Vegetables,OUT004,Medium,Tier 2,Supermarket Type2
8.5,0.061,176.63,2009,FD1822,Regular,Fruits and Vegetables,OUT004,Medium,Tier 2,Supermarket Type2
11.38,0.007,84.18,1998,FD4685,Low Sugar,Meat,OUT002,Small,Tier 3,Food Mart
11.6,0.061,171.07,2009,FD3079,Low Sugar,Dairy,OUT004,Medium,Tier 2,Supermarket Type2
11.04,0.121,142.88,2009,FD4680,Low Sugar,Fruits and Vegetables,OUT004,Medium,Tier 2,Supermarket Type2
9.28,0.041,86.66,1998,FD6261,Regular,Frozen Foods,OUT002,Small,Tier 3,Food Mart
10.94,0.061,128.45,2009,FD8641,Low Sugar,Frozen Foods,OUT004,Medium,Tier 2,Supermarket Type2
11.74,0.077,165.86,2009,FD7069,Low Sugar,Baking Goods,OUT004,Medium,Tier 2,Supermarket Type2
10.41,0.032,189.38,2009,FD579,Regular,Baking Goods,OUT004,Medium,Tier 2,Supermarket Type2
14.06,0.047,160.08,1987,DR8705,Regular,Soft Drinks,OUT001,High,Tier 2,Supermarket Type1
12.08,0.021,121.54,2009,NC220,No Sugar,Household,OUT004,Medium,Tier 2,Supermarket Type2
11.55,0.042,129.17,2009,DR4866,Low Sugar,Soft Drinks,OUT004,Medium,Tier 2,Supermarket Type2
10.84,0.024,109.08,1998,DR5880,Low Sugar,Soft Drinks,OUT002,Small,Tier 3,Food Mart
16.44,0.056,216.03,1999,FD4475,Low Sugar,Frozen Foods,OUT003,Medium,Tier 1,Departmental Store
14.07,0.041,181.33,1999,FD5993,Low Sugar,Baking Goods,OUT003,Medium,Tier 1,Departmental Store
11.33,0.11,118.73,2009,DR325,Low Sugar,Soft Drinks,OUT004,Medium,Tier 2,Supermarket Type2
15.58,0.044,198.22,1999,FD8255,Low Sugar,Meat,OUT003,Medium,Tier 1,Departmental Store
11.57,0.098,186.72,1987,FD3630,Regular,Fruits and Vegetables,OUT001,High,Tier 2,Supermarket Type1
16.15,0.132,192.35,1998,FD85,Low Sugar,Meat,OUT002,Small,Tier 3,Food Mart
9.95,0.034,149.98,2009,FD6636,Low Sugar,Snack Foods,OUT004,Medium,Tier 2,Supermarket Type2
13.95,0.133,155.4,2009,FD3064,Low Sugar,Breakfast,OUT004,Medium,Tier 2,Supermarket Type2
11.47,0.129,102.4,1998,NC2344,No Sugar,Others,OUT002,Small,Tier 3,Food Mart
12.62,0.028,104.69,2009,FD818,Low Sugar,Snack Foods,OUT004,Medium,Tier 2,Supermarket Type2
13.48,0.057,109.65,1998,FD119,Low Sugar,Snack Foods,OUT002,Small,Tier 3,Food Mart
13.16,0.125,193.17,1987,NC5516,No Sugar,Others,OUT001,High,Tier 2,Supermarket Type1
13.43,0.14,141.86,1998,FD324,Low Sugar,Breakfast,OUT002,Small,Tier 3,Food Mart
10.75,0.027,144.76,2009,FD6609,Low Sugar,Baking Goods,OUT004,Medium,Tier 2,Supermarket Type2
10.78,0.018,138.62,2009,NC5677,No Sugar,Health and Hygiene,OUT004,Medium,Tier 2,Supermarket Type2
9.5,0.156,147.39,2009,FD5582,Low Sugar,Frozen Foods,OUT004,Medium,Tier 2,Supermarket Type2
12.78,0.076,161.64,2009,FD3564,Regular,Snack Foods,OUT004,Medium,Tier 2,Supermarket Type2
15.03,0.061,147.55,1987,NC4779,No Sugar,Household,OUT001,High,Tier 2,Supermarket Type1
10.79,0.069,164.78,2009,FD3579,Low Sugar,Fruits and Vegetables,OUT004,Medium,Tier 2,Supermarket Type2
11.58,0.122,163.26,2009,FD916,Regular,Canned,OUT004,Medium,Tier 2,Supermarket Type2
11.69,0.071,153.15,2009,FD3215,Low Sugar,Fruits and Vegetables,OUT004,Medium,Tier 2,Supermarket Type2
13.68,0.068,193.19,1987,FD3371,Regular,Dairy,OUT001,High,Tier 2,Supermarket Type1
15.24,0.099,188.53,1987,FD6497,Low Sugar,Canned,OUT001,High,Tier 2,Supermarket Type1
13.0,0.077,136.76,2009,NC4459,No Sugar,Household,OUT004,Medium,Tier 2,Supermarket Type2
10.57,0.027,199.48,1987,DR7634,Low Sugar,Soft Drinks,OUT001,High,Tier 2,Supermarket Type1
13.37,0.053,174.51,1987,NC1028,No Sugar,Health and Hygiene,OUT001,High,Tier 2,Supermarket Type1
16.69,0.083,200.25,1999,FD6629,Low Sugar,Frozen Foods,OUT003,Medium,Tier 1,Departmental Store
10.85,0.049,141.07,2009,FD5121,Low Sugar,Dairy,OUT004,Medium,Tier 2,Supermarket Type2
9.2,0.093,102.51,1998,FD2911,Regular,Fruits and Vegetables,OUT002,Small,Tier 3,Food Mart
11.13,0.117,131.69,2009,FD5456,Regular,Snack Foods,OUT004,Medium,Tier 2,Supermarket Type2
16.72,0.128,160.17,1987,FD4166,Regular,Canned,OUT001,High,Tier 2,Supermarket Type1
11.11,0.029,165.29,2009,FD3389,Low Sugar,Snack Foods,OUT004,Medium,Tier 2,Supermarket Type2
12.04,0.185,114.88,2009,FD1207,Low Sugar,Snack Foods,OUT004,Medium,Tier 2,Supermarket Type2
11.74,0.062,103.63,1987,DR2750,Low Sugar,Hard Drinks,OUT001,High,Tier 2,Supermarket Type1
11.77,0.168,145.18,2009,NC1229,No Sugar,Health and Hygiene,OUT004,Medium,Tier 2,Supermarket Type2
15.06,0.12,163.79,1999,FD2984,Low Sugar,Dairy,OUT003,Medium,Tier 1,Departmental Store
12.16,0.034,156.17,2009,FD5878,Low Sugar,Fruits and Vegetables,OUT004,Medium,Tier 2,Supermarket Type2
13.36,0.06,143.84,2009,FD5546,Regular,Fruits and Vegetables,OUT004,Medium,Tier 2,Supermarket Type2
13.45,0.115,169.46,1987,FD8680,Low Sugar,Snack Foods,OUT001,High,Tier 2,Supermarket Type1
12.08,0.076,168.72,2009,FD7589,Low Sugar,Baking Goods,OUT004,Medium,Tier 2,Supermarket Type2
17.15,0.077,170.33,1999,FD6606,Low Sugar,Fruits and Vegetables,OUT003,Medium,Tier 1,Departmental Store
15.17,0.164,146.39,1987,FD5149,Low Sugar,Meat,OUT001,High,Tier 2,Supermarket Type1
15.07,0.089,180.86,1987,FD5376,Low Sugar,Seafood,OUT001,High,Tier 2,Supermarket Type1
15.75,0.043,128.82,2009,NC5059,No Sugar,Household,OUT004,Medium,Tier 2,Supermarket Type2
10.34,0.015,167.16,2009,FD2094,Regular,Snack Foods,OUT004,Medium,Tier 2,Supermarket Type2
10.36,0.035,182.68,2009,FD5821,Regular,Fruits and Vegetables,OUT004,Medium,Tier 2,Supermarket Type2
10.03,0.205,166.94,2009,FD4465,Regular,Baking Goods,OUT004,Medium,Tier 2,Supermarket Type2
13.16,0.009,190.23,1999,FD2517,Regular,Fruits and Vegetables,OUT003,Medium,Tier 1,Departmental Store
10.74,0.173,138.19,2009,NC1071,No Sugar,Household,OUT004,Medium,Tier 2,Supermarket Type2
11.43,0.128,147.87,2009,FD4911,Low Sugar,Snack Foods,OUT004,Medium,Tier 2,Supermarket Type2
12.55,0.119,101.29,1987,NC4660,No Sugar,Household,OUT001,High,Tier 2,Supermarket Type1
15.34,0.069,144.22,1987,FD4380,Low Sugar,Fruits and Vegetables,OUT001,High,Tier 2,Supermarket Type1
13.93,0.021,200.09,1987,FD4981,Low Sugar,Frozen Foods,OUT001,High,Tier 2,Supermarket Type1
13.58,0.11,108.27,2009,FD1734,Low Sugar,Snack Foods,OUT004,Medium,Tier 2,Supermarket Type2
12.51,0.153,142.92,2009,FD8223,Regular,Dairy,OUT004,Medium,Tier 2,Supermarket Type2
14.51,0.111,118.48,2009,FD5471,Regular,Dairy,OUT004,Medium,Tier 2,Supermarket Type2
12.59,0.057,208.93,1987,FD5786,Regular,Baking Goods,OUT001,High,Tier 2,Supermarket Type1
11.84,0.081,160.24,2009,FD1652,Low Sugar,Canned,OUT004,Medium,Tier 2,Supermarket Type2
12.52,0.074,217.86,1998,DR124,Low Sugar,Soft Drinks,OUT002,Small,Tier 3,Food Mart
12.57,0.036,136.27,1998,DR131,Low Sugar,Soft Drinks,OUT002,Small,Tier 3,Food Mart
13.06,0.055,152.58,2009,FD8541,Regular,Frozen Foods,OUT004,Medium,Tier 2,Supermarket Type2
14.23,0.065,114.51,2009,FD7639,Low Sugar,Starchy Foods,OUT004,Medium,Tier 2,Supermarket Type2
13.92,0.024,132.01,2009,DR3683,Regular,Soft Drinks,OUT004,Medium,Tier 2,Supermarket Type2
14.31,0.079,154.1,2009,NC5836,No Sugar,Health and Hygiene,OUT004,Medium,Tier 2,Supermarket Type2
11.76,0.035,119.88,2009,NC8118,No Sugar,Health and Hygiene,OUT004,Medium,Tier 2,Supermarket Type2
12.38,0.16,154.0,2009,FD928,Low Sugar,Frozen Foods,OUT004,Medium,Tier 2,Supermarket Type2
10.93,0.082,116.53,1987,FD5337,Low Sugar,Baking Goods,OUT001,High,Tier 2,Supermarket Type1
10.84,0.025,140.61,2009,FD3922,Low Sugar,Snack Foods,OUT004,Medium,Tier 2,Supermarket Type2
11.73,0.011,164.37,2009,FD7094,Low Sugar,Canned,OUT004,Medium,Tier 2,Supermarket Type2
12.76,0.021,139.6,2009,FD8408,Regular,Breads,OUT004,Medium,Tier 2,Supermarket Type2
13.81,0.174,137.42,2009,FD5857,Low Sugar,Canned,OUT004,Medium,Tier 2,Supermarket Type2
12.87,0.09,168.16,2009,FD5293,Low Sugar,Dairy,OUT004,Medium,Tier 2,Supermarket Type2
9.83,0.039,122.63,1987,FD4931,Regular,Snack Foods,OUT001,High,Tier 2,Supermarket Type1
8.05,0.047,101.95,1998,FD1359,Regular,Dairy,OUT002,Small,Tier 3,Food Mart
12.15,0.105,140.68,2009,FD3640,Regular,Baking Goods,OUT004,Medium,Tier 2,Supermarket Type2
13.56,0.039,161.22,2009,FD7488,Low Sugar,Canned,OUT004,Medium,Tier 2,Supermarket Type2
16.06,0.106,169.48,1987,DR6476,Low Sugar,Hard Drinks,OUT001,High,Tier 2,Supermarket Type1
10.7,0.04,183.23,2009,FD7791,Regular,Snack Foods,OUT004,Medium,Tier 2,Supermarket Type2
12.2,0.051,131.34,2009,FD3646,Low Sugar,Frozen Foods,OUT004,Medium,Tier 2,Supermarket Type2
10.04,0.042,119.11,1998,NC6912,No Sugar,Household,OUT002,Small,Tier 3,Food Mart
11.12,0.061,141.28,2009,FD8610,Regular,Dairy,OUT004,Medium,Tier 2,Supermarket Type2
15.42,0.205,166.32,1999,FD5470,Low Sugar,Dairy,OUT003,Medium,Tier 1,Departmental Store
15.63,0.274,136.93,2009,FD3762,Regular,Dairy,OUT004,Medium,Tier 2,Supermarket Type2
13.6,0.08,127.68,2009,FD2196,Low Sugar,Snack Foods,OUT004,Medium,Tier 2,Supermarket Type2
9.35,0.04,99.2,1998,FD6855,Regular,Fruits and Vegetables,OUT002,Small,Tier 3,Food Mart
13.3,0.054,157.11,2009,FD4735,Low Sugar,Breads,OUT004,Medium,Tier 2,Supermarket Type2
14.75,0.027,135.64,2009,FD736,Low Sugar,Seafood,OUT004,Medium,Tier 2,Supermarket Type2
14.72,0.115,154.67,1987,FD8143,Low Sugar,Baking Goods,OUT001,High,Tier 2,Supermarket Type1
13.48,0.03,202.54,1987,FD8136,Low Sugar,Meat,OUT001,High,Tier 2,Supermarket Type1
13.44,0.045,146.29,2009,FD4666,Regular,Fruits and Vegetables,OUT004,Medium,Tier 2,Supermarket Type2
9.34,0.035,127.3,1987,DR3850,Regular,Hard Drinks,OUT001,High,Tier 2,Supermarket Type1
14.45,0.076,152.87,2009,FD4487,Low Sugar,Snack Foods,OUT004,Medium,Tier 2,Supermarket Type2
13.48,0.066,155.95,2009,FD240,Low Sugar,Dairy,OUT004,Medium,Tier 2,Supermarket Type2
13.18,0.018,158.11,2009,FD6573,Low Sugar,Starchy Foods,OUT004,Medium,Tier 2,Supermarket Type2
9.9,0.036,97.0,1998,FD5243,Low Sugar,Snack Foods,OUT002,Small,Tier 3,Food Mart
11.8,0.083,127.26,2009,NC1728,No Sugar,Health and Hygiene,OUT004,Medium,Tier 2,Supermarket Type2
12.27,0.066,218.89,1987,NC6246,No Sugar,Household,OUT001,High,Tier 2,Supermarket Type1
14.36,0.035,157.28,1987,FD5050,Low Sugar,Snack Foods,OUT001,High,Tier 2,Supermarket Type1
11.72,0.09,144.77,2009,FD3698,Regular,Dairy,OUT004,Medium,Tier 2,Supermarket Type2
11.79,0.11,175.53,2009,NC7623,No Sugar,Health and Hygiene,OUT004,Medium,Tier 2,Supermarket Type2
14.29,0.159,172.78,1999,FD4237,Low Sugar,Snack Foods,OUT003,Medium,Tier 1,Departmental Store
12.65,0.072,201.52,1987,FD1819,Low Sugar,Frozen Foods,OUT001,High,Tier 2,Supermarket Type1
12.03,0.006,143.64,2009,FD7297,Regular,Snack Foods,OUT004,Medium,Tier 2,Supermarket Type2
13.73,0.015,100.56,2009,NC3635,No Sugar,Health and Hygiene,OUT004,Medium,Tier 2,Supermarket Type2
12.99,0.007,110.11,2009,FD2490,Low Sugar,Dairy,OUT004,Medium,Tier 2,Supermarket Type2
12.72,0.054,186.18,1999,FD7598,Regular,Snack Foods,OUT003,Medium,Tier 1,Departmental Store
15.27,0.076,145.34,1987,DR1346,Low Sugar,Soft Drinks,OUT001,High,Tier 2,Supermarket Type1
12.21,0.045,132.91,2009,FD4238,Low Sugar,Frozen Foods,OUT004,Medium,Tier 2,Supermarket Type2
10.78,0.073,197.63,1987,FD5560,Low Sugar,Canned,OUT001,High,Tier 2,Supermarket Type1
9.92,0.071,100.6,1998,NC6533,No Sugar,Household,OUT002,Small,Tier 3,Food Mart
15.37,0.13,99.24,2009,FD135,Low Sugar,Canned,OUT004,Medium,Tier 2,Supermarket Type2
11.66,0.047,188.95,1987,FD2463,Low Sugar,Meat,OUT001,High,Tier 2,Supermarket Type1
10.65,0.132,156.8,2009,FD3328,Regular,Frozen Foods,OUT004,Medium,Tier 2,Supermarket Type2
16.09,0.019,182.14,1999,FD1745,Regular,Meat,OUT003,Medium,Tier 1,Departmental Store
11.69,0.079,125.99,2009,FD8382,Regular,Baking Goods,OUT004,Medium,Tier 2,Supermarket Type2
12.72,0.022,187.9,1987,FD363,Regular,Breads,OUT001,High,Tier 2,Supermarket Type1
13.84,0.013,175.33,1987,FD377,Low Sugar,Meat,OUT001,High,Tier 2,Supermarket Type1
7.3,0.041,125.09,1998,FD7092,Low Sugar,Dairy,OUT002,Small,Tier 3,Food Mart
15.31,0.143,203.02,1998,FD532,Low Sugar,Meat,OUT002,Small,Tier 3,Food Mart
14.81,0.104,128.05,2009,FD3015,Low Sugar,Snack Foods,OUT004,Medium,Tier 2,Supermarket Type2
12.93,0.018,167.91,2009,NC2098,No Sugar,Health and Hygiene,OUT004,Medium,Tier 2,Supermarket Type2
15.04,0.104,118.56,2009,FD1448,Low Sugar,Snack Foods,OUT004,Medium,Tier 2,Supermarket Type2
10.73,0.016,159.37,2009,NC3365,No Sugar,Health and Hygiene,OUT004,Medium,Tier 2,Supermarket Type2
10.65,0.039,123.03,2009,NC7089,No Sugar,Health and Hygiene,OUT004,Medium,Tier 2,Supermarket Type2
14.09,0.016,147.18,2009,FD4477,Regular,Frozen Foods,OUT004,Medium,Tier 2,Supermarket Type2
12.2,0.038,122.87,2009,FD594,Low Sugar,Dairy,OUT004,Medium,Tier 2,Supermarket Type2
13.01,0.119,150.84,2009,FD6898,Low Sugar,Snack Foods,OUT004,Medium,Tier 2,Supermarket Type2
11.35,0.111,90.63,1998,FD7027,Low Sugar,Baking Goods,OUT002,Small,Tier 3,Food Mart
16.26,0.016,145.76,1999,FD3458,Low Sugar,Meat,OUT003,Medium,Tier 1,Departmental Store
11.15,0.013,169.36,2009,NC4407,No Sugar,Household,OUT004,Medium,Tier 2,Supermarket Type2
10.78,0.16,127.21,2009,NC8148,No Sugar,Health and Hygiene,OUT004,Medium,Tier 2,Supermarket Type2
9.49,0.064,153.55,2009,FD1596,Low Sugar,Frozen Foods,OUT004,Medium,Tier 2,Supermarket Type2
14.3,0.065,161.73,1987,FD2565,Regular,Fruits and Vegetables,OUT001,High,Tier 2,Supermarket Type1
11.62,0.063,146.83,2009,FD3430,Low Sugar,Snack Foods,OUT004,Medium,Tier 2,Supermarket Type2
8.58,0.031,126.4,1998,FD3988,Low Sugar,Frozen Foods,OUT002,Small,Tier 3,Food Mart
14.11,0.014,138.37,2009,NC7918,No Sugar,Household,OUT004,Medium,Tier 2,Supermarket Type2
12.56,0.066,146.26,2009,FD2635,reg,Frozen Foods,OUT004,Medium,Tier 2,Supermarket Type2
16.34,0.079,171.56,1987,DR7954,Regular,Hard Drinks,OUT001,High,Tier 2,Supermarket Type1
13.19,0.047,113.67,2009,FD1645,Low Sugar,Dairy,OUT004,Medium,Tier 2,Supermarket Type2
13.28,0.024,148.87,2009,DR8240,Low Sugar,Soft Drinks,OUT004,Medium,Tier 2,Supermarket Type2
10.72,0.129,106.39,1998,FD1100,Regular,Dairy,OUT002,Small,Tier 3,Food Mart
11.06,0.031,160.42,2009,FD6723,Regular,Dairy,OUT004,Medium,Tier 2,Supermarket Type2
13.11,0.088,133.18,2009,FD1594,Low Sugar,Canned,OUT004,Medium,Tier 2,Supermarket Type2
12.76,0.11,147.75,1999,FD498,Low Sugar,Snack Foods,OUT003,Medium,Tier 1,Departmental Store
12.12,0.076,117.73,2009,NC5304,No Sugar,Household,OUT004,Medium,Tier 2,Supermarket Type2
13.77,0.021,134.31,2009,FD1801,Regular,Breakfast,OUT004,Medium,Tier 2,Supermarket Type2
14.12,0.126,157.35,2009,FD4447,Low Sugar,Starchy Foods,OUT004,Medium,Tier 2,Supermarket Type2
9.6,0.042,123.66,1998,FD1552,Regular,Fruits and Vegetables,OUT002,Small,Tier 3,Food Mart
12.35,0.025,151.39,2009,NC365,No Sugar,Health and Hygiene,OUT004,Medium,Tier 2,Supermarket Type2
11.34,0.07,105.65,1987,FD6332,Low Sugar,Meat,OUT001,High,Tier 2,Supermarket Type1
13.22,0.05,148.87,2009,DR8095,Low Sugar,Hard Drinks,OUT004,Medium,Tier 2,Supermarket Type2
12.34,0.034,95.69,1987,NC886,No Sugar,Health and Hygiene,OUT001,High,Tier 2,Supermarket Type1
14.29,0.124,201.74,1987,FD5330,Regular,Fruits and Vegetables,OUT001,High,Tier 2,Supermarket Type1
13.92,0.086,162.85,1987,FD7912,Regular,Frozen Foods,OUT001,High,Tier 2,Supermarket Type1
14.12,0.129,160.41,1987,FD8534,Low Sugar,Baking Goods,OUT001,High,Tier 2,Supermarket Type1
14.96,0.021,195.73,1987,FD887,Regular,Meat,OUT001,High,Tier 2,Supermarket Type1
10.4,0.064,129.37,2009,FD7239,Low Sugar,Fruits and Vegetables,OUT004,Medium,Tier 2,Supermarket Type2
12.56,0.042,141.34,2009,NC466,No Sugar,Household,OUT004,Medium,Tier 2,Supermarket Type2
11.12,0.124,104.86,1998,FD5037,Low Sugar,Snack Foods,OUT002,Small,Tier 3,Food Mart
15.3,0.024,144.34,2009,FD8685,Low Sugar,Snack Foods,OUT004,Medium,Tier 2,Supermarket Type2
11.89,0.061,188.17,1987,NC4109,No Sugar,Health and Hygiene,OUT001,High,Tier 2,Supermarket Type1
12.33,0.053,86.72,1998,FD3545,Low Sugar,Fruits and Vegetables,OUT002,Small,Tier 3,Food Mart
12.18,0.107,162.96,2009,FD3183,Low Sugar,Snack Foods,OUT004,Medium,Tier 2,Supermarket Type2
14.72,0.052,160.76,1999,FD6442,Regular,Canned,OUT003,Medium,Tier 1,Departmental Store
15.77,0.044,155.23,1999,FD8726,Low Sugar,Dairy,OUT003,Medium,Tier 1,Departmental Store
14.56,0.038,178.4,1987,DR8124,Low Sugar,Hard Drinks,OUT001,High,Tier 2,Supermarket Type1
13.88,0.032,177.26,1987,FD503,Low Sugar,Canned,OUT001,High,Tier 2,Supermarket Type1
7.7,0.038,98.13,1998,FD2816,Regular,Fruits and Vegetables,OUT002,Small,Tier 3,Food Mart
7.33,0.183,107.44,1998,FD7662,Low Sugar,Canned,OUT002,Small,Tier 3,Food Mart
8.36,0.077,111.56,1998,FD4837,reg,Dairy,OUT002,Small,Tier 3,Food Mart
10.89,0.037,124.43,2009,FD1570,Regular,Fruits and Vegetables,OUT004,Medium,Tier 2,Supermarket Type2
14.36,0.012,128.07,2009,DR8562,Regular,Soft Drinks,OUT004,Medium,Tier 2,Supermarket Type2
14.55,0.205,167.45,1999,FD6973,Low Sugar,Seafood,OUT003,Medium,Tier 1,Departmental Store
14.82,0.011,131.95,2009,FD8219,Low Sugar,Breads,OUT004,Medium,Tier 2,Supermarket Type2
14.09,0.08,137.91,2009,FD7567,Low Sugar,Baking Goods,OUT004,Medium,Tier 2,Supermarket Type2
12.25,0.025,151.93,2009,DR5163,Regular,Hard Drinks,OUT004,Medium,Tier 2,Supermarket Type2
15.8,0.111,130.46,2009,FD5423,Regular,Snack Foods,OUT004,Medium,Tier 2,Supermarket Type2
11.13,0.073,140.73,2009,NC5942,No Sugar,Household,OUT004,Medium,Tier 2,Supermarket Type2
12.4,0.092,183.95,1987,NC7098,No Sugar,Household,OUT001,High,Tier 2,Supermarket Type1
12.66,0.088,127.99,2009,FD4468,Low Sugar,Canned,OUT004,Medium,Tier 2,Supermarket Type2
14.99,0.058,161.5,1999,NC5834,No Sugar,Household,OUT003,Medium,Tier 1,Departmental Store
10.07,0.043,121.94,1987,FD850,Low Sugar,Snack Foods,OUT001,High,Tier 2,Supermarket Type1
12.03,0.047,116.24,1999,FD206,Low Sugar,Starchy Foods,OUT003,Medium,Tier 1,Departmental Store
12.92,0.032,121.53,2009,FD4600,Regular,Meat,OUT004,Medium,Tier 2,Supermarket Type2
14.15,0.052,215.74,1999,FD6929,Low Sugar,Dairy,OUT003,Medium,Tier 1,Departmental Store
13.21,0.019,164.45,2009,FD5480,Regular,Baking Goods,OUT004,Medium,Tier 2,Supermarket Type2
11.08,0.016,106.32,1998,NC5078,No Sugar,Health and Hygiene,OUT002,Small,Tier 3,Food Mart
11.11,0.015,133.07,2009,FD7770,Regular,Canned,OUT004,Medium,Tier 2,Supermarket Type2
12.8,0.022,126.14,2009,FD4959,Low Sugar,Dairy,OUT004,Medium,Tier 2,Supermarket Type2
13.46,0.075,135.73,2009,DR7797,Low Sugar,Soft Drinks,OUT004,Medium,Tier 2,Supermarket Type2
11.32,0.17,136.2,2009,FD5505,Low Sugar,Fruits and Vegetables,OUT004,Medium,Tier 2,Supermarket Type2
17.47,0.027,195.62,1999,FD2458,Low Sugar,Fruits and Vegetables,OUT003,Medium,Tier 1,Departmental Store
13.08,0.008,149.13,2009,FD7180,Low Sugar,Snack Foods,OUT004,Medium,Tier 2,Supermarket Type2
15.61,0.122,141.69,1987,FD5698,Low Sugar,Fruits and Vegetables,OUT001,High,Tier 2,Supermarket Type1
14.39,0.139,163.84,1987,FD3367,Low Sugar,Snack Foods,OUT001,High,Tier 2,Supermarket Type1
14.0,0.036,117.72,2009,FD4873,Low Sugar,Fruits and Vegetables,OUT004,Medium,Tier 2,Supermarket Type2
14.33,0.035,188.37,1987,FD8137,Low Sugar,Meat,OUT001,High,Tier 2,Supermarket Type1
11.16,0.055,170.81,2009,FD726,Regular,Meat,OUT004,Medium,Tier 2,Supermarket Type2
10.49,0.032,127.63,2009,FD4221,Low Sugar,Snack Foods,OUT004,Medium,Tier 2,Supermarket Type2
12.82,0.058,135.28,2009,FD6469,reg,Frozen Foods,OUT004,Medium,Tier 2,Supermarket Type2
11.82,0.014,141.53,2009,NC5344,No Sugar,Household,OUT004,Medium,Tier 2,Supermarket Type2
13.42,0.154,166.81,1987,FD7340,Regular,Frozen Foods,OUT001,High,Tier 2,Supermarket Type1
9.87,0.03,89.57,1998,FD3417,Low Sugar,Snack Foods,OUT002,Small,Tier 3,Food Mart
11.37,0.095,150.55,2009,FD7680,Low Sugar,Canned,OUT004,Medium,Tier 2,Supermarket Type2
13.28,0.042,167.77,1987,NC6631,No Sugar,Health and Hygiene,OUT001,High,Tier 2,Supermarket Type1
10.54,0.04,111.83,1998,DR1678,Regular,Soft Drinks,OUT002,Small,Tier 3,Food Mart
14.09,0.015,121.85,2009,FD7166,Regular,Fruits and Vegetables,OUT004,Medium,Tier 2,Supermarket Type2
10.95,0.038,102.71,1998,FD8290,Low Sugar,Meat,OUT002,Small,Tier 3,Food Mart
17.39,0.073,175.5,1999,FD1589,Low Sugar,Fruits and Vegetables,OUT003,Medium,Tier 1,Departmental Store
14.5,0.026,146.7,2009,DR3293,Regular,Soft Drinks,OUT004,Medium,Tier 2,Supermarket Type2
12.67,0.046,175.83,1987,NC6837,No Sugar,Health and Hygiene,OUT001,High,Tier 2,Supermarket Type1
15.18,0.027,155.91,1999,FD5185,Low Sugar,Fruits and Vegetables,OUT003,Medium,Tier 1,Departmental Store
10.22,0.075,108.72,1998,FD5210,Low Sugar,Baking Goods,OUT002,Small,Tier 3,Food Mart
13.23,0.072,150.16,2009,FD6523,Regular,Breakfast,OUT004,Medium,Tier 2,Supermarket Type2
11.84,0.036,133.55,2009,FD2204,Low Sugar,Fruits and Vegetables,OUT004,Medium,Tier 2,Supermarket Type2
11.68,0.067,185.12,1987,FD6191,Low Sugar,Meat,OUT001,High,Tier 2,Supermarket Type1
11.35,0.026,132.6,2009,FD5714,Low Sugar,Dairy,OUT004,Medium,Tier 2,Supermarket Type2
13.72,0.056,142.14,2009,NC1585,No Sugar,Health and Hygiene,OUT004,Medium,Tier 2,Supermarket Type2
16.32,0.033,173.95,1987,FD1175,Low Sugar,Snack Foods,OUT001,High,Tier 2,Supermarket Type1
13.23,0.067,167.14,2009,FD3318,Low Sugar,Frozen Foods,OUT004,Medium,Tier 2,Supermarket Type2
13.63,0.147,157.43,2009,FD6314,Low Sugar,Fruits and Vegetables,OUT004,Medium,Tier 2,Supermarket Type2
17.24,0.017,140.86,1999,FD3633,Low Sugar,Snack Foods,OUT003,Medium,Tier 1,Departmental Store
14.42,0.017,204.31,1999,NC1322,No Sugar,Household,OUT003,Medium,Tier 1,Departmental Store
14.73,0.027,139.42,2009,FD5003,Low Sugar,Snack Foods,OUT004,Medium,Tier 2,Supermarket Type2
14.28,0.095,190.26,1987,FD3962,Regular,Snack Foods,OUT001,High,Tier 2,Supermarket Type1
14.62,0.095,190.76,1987,FD8351,Low Sugar,Canned,OUT001,High,Tier 2,Supermarket Type1
12.25,0.128,177.4,2009,FD3507,Low Sugar,Canned,OUT004,Medium,Tier 2,Supermarket Type2
13.44,0.036,132.58,2009,DR5873,Regular,Hard Drinks,OUT004,Medium,Tier 2,Supermarket Type2
13.08,0.044,114.66,2009,FD3736,Low Sugar,Frozen Foods,OUT004,Medium,Tier 2,Supermarket Type2
14.7,0.137,159.86,1987,FD673,Low Sugar,Dairy,OUT001,High,Tier 2,Supermarket Type1
11.54,0.06,140.71,2009,FD8489,Regular,Fruits and Vegetables,OUT004,Medium,Tier 2,Supermarket Type2
14.18,0.144,161.28,1987,FD5054,Regular,Frozen Foods,OUT001,High,Tier 2,Supermarket Type1
11.27,0.124,147.12,2009,FD1393,Low Sugar,Canned,OUT004,Medium,Tier 2,Supermarket Type2
13.61,0.026,108.18,1998,FD484,Low Sugar,Canned,OUT002,Small,Tier 3,Food Mart
11.97,0.047,142.36,2009,FD3817,Low Sugar,Frozen Foods,OUT004,Medium,Tier 2,Supermarket Type2
10.56,0.038,97.45,1998,FD4891,Low Sugar,Frozen Foods,OUT002,Small,Tier 3,Food Mart
10.18,0.103,135.38,2009,FD8503,Low Sugar,Seafood,OUT004,Medium,Tier 2,Supermarket Type2
11.53,0.02,119.91,2009,FD7909,Low Sugar,Snack Foods,OUT004,Medium,Tier 2,Supermarket Type2
11.94,0.117,176.27,2009,FD5125,Regular,Frozen Foods,OUT004,Medium,Tier 2,Supermarket Type2
11.57,0.022,133.82,2009,NC2410,No Sugar,Household,OUT004,Medium,Tier 2,Supermarket Type2
13.8,0.014,129.59,2009,NC1355,No Sugar,Health and Hygiene,OUT004,Medium,Tier 2,Supermarket Type2
10.68,0.083,146.21,2009,FD6718,Regular,Baking Goods,OUT004,Medium,Tier 2,Supermarket Type2
10.38,0.089,112.11,1998,NC1477,No Sugar,Health and Hygiene,OUT002,Small,Tier 3,Food Mart
12.21,0.07,135.67,2009,FD6434,Regular,Fruits and Vegetables,OUT004,Medium,Tier 2,Supermarket Type2
10.96,0.109,130.68,2009,FD8628,Low Sugar,Dairy,OUT004,Medium,Tier 2,Supermarket Type2
10.1,0.07,131.73,2009,FD2012,Low Sugar,Fruits and Vegetables,OUT004,Medium,Tier 2,Supermarket Type2
11.35,0.071,174.11,2009,FD1812,Low Sugar,Frozen Foods,OUT004,Medium,Tier 2,Supermarket Type2
11.51,0.077,92.61,1998,FD8305,Low Sugar,Dairy,OUT002,Small,Tier 3,Food Mart
14.67,0.116,164.12,1999,FD6105,Low Sugar,Dairy,OUT003,Medium,Tier 1,Departmental Store
11.51,0.023,138.15,2009,FD7079,Regular,Frozen Foods,OUT004,Medium,Tier 2,Supermarket Type2
11.97,0.004,116.15,2009,FD6472,Low Sugar,Frozen Foods,OUT004,Medium,Tier 2,Supermarket Type2
12.03,0.026,129.03,2009,FD7778,Regular,Frozen Foods,OUT004,Medium,Tier 2,Supermarket Type2
12.43,0.154,166.96,2009,FD718,Regular,Snack Foods,OUT004,Medium,Tier 2,Supermarket Type2
16.59,0.174,175.62,1999,FD1133,Low Sugar,Fruits and Vegetables,OUT003,Medium,Tier 1,Departmental Store
14.63,0.035,179.0,1987,FD2501,Low Sugar,Snack Foods,OUT001,High,Tier 2,Supermarket Type1
11.59,0.055,141.64,2009,FD2323,Low Sugar,Snack Foods,OUT004,Medium,Tier 2,Supermarket Type2
12.49,0.026,116.15,2009,FD1310,Low Sugar,Snack Foods,OUT004,Medium,Tier 2,Supermarket Type2
13.58,0.153,138.25,2009,FD3006,Low Sugar,Fruits and Vegetables,OUT004,Medium,Tier 2,Supermarket Type2
14.87,0.103,217.23,1999,NC6336,No Sugar,Health and Hygiene,OUT003,Medium,Tier 1,Departmental Store
13.32,0.049,113.27,2009,NC1398,No Sugar,Household,OUT004,Medium,Tier 2,Supermarket Type2
11.29,0.058,142.82,2009,NC8245,No Sugar,Others,OUT004,Medium,Tier 2,Supermarket Type2
8.56,0.061,91.13,1998,FD751,Regular,Frozen Foods,OUT002,Small,Tier 3,Food Mart
14.0,0.058,111.14,2009,FD5654,Low Sugar,Canned,OUT004,Medium,Tier 2,Supermarket Type2
15.07,0.043,135.09,2009,FD650,Low Sugar,Meat,OUT004,Medium,Tier 2,Supermarket Type2
13.24,0.072,154.53,2009,FD5219,Low Sugar,Snack Foods,OUT004,Medium,Tier 2,Supermarket Type2
13.01,0.023,181.93,1999,FD7093,Low Sugar,Snack Foods,OUT003,Medium,Tier 1,Departmental Store
14.64,0.012,153.73,1987,FD1463,Low Sugar,Frozen Foods,OUT001,High,Tier 2,Supermarket Type1
11.84,0.023,113.2,2009,FD3373,Regular,Meat,OUT004,Medium,Tier 2,Supermarket Type2
13.46,0.028,217.36,1999,FD4934,Low Sugar,Frozen Foods,OUT003,Medium,Tier 1,Departmental Store
11.59,0.024,108.4,1987,FD1630,Regular,Canned,OUT001,High,Tier 2,Supermarket Type1
13.5,0.013,184.48,1999,FD1056,Low Sugar,Breakfast,OUT003,Medium,Tier 1,Departmental Store
15.73,0.035,180.51,1987,NC3661,No Sugar,Household,OUT001,High,Tier 2,Supermarket Type1
13.14,0.022,158.42,2009,FD2435,Low Sugar,Fruits and Vegetables,OUT004,Medium,Tier 2,Supermarket Type2
8.82,0.083,138.88,1987,FD5282,Low Sugar,Dairy,OUT001,High,Tier 2,Supermarket Type1
13.59,0.039,133.49,2009,FD3209,reg,Canned,OUT004,Medium,Tier 2,Supermarket Type2
14.26,0.065,164.81,1987,FD648,Regular,Frozen Foods,OUT001,High,Tier 2,Supermarket Type1
14.35,0.018,129.25,2009,FD8053,Low Sugar,Meat,OUT004,Medium,Tier 2,Supermarket Type2
11.58,0.019,103.05,1987,DR7854,Low Sugar,Soft Drinks,OUT001,High,Tier 2,Supermarket Type1
13.94,0.011,122.09,2009,FD4176,Low Sugar,Snack Foods,OUT004,Medium,Tier 2,Supermarket Type2
10.08,0.03,67.18,1998,FD4288,Low Sugar,Frozen Foods,OUT002,Small,Tier 3,Food Mart
10.86,0.07,153.36,2009,NC6422,No Sugar,Health and Hygiene,OUT004,Medium,Tier 2,Supermarket Type2
14.22,0.048,141.09,2009,NC7387,No Sugar,Household,OUT004,Medium,Tier 2,Supermarket Type2
11.73,0.059,168.41,2009,NC4301,No Sugar,Health and Hygiene,OUT004,Medium,Tier 2,Supermarket Type2
14.91,0.073,209.66,1999,FD6655,Low Sugar,Baking Goods,OUT003,Medium,Tier 1,Departmental Store
13.62,0.097,154.13,2009,FD3120,Low Sugar,Dairy,OUT004,Medium,Tier 2,Supermarket Type2
13.29,0.017,110.55,1999,FD183,Regular,Dairy,OUT003,Medium,Tier 1,Departmental Store
11.49,0.016,165.5,2009,NC2118,No Sugar,Health and Hygiene,OUT004,Medium,Tier 2,Supermarket Type2
14.28,0.184,177.12,1999,NC211,No Sugar,Health and Hygiene,OUT003,Medium,Tier 1,Departmental Store
14.84,0.069,171.47,1999,FD3868,Low Sugar,Baking Goods,OUT003,Medium,Tier 1,Departmental Store
14.0,0.039,197.4,1987,FD5646,Low Sugar,Dairy,OUT001,High,Tier 2,Supermarket Type1
14.64,0.023,176.9,1987,NC3951,No Sugar,Household,OUT001,High,Tier 2,Supermarket Type1
12.01,0.077,142.55,2009,FD5687,Regular,Fruits and Vegetables,OUT004,Medium,Tier 2,Supermarket Type2
10.98,0.056,142.0,2009,FD2751,Low Sugar,Canned,OUT004,Medium,Tier 2,Supermarket Type2
10.97,0.033,141.62,2009,FD1433,Low Sugar,Seafood,OUT004,Medium,Tier 2,Supermarket Type2
13.36,0.022,151.78,2009,FD488,Low Sugar,Frozen Foods,OUT004,Medium,Tier 2,Supermarket Type2
17.55,0.058,209.8,1999,DR7958,Low Sugar,Soft Drinks,OUT003,Medium,Tier 1,Departmental Store
12.01,0.094,116.6,1999,FD172,Low Sugar,Frozen Foods,OUT003,Medium,Tier 1,Departmental Store
17.12,0.111,217.03,1999,DR2183,Regular,Soft Drinks,OUT003,Medium,Tier 1,Departmental Store
17.82,0.138,171.19,1999,FD1149,Low Sugar,Starchy Foods,OUT003,Medium,Tier 1,Departmental Store
13.09,0.033,163.18,2009,FD6910,Regular,Snack Foods,OUT004,Medium,Tier 2,Supermarket Type2
13.85,0.031,185.48,1999,FD392,Regular,Snack Foods,OUT003,Medium,Tier 1,Departmental Store
11.43,0.146,113.97,1987,FD5473,Regular,Canned,OUT001,High,Tier 2,Supermarket Type1
12.76,0.03,146.66,2009,FD3384,Low Sugar,Fruits and Vegetables,OUT004,Medium,Tier 2,Supermarket Type2
16.92,0.006,184.19,1999,NC5595,No Sugar,Health and Hygiene,OUT003,Medium,Tier 1,Departmental Store
13.86,0.03,140.61,2009,FD6774,Low Sugar,Dairy,OUT004,Medium,Tier 2,Supermarket Type2
13.03,0.046,146.2,2009,FD1191,Low Sugar,Meat,OUT004,Medium,Tier 2,Supermarket Type2
11.41,0.159,135.52,2009,FD5377,Low Sugar,Frozen Foods,OUT004,Medium,Tier 2,Supermarket Type2
15.17,0.018,194.87,1999,FD8734,Low Sugar,Frozen Foods,OUT003,Medium,Tier 1,Departmental Store
10.37,0.112,118.19,1987,FD3005,Regular,Meat,OUT001,High,Tier 2,Supermarket Type1
16.4,0.025,171.88,1987,FD7966,Low Sugar,Canned,OUT001,High,Tier 2,Supermarket Type1
15.81,0.07,176.48,1987,NC3876,No Sugar,Household,OUT001,High,Tier 2,Supermarket Type1
15.04,0.038,178.24,1987,DR6741,Low Sugar,Hard Drinks,OUT001,High,Tier 2,Supermarket Type1
13.02,0.014,119.87,2009,FD6338,Low Sugar,Fruits and Vegetables,OUT004,Medium,Tier 2,Supermarket Type2
11.38,0.095,122.09,2009,FD1297,Low Sugar,Fruits and Vegetables,OUT004,Medium,Tier 2,Supermarket Type2
10.93,0.054,103.23,1998,NC5086,No Sugar,Household,OUT002,Small,Tier 3,Food Mart
10.73,0.054,148.79,2009,FD799,Low Sugar,Meat,OUT004,Medium,Tier 2,Supermarket Type2
9.82,0.009,103.11,1998,NC5260,No Sugar,Health and Hygiene,OUT002,Small,Tier 3,Food Mart
10.28,0.067,146.56,2009,NC5736,No Sugar,Health and Hygiene,OUT004,Medium,Tier 2,Supermarket Type2
15.21,0.039,123.72,2009,FD4148,Regular,Canned,OUT004,Medium,Tier 2,Supermarket Type2
13.01,0.14,141.23,2009,FD4913,Low Sugar,Meat,OUT004,Medium,Tier 2,Supermarket Type2
12.96,0.064,144.34,2009,NC6183,No Sugar,Household,OUT004,Medium,Tier 2,Supermarket Type2
15.26,0.079,146.43,1987,FD3032,Low Sugar,Snack Foods,OUT001,High,Tier 2,Supermarket Type1
14.79,0.067,171.69,1999,DR929,Low Sugar,Soft Drinks,OUT003,Medium,Tier 1,Departmental Store
12.25,0.074,127.29,2009,FD79,Low Sugar,Canned,OUT004,Medium,Tier 2,Supermarket Type2
13.34,0.052,170.71,1987,NC3361,No Sugar,Health and Hygiene,OUT001,High,Tier 2,Supermarket Type1
10.58,0.009,99.47,1998,FD5077,Low Sugar,Seafood,OUT002,Small,Tier 3,Food Mart
11.98,0.073,171.04,2009,FD1409,Regular,Fruits and Vegetables,OUT004,Medium,Tier 2,Supermarket Type2
13.17,0.032,147.65,2009,FD5145,Low Sugar,Baking Goods,OUT004,Medium,Tier 2,Supermarket Type2
11.99,0.172,137.08,2009,FD5315,Low Sugar,Baking Goods,OUT004,Medium,Tier 2,Supermarket Type2
11.69,0.019,122.03,2009,DR817,Low Sugar,Soft Drinks,OUT004,Medium,Tier 2,Supermarket Type2
14.74,0.051,166.51,1999,FD2221,Regular,Fruits and Vegetables,OUT003,Medium,Tier 1,Departmental Store
10.48,0.114,158.21,2009,FD3505,Regular,Snack Foods,OUT004,Medium,Tier 2,Supermarket Type2
10.96,0.016,74.2,1998,FD3381,Low Sugar,Breads,OUT002,Small,Tier 3,Food Mart
13.34,0.174,200.59,1987,DR6532,Low Sugar,Soft Drinks,OUT001,High,Tier 2,Supermarket Type1
13.85,0.146,151.4,2009,FD6746,Low Sugar,Dairy,OUT004,Medium,Tier 2,Supermarket Type2
13.41,0.029,159.99,2009,FD540,Regular,Fruits and Vegetables,OUT004,Medium,Tier 2,Supermarket Type2
14.06,0.038,114.74,2009,FD5166,Low Sugar,Snack Foods,OUT004,Medium,Tier 2,Supermarket Type2
13.2,0.013,122.51,2009,FD6678,Regular,Baking Goods,OUT004,Medium,Tier 2,Supermarket Type2
12.73,0.016,112.75,2009,NC823,No Sugar,Health and Hygiene,OUT004,Medium,Tier 2,Supermarket Type2
19.12,0.025,185.76,1999,FD2017,Low Sugar,Snack Foods,OUT003,Medium,Tier 1,Departmental Store
13.43,0.016,122.96,2009,DR1617,Low Sugar,Soft Drinks,OUT004,Medium,Tier 2,Supermarket Type2
9.12,0.141,160.61,2009,FD2943,Low Sugar,Fruits and Vegetables,OUT004,Medium,Tier 2,Supermarket Type2
13.94,0.185,160.21,1987,FD8540,Low Sugar,Fruits and Vegetables,OUT001,High,Tier 2,Supermarket Type1
14.74,0.028,173.42,1999,FD8451,Low Sugar,Fruits and Vegetables,OUT003,Medium,Tier 1,Departmental Store
14.87,0.108,179.56,1999,FD76,Low Sugar,Snack Foods,OUT003,Medium,Tier 1,Departmental Store
12.81,0.028,124.88,2009,DR1604,Regular,Soft Drinks,OUT004,Medium,Tier 2,Supermarket Type2
14.53,0.089,125.16,2009,FD6943,Low Sugar,Snack Foods,OUT004,Medium,Tier 2,Supermarket Type2
12.18,0.15,147.22,2009,NC156,No Sugar,Household,OUT004,Medium,Tier 2,Supermarket Type2
10.53,0.019,171.63,2009,NC4018,No Sugar,Household,OUT004,Medium,Tier 2,Supermarket Type2
9.38,0.039,115.72,1999,DR217,Regular,Soft Drinks,OUT003,Medium,Tier 1,Departmental Store
9.82,0.235,160.14,2009,DR1139,Low Sugar,Soft Drinks,OUT004,Medium,Tier 2,Supermarket Type2
11.87,0.126,143.22,2009,FD984,Low Sugar,Baking Goods,OUT004,Medium,Tier 2,Supermarket Type2
14.35,0.111,136.93,2009,FD4633,Low Sugar,Fruits and Vegetables,OUT004,Medium,Tier 2,Supermarket Type2
12.15,0.04,160.78,2009,FD7404,Low Sugar,Meat,OUT004,Medium,Tier 2,Supermarket Type2
14.15,0.022,172.94,1999,NC6465,No Sugar,Household,OUT003,Medium,Tier 1,Departmental Store
9.73,0.018,141.48,2009,FD7656,Low Sugar,Meat,OUT004,Medium,Tier 2,Supermarket Type2
12.24,0.014,154.99,2009,FD921,Low Sugar,Fruits and Vegetables,OUT004,Medium,Tier 2,Supermarket Type2
9.57,0.015,144.1,2009,NC8661,No Sugar,Health and Hygiene,OUT004,Medium,Tier 2,Supermarket Type2
10.77,0.191,143.53,2009,NC8428,No Sugar,Others,OUT004,Medium,Tier 2,Supermarket Type2
11.09,0.033,118.67,2009,FD2312,Low Sugar,Dairy,OUT004,Medium,Tier 2,Supermarket Type2
10.88,0.05,134.83,2009,FD3694,Low Sugar,Fruits and Vegetables,OUT004,Medium,Tier 2,Supermarket Type2
7.34,0.058,170.06,2009,FD5391,Regular,Breads,OUT004,Medium,Tier 2,Supermarket Type2
12.46,0.147,140.98,2009,FD2256,Low Sugar,Dairy,OUT004,Medium,Tier 2,Supermarket Type2
8.35,0.028,84.27,1998,FD5269,Regular,Dairy,OUT002,Small,Tier 3,Food Mart
15.39,0.022,195.11,1999,FD1201,Regular,Baking Goods,OUT003,Medium,Tier 1,Departmental Store
11.45,0.118,160.96,2009,FD323,Regular,Fruits and Vegetables,OUT004,Medium,Tier 2,Supermarket Type2
15.09,0.057,154.83,1987,FD6876,Low Sugar,Meat,OUT001,High,Tier 2,Supermarket Type1
11.69,0.033,205.73,1999,NC6270,No Sugar,Household,OUT003,Medium,Tier 1,Departmental Store
12.04,0.011,153.42,1999,FD146,Regular,Snack Foods,OUT003,Medium,Tier 1,Departmental Store
12.28,0.137,137.83,2009,FD6548,Regular,Canned,OUT004,Medium,Tier 2,Supermarket Type2
14.08,0.026,123.44,2009,NC2495,No Sugar,Household,OUT004,Medium,Tier 2,Supermarket Type2
11.51,0.171,142.49,2009,FD5007,Low Sugar,Fruits and Vegetables,OUT004,Medium,Tier 2,Supermarket Type2
12.57,0.017,143.12,2009,FD940,Low Sugar,Baking Goods,OUT004,Medium,Tier 2,Supermarket Type2
13.59,0.089,128.45,2009,NC3827,No Sugar,Health and Hygiene,OUT004,Medium,Tier 2,Supermarket Type2
11.65,0.073,130.48,1999,FD270,Regular,Snack Foods,OUT003,Medium,Tier 1,Departmental Store
12.5,0.02,129.71,2009,NC3621,No Sugar,Others,OUT004,Medium,Tier 2,Supermarket Type2
11.43,0.01,154.31,2009,FD7578,Low Sugar,Baking Goods,OUT004,Medium,Tier 2,Supermarket Type2
9.48,0.063,141.2,2009,FD7933,Low Sugar,Frozen Foods,OUT004,Medium,Tier 2,Supermarket Type2
16.53,0.028,196.63,1999,FD7819,Regular,Frozen Foods,OUT003,Medium,Tier 1,Departmental Store
16.95,0.162,211.85,1999,FD2347,Low Sugar,Dairy,OUT003,Medium,Tier 1,Departmental Store
15.59,0.104,149.51,1987,FD1390,Regular,Snack Foods,OUT001,High,Tier 2,Supermarket Type1
10.76,0.019,190.45,2009,FD1511,Low Sugar,Meat,OUT004,Medium,Tier 2,Supermarket Type2
10.93,0.025,156.05,2009,NC7353,No Sugar,Household,OUT004,Medium,Tier 2,Supermarket Type2
10.17,0.037,112.06,1998,FD3130,Regular,Breads,OUT002,Small,Tier 3,Food Mart
13.29,0.126,109.69,2009,FD3342,Regular,Baking Goods,OUT004,Medium,Tier 2,Supermarket Type2
10.4,0.059,137.67,2009,FD1230,Low Sugar,Fruits and Vegetables,OUT004,Medium,Tier 2,Supermarket Type2
9.61,0.064,92.03,1998,FD1855,Low Sugar,Baking Goods,OUT002,Small,Tier 3,Food Mart
18.8,0.06,177.86,1999,NC761,No Sugar,Health and Hygiene,OUT003,Medium,Tier 1,Departmental Store
12.68,0.077,144.66,2009,FD758,Low Sugar,Meat,OUT004,Medium,Tier 2,Supermarket Type2
11.38,0.14,126.15,2009,FD7011,Regular,Dairy,OUT004,Medium,Tier 2,Supermarket Type2
10.64,0.034,123.88,2009,NC2247,No Sugar,Health and Hygiene,OUT004,Medium,Tier 2,Supermarket Type2
10.82,0.034,117.35,1987,NC8276,No Sugar,Household,OUT001,High,Tier 2,Supermarket Type1
9.88,0.184,113.71,1998,FD6888,Low Sugar,Canned,OUT002,Small,Tier 3,Food Mart
10.23,0.012,128.13,2009,NC5671,No Sugar,Household,OUT004,Medium,Tier 2,Supermarket Type2
8.25,0.031,119.55,1998,FD1021,Regular,Dairy,OUT002,Small,Tier 3,Food Mart
10.31,0.053,104.76,1998,FD1151,Low Sugar,Dairy,OUT002,Small,Tier 3,Food Mart
11.55,0.038,152.41,2009,FD6765,Low Sugar,Dairy,OUT004,Medium,Tier 2,Supermarket Type2
11.05,0.073,140.16,2009,NC7163,No Sugar,Health and Hygiene,OUT004,Medium,Tier 2,Supermarket Type2
8.88,0.021,156.71,2009,FD2951,Regular,Canned,OUT004,Medium,Tier 2,Supermarket Type2
13.02,0.027,141.9,2009,FD2085,Regular,Fruits and Vegetables,OUT004,Medium,Tier 2,Supermarket Type2
13.7,0.089,152.91,2009,FD5865,Regular,Baking Goods,OUT004,Medium,Tier 2,Supermarket Type2
13.51,0.048,121.14,2009,FD5425,Low Sugar,Fruits and Vegetables,OUT004,Medium,Tier 2,Supermarket Type2
12.8,0.017,160.56,2009,FD7556,Regular,Frozen Foods,OUT004,Medium,Tier 2,Supermarket Type2
17.08,0.076,173.23,1999,FD2388,Low Sugar,Meat,OUT003,Medium,Tier 1,Departmental Store
14.91,0.011,141.66,2009,NC7714,No Sugar,Household,OUT004,Medium,Tier 2,Supermarket Type2
12.64,0.12,175.83,1987,FD6969,Low Sugar,Dairy,OUT001,High,Tier 2,Supermarket Type1
11.8,0.016,156.64,2009,FD7296,Regular,Canned,OUT004,Medium,Tier 2,Supermarket Type2
8.4,0.14,96.48,1998,FD1129,Low Sugar,Canned,OUT002,Small,Tier 3,Food Mart
16.16,0.042,156.21,1999,FD6174,Low Sugar,Frozen Foods,OUT003,Medium,Tier 1,Departmental Store
14.35,0.033,172.76,1999,NC3490,No Sugar,Health and Hygiene,OUT003,Medium,Tier 1,Departmental Store
12.05,0.235,105.32,1987,FD8407,Low Sugar,Fruits and Vegetables,OUT001,High,Tier 2,Supermarket Type1
12.15,0.16,164.63,2009,FD1183,Low Sugar,Canned,OUT004,Medium,Tier 2,Supermarket Type2
15.9,0.172,153.75,1999,FD7925,Regular,Fruits and Vegetables,OUT003,Medium,Tier 1,Departmental Store
13.49,0.068,176.25,1999,NC6632,No Sugar,Others,OUT003,Medium,Tier 1,Departmental Store
15.66,0.061,176.66,1987,FD4267,Low Sugar,Frozen Foods,OUT001,High,Tier 2,Supermarket Type1
15.59,0.139,158.35,1999,FD855,Low Sugar,Baking Goods,OUT003,Medium,Tier 1,Departmental Store
11.98,0.027,156.32,2009,FD3131,Regular,Fruits and Vegetables,OUT004,Medium,Tier 2,Supermarket Type2
11.09,0.079,116.91,1987,FD7702,Regular,Fruits and Vegetables,OUT001,High,Tier 2,Supermarket Type1
12.8,0.039,126.13,2009,FD647,Low Sugar,Snack Foods,OUT004,Medium,Tier 2,Supermarket Type2
15.04,0.033,160.02,1999,FD5277,Low Sugar,Dairy,OUT003,Medium,Tier 1,Departmental Store
10.96,0.076,106.63,1998,DR1452,reg,Hard Drinks,OUT002,Small,Tier 3,Food Mart
14.19,0.088,129.3,2009,NC1497,No Sugar,Health and Hygiene,OUT004,Medium,Tier 2,Supermarket Type2
13.24,0.046,114.53,2009,FD7920,Regular,Baking Goods,OUT004,Medium,Tier 2,Supermarket Type2
15.8,0.021,200.97,1999,FD2258,reg,Meat,OUT003,Medium,Tier 1,Departmental Store
11.13,0.123,100.02,1998,FD7217,Low Sugar,Meat,OUT002,Small,Tier 3,Food Mart
12.31,0.008,166.58,2009,FD2239,Low Sugar,Canned,OUT004,Medium,Tier 2,Supermarket Type2
10.93,0.016,134.65,2009,FD3146,Regular,Meat,OUT004,Medium,Tier 2,Supermarket Type2
9.24,0.049,140.77,2009,FD6959,Low Sugar,Breakfast,OUT004,Medium,Tier 2,Supermarket Type2
13.6,0.029,172.14,1987,FD3170,Regular,Baking Goods,OUT001,High,Tier 2,Supermarket Type1
10.57,0.11,143.36,2009,FD6431,Regular,Fruits and Vegetables,OUT004,Medium,Tier 2,Supermarket Type2
15.46,0.028,197.86,1999,FD7013,Low Sugar,Frozen Foods,OUT003,Medium,Tier 1,Departmental Store
12.42,0.086,143.96,2009,FD3426,Low Sugar,Fruits and Vegetables,OUT004,Medium,Tier 2,Supermarket Type2
14.78,0.118,158.62,1987,FD4796,Low Sugar,Dairy,OUT001,High,Tier 2,Supermarket Type1
11.15,0.056,106.33,1998,FD8258,Low Sugar,Baking Goods,OUT002,Small,Tier 3,Food Mart
7.05,0.038,75.66,1998,FD4464,Low Sugar,Fruits and Vegetables,OUT002,Small,Tier 3,Food Mart
14.31,0.102,173.86,1999,NC1999,No Sugar,Household,OUT003,Medium,Tier 1,Departmental Store
14.05,0.03,170.52,1999,NC5395,No Sugar,Health and Hygiene,OUT003,Medium,Tier 1,Departmental Store
14.21,0.025,175.34,1999,FD2698,Low Sugar,Snack Foods,OUT003,Medium,Tier 1,Departmental Store
15.38,0.035,114.98,2009,FD4315,Regular,Dairy,OUT004,Medium,Tier 2,Supermarket Type2
8.5,0.074,106.21,1998,FD5476,Low Sugar,Baking Goods,OUT002,Small,Tier 3,Food Mart
8.91,0.025,120.18,1998,NC1186,No Sugar,Household,OUT002,Small,Tier 3,Food Mart
12.87,0.014,150.73,2009,DR5817,Low Sugar,Soft Drinks,OUT004,Medium,Tier 2,Supermarket Type2
15.06,0.072,156.09,1987,FD1417,Low Sugar,Meat,OUT001,High,Tier 2,Supermarket Type1
10.71,0.03,150.8,2009,FD2377,Regular,Meat,OUT004,Medium,Tier 2,Supermarket Type2
13.12,0.032,132.45,2009,NC6707,No Sugar,Household,OUT004,Medium,Tier 2,Supermarket Type2
13.92,0.099,116.89,2009,FD6027,Low Sugar,Fruits and Vegetables,OUT004,Medium,Tier 2,Supermarket Type2
14.92,0.062,165.26,1999,NC1257,No Sugar,Health and Hygiene,OUT003,Medium,Tier 1,Departmental Store
14.76,0.068,156.69,1987,FD955,Low Sugar,Frozen Foods,OUT001,High,Tier 2,Supermarket Type1
13.6,0.094,157.98,2009,FD6109,Low Sugar,Baking Goods,OUT004,Medium,Tier 2,Supermarket Type2
9.01,0.084,141.69,2009,FD1179,Low Sugar,Fruits and Vegetables,OUT004,Medium,Tier 2,Supermarket Type2
12.06,0.053,138.78,2009,FD8190,Regular,Snack Foods,OUT004,Medium,Tier 2,Supermarket Type2
15.77,0.005,202.59,1999,FD3157,Low Sugar,Canned,OUT003,Medium,Tier 1,Departmental Store
15.36,0.092,194.09,1999,FD777,Low Sugar,Fruits and Vegetables,OUT003,Medium,Tier 1,Departmental Store
13.61,0.195,103.32,2009,FD7777,Low Sugar,Baking Goods,OUT004,Medium,Tier 2,Supermarket Type2
14.32,0.041,200.93,1987,FD1830,Low Sugar,Baking Goods,OUT001,High,Tier 2,Supermarket Type1
10.81,0.027,166.85,2009,FD1384,Regular,Frozen Foods,OUT004,Medium,Tier 2,Supermarket Type2
13.44,0.064,176.41,1999,FD1344,Low Sugar,Breads,OUT003,Medium,Tier 1,Departmental Store
12.9,0.154,146.68,2009,FD3221,Regular,Fruits and Vegetables,OUT004,Medium,Tier 2,Supermarket Type2
13.19,0.096,115.37,2009,FD8390,Low Sugar,Frozen Foods,OUT004,Medium,Tier 2,Supermarket Type2
15.33,0.162,121.02,2009,NC8238,No Sugar,Health and Hygiene,OUT004,Medium,Tier 2,Supermarket Type2
14.73,0.057,165.92,1987,FD100,Low Sugar,Baking Goods,OUT001,High,Tier 2,Supermarket Type1
12.27,0.043,133.74,2009,FD6052,Low Sugar,Canned,OUT004,Medium,Tier 2,Supermarket Type2
13.15,0.226,125.91,2009,FD2243,Regular,Seafood,OUT004,Medium,Tier 2,Supermarket Type2
11.11,0.123,160.23,2009,FD2856,Low Sugar,Fruits and Vegetables,OUT004,Medium,Tier 2,Supermarket Type2
12.85,0.076,107.58,2009,FD3712,Regular,Frozen Foods,OUT004,Medium,Tier 2,Supermarket Type2
15.45,0.038,191.67,1999,FD8297,Low Sugar,Breads,OUT003,Medium,Tier 1,Departmental Store
7.66,0.04,93.85,1998,FD2167,Regular,Breads,OUT002,Small,Tier 3,Food Mart
6.79,0.035,105.37,1998,FD1337,Low Sugar,Baking Goods,OUT002,Small,Tier 3,Food Mart
9.48,0.052,115.3,1998,FD2136,Low Sugar,Fruits and Vegetables,OUT002,Small,Tier 3,Food Mart
14.53,0.047,157.05,1987,FD8043,Low Sugar,Meat,OUT001,High,Tier 2,Supermarket Type1
14.35,0.036,214.45,1999,FD6623,Low Sugar,Baking Goods,OUT003,Medium,Tier 1,Departmental Store
17.64,0.015,169.55,1999,FD8055,Low Sugar,Snack Foods,OUT003,Medium,Tier 1,Departmental Store
10.96,0.043,123.47,2009,FD5005,Low Sugar,Baking Goods,OUT004,Medium,Tier 2,Supermarket Type2
10.91,0.039,112.81,1987,NC6034,No Sugar,Household,OUT001,High,Tier 2,Supermarket Type1
13.21,0.053,165.58,2009,FD4893,Low Sugar,Frozen Foods,OUT004,Medium,Tier 2,Supermarket Type2
11.02,0.023,135.55,2009,FD5281,Low Sugar,Fruits and Vegetables,OUT004,Medium,Tier 2,Supermarket Type2
12.55,0.036,176.84,1987,FD8731,Regular,Snack Foods,OUT001,High,Tier 2,Supermarket Type1
11.45,0.013,166.86,2009,FD6861,Low Sugar,Fruits and Vegetables,OUT004,Medium,Tier 2,Supermarket Type2
11.82,0.185,124.06,2009,FD6667,Regular,Frozen Foods,OUT004,Medium,Tier 2,Supermarket Type2
10.16,0.141,169.12,2009,FD5275,Regular,Fruits and Vegetables,OUT004,Medium,Tier 2,Supermarket Type2
8.71,0.033,88.61,1999,FD239,Regular,Fruits and Vegetables,OUT003,Medium,Tier 1,Departmental Store
8.72,0.006,124.98,1998,FD5164,Low Sugar,Baking Goods,OUT002,Small,Tier 3,Food Mart
12.07,0.108,150.57,2009,FD5749,Low Sugar,Baking Goods,OUT004,Medium,Tier 2,Supermarket Type2
11.75,0.077,142.99,2009,NC939,No Sugar,Health and Hygiene,OUT004,Medium,Tier 2,Supermarket Type2
11.16,0.077,145.96,2009,NC1875,No Sugar,Health and Hygiene,OUT004,Medium,Tier 2,Supermarket Type2
12.41,0.065,181.36,1987,FD5382,Regular,Dairy,OUT001,High,Tier 2,Supermarket Type1
8.05,0.018,120.86,1998,FD4368,Regular,Dairy,OUT002,Small,Tier 3,Food Mart
15.68,0.013,154.19,1999,DR8646,Regular,Soft Drinks,OUT003,Medium,Tier 1,Departmental Store
14.48,0.095,152.25,2009,FD2993,Regular,Frozen Foods,OUT004,Medium,Tier 2,Supermarket Type2
9.15,0.106,104.7,1998,DR4626,Regular,Hard Drinks,OUT002,Small,Tier 3,Food Mart
14.55,0.05,147.2,2009,NC5366,No Sugar,Household,OUT004,Medium,Tier 2,Supermarket Type2
15.07,0.097,225.32,1999,FD6761,Low Sugar,Canned,OUT003,Medium,Tier 1,Departmental Store
12.33,0.027,146.0,2009,FD8134,Low Sugar,Dairy,OUT004,Medium,Tier 2,Supermarket Type2
13.89,0.034,161.36,1987,FD6104,Regular,Baking Goods,OUT001,High,Tier 2,Supermarket Type1
13.87,0.038,143.86,2009,DR3298,Low Sugar,Soft Drinks,OUT004,Medium,Tier 2,Supermarket Type2
8.3,0.16,146.59,1987,FD3392,Low Sugar,Canned,OUT001,High,Tier 2,Supermarket Type1
11.49,0.041,81.78,1998,FD7977,Regular,Fruits and Vegetables,OUT002,Small,Tier 3,Food Mart
12.66,0.129,136.52,2009,NC4113,No Sugar,Health and Hygiene,OUT004,Medium,Tier 2,Supermarket Type2
11.12,0.137,99.28,1998,NC8756,No Sugar,Health and Hygiene,OUT002,Small,Tier 3,Food Mart
11.98,0.024,144.92,2009,NC773,No Sugar,Others,OUT004,Medium,Tier 2,Supermarket Type2
13.68,0.033,141.99,2009,DR3777,Low Sugar,Hard Drinks,OUT004,Medium,Tier 2,Supermarket Type2
14.27,0.105,145.12,2009,FD8432,Low Sugar,Canned,OUT004,Medium,Tier 2,Supermarket Type2
13.96,0.131,185.91,1987,NC8045,No Sugar,Household,OUT001,High,Tier 2,Supermarket Type1
13.18,0.019,133.88,2009,NC2717,No Sugar,Health and Hygiene,OUT004,Medium,Tier 2,Supermarket Type2
15.28,0.01,139.0,2009,FD1748,Low Sugar,Fruits and Vegetables,OUT004,Medium,Tier 2,Supermarket Type2
15.18,0.052,187.91,1987,FD4417,Low Sugar,Dairy,OUT001,High,Tier 2,Supermarket Type1
11.73,0.042,166.45,2009,NC4715,No Sugar,Household,OUT004,Medium,Tier 2,Supermarket Type2
12.62,0.096,192.26,1999,NC6669,No Sugar,Household,OUT003,Medium,Tier 1,Departmental Store
10.95,0.073,97.16,1998,FD6439,Low Sugar,Baking Goods,OUT002,Small,Tier 3,Food Mart
8.14,0.038,95.75,1998,DR2519,Low Sugar,Soft Drinks,OUT002,Small,Tier 3,Food Mart
13.41,0.016,198.07,1987,NC6134,No Sugar,Household,OUT001,High,Tier 2,Supermarket Type1
12.57,0.097,164.67,2009,FD2755,Regular,Fruits and Vegetables,OUT004,Medium,Tier 2,Supermarket Type2
13.2,0.119,129.96,2009,FD6979,Low Sugar,Meat,OUT004,Medium,Tier 2,Supermarket Type2
11.88,0.142,67.8,1998,FD5320,Regular,Baking Goods,OUT002,Small,Tier 3,Food Mart
12.59,0.067,153.51,2009,FD4348,Regular,Fruits and Vegetables,OUT004,Medium,Tier 2,Supermarket Type2
11.55,0.128,178.19,2009,FD1489,Low Sugar,Snack Foods,OUT004,Medium,Tier 2,Supermarket Type2
17.4,0.021,186.39,1999,FD2609,Low Sugar,Fruits and Vegetables,OUT003,Medium,Tier 1,Departmental Store
13.07,0.017,122.22,2009,FD2785,Low Sugar,Snack Foods,OUT004,Medium,Tier 2,Supermarket Type2
11.82,0.175,110.51,2009,FD3453,Low Sugar,Fruits and Vegetables,OUT004,Medium,Tier 2,Supermarket Type2
8.99,0.123,176.56,2009,FD4093,Regular,Meat,OUT004,Medium,Tier 2,Supermarket Type2
15.28,0.083,153.71,1987,FD6616,Low Sugar,Seafood,OUT001,High,Tier 2,Supermarket Type1
15.73,0.128,157.51,1999,FD4106,Low Sugar,Frozen Foods,OUT003,Medium,Tier 1,Departmental Store
10.88,0.124,121.85,2009,FD3888,Low Sugar,Snack Foods,OUT004,Medium,Tier 2,Supermarket Type2
12.38,0.045,132.33,2009,DR6129,Low Sugar,Hard Drinks,OUT004,Medium,Tier 2,Supermarket Type2
9.86,0.061,157.14,2009,FD3386,Low Sugar,Baking Goods,OUT004,Medium,Tier 2,Supermarket Type2
13.99,0.031,175.17,1999,NC2177,No Sugar,Household,OUT003,Medium,Tier 1,Departmental Store
12.29,0.141,154.65,2009,NC2662,No Sugar,Household,OUT004,Medium,Tier 2,Supermarket Type2
10.81,0.144,134.48,2009,FD7707,reg,Dairy,OUT004,Medium,Tier 2,Supermarket Type2
13.8,0.122,142.85,2009,DR4674,Low Sugar,Soft Drinks,OUT004,Medium,Tier 2,Supermarket Type2
13.15,0.007,140.49,2009,FD2087,Regular,Frozen Foods,OUT004,Medium,Tier 2,Supermarket Type2
11.2,0.1,143.59,2009,FD2909,Regular,Snack Foods,OUT004,Medium,Tier 2,Supermarket Type2
13.02,0.14,110.07,2009,FD1444,reg,Baking Goods,OUT004,Medium,Tier 2,Supermarket Type2
11.43,0.12,84.85,1998,FD5735,Regular,Dairy,OUT002,Small,Tier 3,Food Mart
13.16,0.176,122.52,2009,FD7155,Low Sugar,Canned,OUT004,Medium,Tier 2,Supermarket Type2
14.34,0.14,114.4,2009,FD1154,Regular,Snack Foods,OUT004,Medium,Tier 2,Supermarket Type2
7.15,0.049,90.89,1998,FD3513,Regular,Fruits and Vegetables,OUT002,Small,Tier 3,Food Mart
10.08,0.025,203.46,1987,FD1952,Regular,Canned,OUT001,High,Tier 2,Supermarket Type1
14.72,0.046,161.55,1999,FD7059,Low Sugar,Dairy,OUT003,Medium,Tier 1,Departmental Store
12.68,0.117,144.61,2009,NC7745,No Sugar,Health and Hygiene,OUT004,Medium,Tier 2,Supermarket Type2
10.88,0.036,152.84,2009,NC2663,No Sugar,Health and Hygiene,OUT004,Medium,Tier 2,Supermarket Type2
16.34,0.024,165.12,1987,FD5918,Low Sugar,Fruits and Vegetables,OUT001,High,Tier 2,Supermarket Type1
13.71,0.113,152.88,1999,NC59,No Sugar,Household,OUT003,Medium,Tier 1,Departmental Store
15.29,0.143,143.19,2009,FD4499,Low Sugar,Baking Goods,OUT004,Medium,Tier 2,Supermarket Type2
9.45,0.045,132.32,1987,DR7929,Regular,Hard Drinks,OUT001,High,Tier 2,Supermarket Type1
11.95,0.12,127.05,2009,FD1030,Low Sugar,Frozen Foods,OUT004,Medium,Tier 2,Supermarket Type2
8.28,0.172,116.59,1998,NC6817,No Sugar,Household,OUT002,Small,Tier 3,Food Mart
20.22,0.05,210.05,1999,FD4450,Low Sugar,Baking Goods,OUT003,Medium,Tier 1,Departmental Store
10.71,0.04,86.44,1998,FD1838,Low Sugar,Fruits and Vegetables,OUT002,Small,Tier 3,Food Mart
16.17,0.107,199.44,1999,FD920,Regular,Meat,OUT003,Medium,Tier 1,Departmental Store
13.97,0.057,155.49,2009,FD7049,Regular,Fruits and Vegetables,OUT004,Medium,Tier 2,Supermarket Type2
14.14,0.099,134.82,1998,FD435,Low Sugar,Canned,OUT002,Small,Tier 3,Food Mart
12.97,0.122,153.37,2009,FD3338,Low Sugar,Frozen Foods,OUT004,Medium,Tier 2,Supermarket Type2
9.7,0.098,153.88,2009,FD3246,Low Sugar,Dairy,OUT004,Medium,Tier 2,Supermarket Type2
10.88,0.052,124.46,2009,NC8474,No Sugar,Health and Hygiene,OUT004,Medium,Tier 2,Supermarket Type2
8.44,0.151,127.75,1998,FD3800,Low Sugar,Meat,OUT002,Small,Tier 3,Food Mart
12.65,0.047,129.27,2009,FD1525,Low Sugar,Fruits and Vegetables,OUT004,Medium,Tier 2,Supermarket Type2
14.28,0.191,172.08,1999,FD1155,Regular,Frozen Foods,OUT003,Medium,Tier 1,Departmental Store
7.15,0.028,139.85,1998,FD6719,Low Sugar,Snack Foods,OUT002,Small,Tier 3,Food Mart
15.17,0.089,197.17,1999,FD1481,Low Sugar,Snack Foods,OUT003,Medium,Tier 1,Departmental Store
12.88,0.174,134.97,2009,DR4213,Low Sugar,Soft Drinks,OUT004,Medium,Tier 2,Supermarket Type2
13.63,0.032,141.17,2009,FD6475,Low Sugar,Fruits and Vegetables,OUT004,Medium,Tier 2,Supermarket Type2
9.51,0.143,166.46,2009,FD3425,Low Sugar,Snack Foods,OUT004,Medium,Tier 2,Supermarket Type2
18.33,0.057,166.37,1999,FD6358,Regular,Baking Goods,OUT003,Medium,Tier 1,Departmental Store
12.13,0.039,131.83,2009,FD6893,Low Sugar,Canned,OUT004,Medium,Tier 2,Supermarket Type2
13.36,0.037,133.38,2009,NC3789,No Sugar,Health and Hygiene,OUT004,Medium,Tier 2,Supermarket Type2
14.24,0.161,157.3,1987,FD991,Low Sugar,Baking Goods,OUT001,High,Tier 2,Supermarket Type1
13.53,0.015,137.46,2009,FD1431,Low Sugar,Breads,OUT004,Medium,Tier 2,Supermarket Type2
13.15,0.064,200.71,1987,DR1273,Regular,Soft Drinks,OUT001,High,Tier 2,Supermarket Type1
15.0,0.063,180.59,1987,FD5061,Low Sugar,Meat,OUT001,High,Tier 2,Supermarket Type1
11.45,0.131,159.65,2009,FD1371,Regular,Snack Foods,OUT004,Medium,Tier 2,Supermarket Type2
11.15,0.058,101.35,1998,FD4076,Regular,Canned,OUT002,Small,Tier 3,Food Mart
14.5,0.114,140.78,2009,NC4023,No Sugar,Others,OUT004,Medium,Tier 2,Supermarket Type2
9.05,0.033,136.87,1987,FD5620,Low Sugar,Snack Foods,OUT001,High,Tier 2,Supermarket Type1
15.7,0.025,157.42,1999,NC2778,No Sugar,Household,OUT003,Medium,Tier 1,Departmental Store
11.44,0.085,101.11,1998,NC7612,No Sugar,Household,OUT002,Small,Tier 3,Food Mart
16.58,0.064,171.9,1999,FD7881,Low Sugar,Frozen Foods,OUT003,Medium,Tier 1,Departmental Store
8.89,0.169,154.83,2009,NC4639,No Sugar,Household,OUT004,Medium,Tier 2,Supermarket Type2
13.16,0.086,139.58,2009,FD4539,Low Sugar,Snack Foods,OUT004,Medium,Tier 2,Supermarket Type2
13.26,0.023,152.64,2009,FD3547,Low Sugar,Fruits and Vegetables,OUT004,Medium,Tier 2,Supermarket Type2
12.99,0.123,155.05,2009,NC6326,No Sugar,Household,OUT004,Medium,Tier 2,Supermarket Type2
10.3,0.174,179.08,2009,DR6306,reg,Soft Drinks,OUT004,Medium,Tier 2,Supermarket Type2
16.02,0.088,199.75,1999,FD268,Low Sugar,Fruits and Vegetables,OUT003,Medium,Tier 1,Departmental Store
11.43,0.004,163.28,2009,FD7188,Low Sugar,Fruits and Vegetables,OUT004,Medium,Tier 2,Supermarket Type2
11.1,0.085,120.36,2009,FD422,Regular,Baking Goods,OUT004,Medium,Tier 2,Supermarket Type2
12.72,0.094,202.75,1987,FD6886,Low Sugar,Fruits and Vegetables,OUT001,High,Tier 2,Supermarket Type1
11.14,0.021,160.4,2009,FD1224,Low Sugar,Meat,OUT004,Medium,Tier 2,Supermarket Type2
8.68,0.036,126.2,1998,NC2881,No Sugar,Others,OUT002,Small,Tier 3,Food Mart
12.83,0.01,190.06,1999,NC816,No Sugar,Household,OUT003,Medium,Tier 1,Departmental Store
12.51,0.058,154.73,2009,DR6070,Regular,Soft Drinks,OUT004,Medium,Tier 2,Supermarket Type2
12.95,0.039,164.93,2009,FD57,Low Sugar,Frozen Foods,OUT004,Medium,Tier 2,Supermarket Type2
15.56,0.04,148.73,1987,FD2971,Regular,Canned,OUT001,High,Tier 2,Supermarket Type1
8.38,0.064,109.73,1998,FD2815,Low Sugar,Breads,OUT002,Small,Tier 3,Food Mart
10.27,0.136,89.17,1998,NC7106,No Sugar,Household,OUT002,Small,Tier 3,Food Mart
15.19,0.04,169.5,1999,FD896,Low Sugar,Baking Goods,OUT003,Medium,Tier 1,Departmental Store
10.87,0.089,149.85,2009,FD4917,Regular,Meat,OUT004,Medium,Tier 2,Supermarket Type2
13.71,0.117,142.45,2009,FD284,Regular,Dairy,OUT004,Medium,Tier 2,Supermarket Type2
12.61,0.016,120.22,2009,FD2444,Low Sugar,Breakfast,OUT004,Medium,Tier 2,Supermarket Type2
9.21,0.064,124.82,1998,FD4045,Regular,Frozen Foods,OUT002,Small,Tier 3,Food Mart
11.5,0.036,121.36,2009,FD7841,Regular,Baking Goods,OUT004,Medium,Tier 2,Supermarket Type2
12.54,0.157,105.25,2009,FD6642,Regular,Baking Goods,OUT004,Medium,Tier 2,Supermarket Type2
13.15,0.14,151.01,2009,DR587,Low Sugar,Soft Drinks,OUT004,Medium,Tier 2,Supermarket Type2
12.53,0.014,110.43,2009,FD5924,Regular,Breakfast,OUT004,Medium,Tier 2,Supermarket Type2
10.29,0.089,145.67,2009,DR8356,Low Sugar,Soft Drinks,OUT004,Medium,Tier 2,Supermarket Type2
11.98,0.16,160.48,2009,FD6108,Low Sugar,Baking Goods,OUT004,Medium,Tier 2,Supermarket Type2
16.67,0.129,168.79,1987,FD3145,Regular,Fruits and Vegetables,OUT001,High,Tier 2,Supermarket Type1
11.88,0.024,94.13,1998,FD7739,Low Sugar,Dairy,OUT002,Small,Tier 3,Food Mart
10.57,0.084,195.53,2009,NC4651,No Sugar,Household,OUT004,Medium,Tier 2,Supermarket Type2
10.93,0.013,66.73,1998,DR6878,Low Sugar,Soft Drinks,OUT002,Small,Tier 3,Food Mart
11.73,0.015,170.07,2009,NC1684,No Sugar,Household,OUT004,Medium,Tier 2,Supermarket Type2
12.21,0.035,120.86,2009,NC5864,No Sugar,Health and Hygiene,OUT004,Medium,Tier 2,Supermarket Type2
12.71,0.132,125.12,2009,FD4690,Regular,Starchy Foods,OUT004,Medium,Tier 2,Supermarket Type2
14.06,0.083,143.26,2009,FD4749,Low Sugar,Snack Foods,OUT004,Medium,Tier 2,Supermarket Type2
13.23,0.089,147.24,2009,NC7375,No Sugar,Others,OUT004,Medium,Tier 2,Supermarket Type2
15.19,0.105,176.78,1987,DR3578,Regular,Soft Drinks,OUT001,High,Tier 2,Supermarket Type1
13.96,0.13,158.05,2009,FD1495,Low Sugar,Breads,OUT004,Medium,Tier 2,Supermarket Type2
11.95,0.047,162.43,1999,FD300,Low Sugar,Canned,OUT003,Medium,Tier 1,Departmental Store
11.42,0.103,139.09,2009,FD4940,Regular,Fruits and Vegetables,OUT004,Medium,Tier 2,Supermarket Type2
7.78,0.033,84.71,1998,FD3811,Low Sugar,Canned,OUT002,Small,Tier 3,Food Mart
11.59,0.009,170.3,2009,FD6344,Low Sugar,Fruits and Vegetables,OUT004,Medium,Tier 2,Supermarket Type2
12.01,0.142,151.9,2009,FD7764,Low Sugar,Dairy,OUT004,Medium,Tier 2,Supermarket Type2
15.28,0.015,223.92,1999,NC1577,No Sugar,Household,OUT003,Medium,Tier 1,Departmental Store
14.87,0.017,157.82,1987,NC3691,No Sugar,Others,OUT001,High,Tier 2,Supermarket Type1
9.84,0.032,103.94,1998,FD7859,Low Sugar,Fruits and Vegetables,OUT002,Small,Tier 3,Food Mart
10.39,0.172,122.25,1987,FD4632,Low Sugar,Canned,OUT001,High,Tier 2,Supermarket Type1
12.87,0.033,152.44,2009,DR4789,Low Sugar,Soft Drinks,OUT004,Medium,Tier 2,Supermarket Type2
12.92,0.191,161.6,2009,FD7832,Regular,Dairy,OUT004,Medium,Tier 2,Supermarket Type2
15.66,0.104,170.31,1987,FD5592,Regular,Dairy,OUT001,High,Tier 2,Supermarket Type1
12.38,0.046,159.32,2009,FD7644,Regular,Baking Goods,OUT004,Medium,Tier 2,Supermarket Type2
12.31,0.023,140.68,2009,FD4236,Low Sugar,Snack Foods,OUT004,Medium,Tier 2,Supermarket Type2
12.77,0.019,117.92,2009,FD864,Low Sugar,Snack Foods,OUT004,Medium,Tier 2,Supermarket Type2
13.54,0.12,151.43,2009,FD1864,Regular,Meat,OUT004,Medium,Tier 2,Supermarket Type2
11.37,0.024,179.25,2009,FD706,Regular,Meat,OUT004,Medium,Tier 2,Supermarket Type2
13.67,0.031,129.94,2009,FD4612,Low Sugar,Canned,OUT004,Medium,Tier 2,Supermarket Type2
11.26,0.076,116.37,2009,FD3435,Regular,Fruits and Vegetables,OUT004,Medium,Tier 2,Supermarket Type2
22.0,0.06,266.0,1999,NC7325,No Sugar,Household,OUT003,Medium,Tier 1,Departmental Store
13.85,0.047,169.13,1987,FD4009,Low Sugar,Dairy,OUT001,High,Tier 2,Supermarket Type1
16.79,0.038,189.92,1999,FD4834,Low Sugar,Fruits and Vegetables,OUT003,Medium,Tier 1,Departmental Store
13.86,0.168,181.28,1999,FD1810,Low Sugar,Snack Foods,OUT003,Medium,Tier 1,Departmental Store
13.07,0.104,148.16,2009,FD3607,Low Sugar,Snack Foods,OUT004,Medium,Tier 2,Supermarket Type2
12.26,0.157,133.14,2009,FD4021,Low Sugar,Dairy,OUT004,Medium,Tier 2,Supermarket Type2
11.44,0.054,113.44,1987,FD1494,Regular,Fruits and Vegetables,OUT001,High,Tier 2,Supermarket Type1
15.61,0.102,143.44,1987,NC3926,No Sugar,Household,OUT001,High,Tier 2,Supermarket Type1
17.62,0.032,186.17,1999,DR5829,Regular,Soft Drinks,OUT003,Medium,Tier 1,Departmental Store
11.01,0.104,142.32,2009,FD2935,Regular,Dairy,OUT004,Medium,Tier 2,Supermarket Type2
12.6,0.025,157.47,2009,FD197,Low Sugar,Snack Foods,OUT004,Medium,Tier 2,Supermarket Type2
11.95,0.017,147.26,2009,FD4200,Low Sugar,Dairy,OUT004,Medium,Tier 2,Supermarket Type2
16.81,0.08,199.09,1999,DR3444,Low Sugar,Soft Drinks,OUT003,Medium,Tier 1,Departmental Store
10.39,0.145,128.78,2009,FD7035,Low Sugar,Seafood,OUT004,Medium,Tier 2,Supermarket Type2
13.65,0.096,155.42,2009,FD6189,Low Sugar,Frozen Foods,OUT004,Medium,Tier 2,Supermarket Type2
12.25,0.04,160.42,2009,FD5276,Low Sugar,Canned,OUT004,Medium,Tier 2,Supermarket Type2
11.68,0.03,172.02,2009,FD867,Low Sugar,Baking Goods,OUT004,Medium,Tier 2,Supermarket Type2
8.81,0.018,118.11,1998,FD4885,Low Sugar,Frozen Foods,OUT002,Small,Tier 3,Food Mart
11.94,0.048,162.52,2009,NC2713,No Sugar,Household,OUT004,Medium,Tier 2,Supermarket Type2
8.76,0.024,139.86,1987,FD2907,Regular,Meat,OUT001,High,Tier 2,Supermarket Type1
12.52,0.041,190.87,1999,NC1628,No Sugar,Health and Hygiene,OUT003,Medium,Tier 1,Departmental Store
13.51,0.131,131.84,2009,FD7410,Low Sugar,Dairy,OUT004,Medium,Tier 2,Supermarket Type2
9.33,0.021,141.68,2009,FD2097,Regular,Baking Goods,OUT004,Medium,Tier 2,Supermarket Type2
14.95,0.048,148.96,1987,NC2285,No Sugar,Others,OUT001,High,Tier 2,Supermarket Type1
14.27,0.121,163.9,1987,FD2367,Regular,Snack Foods,OUT001,High,Tier 2,Supermarket Type1
11.67,0.157,140.96,2009,FD5114,Regular,Canned,OUT004,Medium,Tier 2,Supermarket Type2
15.51,0.035,163.51,1999,FD5130,Low Sugar,Canned,OUT003,Medium,Tier 1,Departmental Store
14.2,0.084,176.23,1999,NC4289,No Sugar,Others,OUT003,Medium,Tier 1,Departmental Store
13.94,0.04,145.02,2009,NC4092,No Sugar,Health and Hygiene,OUT004,Medium,Tier 2,Supermarket Type2
15.31,0.157,213.81,1999,NC3021,No Sugar,Health and Hygiene,OUT003,Medium,Tier 1,Departmental Store
11.07,0.091,102.25,1999,FD545,Low Sugar,Meat,OUT003,Medium,Tier 1,Departmental Store
11.04,0.084,130.24,2009,FD6872,Low Sugar,Baking Goods,OUT004,Medium,Tier 2,Supermarket Type2
12.54,0.075,144.1,2009,FD2273,Low Sugar,Breakfast,OUT004,Medium,Tier 2,Supermarket Type2
11.56,0.039,152.18,2009,FD4442,Regular,Snack Foods,OUT004,Medium,Tier 2,Supermarket Type2
17.55,0.02,174.58,1999,NC6110,No Sugar,Household,OUT003,Medium,Tier 1,Departmental Store
14.87,0.13,184.9,1987,NC1314,No Sugar,Household,OUT001,High,Tier 2,Supermarket Type1
12.71,0.039,154.18,2009,FD4001,Low Sugar,Fruits and Vegetables,OUT004,Medium,Tier 2,Supermarket Type2
11.66,0.094,145.99,2009,FD1787,Regular,Canned,OUT004,Medium,Tier 2,Supermarket Type2
9.19,0.058,85.26,1998,FD6309,Low Sugar,Fruits and Vegetables,OUT002,Small,Tier 3,Food Mart
11.34,0.047,72.61,1998,FD2989,Low Sugar,Frozen Foods,OUT002,Small,Tier 3,Food Mart
12.72,0.245,117.19,2009,FD5459,Regular,Fruits and Vegetables,OUT004,Medium,Tier 2,Supermarket Type2
8.76,0.053,104.89,1998,FD5216,Regular,Snack Foods,OUT002,Small,Tier 3,Food Mart
11.81,0.064,128.04,2009,FD8405,Low Sugar,Dairy,OUT004,Medium,Tier 2,Supermarket Type2
11.09,0.025,118.29,2009,DR5987,Regular,Soft Drinks,OUT004,Medium,Tier 2,Supermarket Type2
13.43,0.044,160.21,2009,FD4083,Regular,Baking Goods,OUT004,Medium,Tier 2,Supermarket Type2
15.82,0.049,117.06,2009,DR8580,Low Sugar,Soft Drinks,OUT004,Medium,Tier 2,Supermarket Type2
15.56,0.064,141.09,2009,FD1351,Low Sugar,Frozen Foods,OUT004,Medium,Tier 2,Supermarket Type2
14.57,0.149,182.01,1987,FD8424,Low Sugar,Fruits and Vegetables,OUT001,High,Tier 2,Supermarket Type1
10.63,0.061,120.25,1987,FD2361,Regular,Snack Foods,OUT001,High,Tier 2,Supermarket Type1
11.47,0.081,205.41,1999,FD4294,Regular,Baking Goods,OUT003,Medium,Tier 1,Departmental Store
11.07,0.063,175.61,2009,NC8202,No Sugar,Household,OUT004,Medium,Tier 2,Supermarket Type2
11.19,0.084,141.67,2009,FD4300,Regular,Fruits and Vegetables,OUT004,Medium,Tier 2,Supermarket Type2
11.34,0.075,177.47,2009,NC2595,No Sugar,Household,OUT004,Medium,Tier 2,Supermarket Type2
14.47,0.024,191.08,1987,FD6313,reg,Meat,OUT001,High,Tier 2,Supermarket Type1
15.44,0.052,167.26,1999,FD5904,Low Sugar,Frozen Foods,OUT003,Medium,Tier 1,Departmental Store
15.75,0.066,126.59,2009,FD7716,Regular,Fruits and Vegetables,OUT004,Medium,Tier 2,Supermarket Type2
15.25,0.04,137.67,2009,NC3991,No Sugar,Household,OUT004,Medium,Tier 2,Supermarket Type2
11.23,0.079,124.94,2009,FD7604,Low Sugar,Snack Foods,OUT004,Medium,Tier 2,Supermarket Type2
14.97,0.083,167.28,1999,FD5599,Low Sugar,Frozen Foods,OUT003,Medium,Tier 1,Departmental Store
11.8,0.036,142.71,2009,FD7225,Low Sugar,Seafood,OUT004,Medium,Tier 2,Supermarket Type2
10.97,0.082,168.37,2009,NC2310,No Sugar,Health and Hygiene,OUT004,Medium,Tier 2,Supermarket Type2
11.34,0.105,131.68,2009,FD5288,Low Sugar,Fruits and Vegetables,OUT004,Medium,Tier 2,Supermarket Type2
9.41,0.085,118.3,1998,FD5837,Low Sugar,Fruits and Vegetables,OUT002,Small,Tier 3,Food Mart
9.67,0.035,120.82,1998,FD4043,Low Sugar,Frozen Foods,OUT002,Small,Tier 3,Food Mart
14.95,0.011,144.16,2009,FD7055,Regular,Breakfast,OUT004,Medium,Tier 2,Supermarket Type2
17.99,0.049,174.94,1999,NC1592,No Sugar,Household,OUT003,Medium,Tier 1,Departmental Store
13.52,0.026,198.73,1987,FD5887,Low Sugar,Dairy,OUT001,High,Tier 2,Supermarket Type1
10.98,0.023,143.26,2009,FD1027,Regular,Dairy,OUT004,Medium,Tier 2,Supermarket Type2
16.29,0.111,160.6,1987,FD2333,Low Sugar,Fruits and Vegetables,OUT001,High,Tier 2,Supermarket Type1
12.18,0.125,126.97,2009,NC2916,No Sugar,Household,OUT004,Medium,Tier 2,Supermarket Type2
11.28,0.089,146.22,2009,NC434,No Sugar,Health and Hygiene,OUT004,Medium,Tier 2,Supermarket Type2
11.18,0.015,170.89,2009,DR7293,Low Sugar,Soft Drinks,OUT004,Medium,Tier 2,Supermarket Type2
12.51,0.049,158.38,2009,FD5463,Low Sugar,Snack Foods,OUT004,Medium,Tier 2,Supermarket Type2
15.83,0.113,127.93,2009,FD8349,Regular,Dairy,OUT004,Medium,Tier 2,Supermarket Type2
15.6,0.175,206.47,1999,FD3709,Regular,Frozen Foods,OUT003,Medium,Tier 1,Departmental Store
13.98,0.103,147.47,2009,FD2445,Low Sugar,Baking Goods,OUT004,Medium,Tier 2,Supermarket Type2
10.64,0.117,116.07,1987,NC8574,No Sugar,Health and Hygiene,OUT001,High,Tier 2,Supermarket Type1
12.64,0.073,120.03,2009,NC1403,No Sugar,Household,OUT004,Medium,Tier 2,Supermarket Type2
12.27,0.049,176.87,2009,FD2682,Low Sugar,Snack Foods,OUT004,Medium,Tier 2,Supermarket Type2
15.11,0.053,183.43,1987,FD6656,Regular,Snack Foods,OUT001,High,Tier 2,Supermarket Type1
12.08,0.185,110.34,2009,FD8626,Low Sugar,Dairy,OUT004,Medium,Tier 2,Supermarket Type2
10.61,0.064,115.36,1987,FD3799,Low Sugar,Snack Foods,OUT001,High,Tier 2,Supermarket Type1
14.82,0.052,188.3,1987,NC391,No Sugar,Household,OUT001,High,Tier 2,Supermarket Type1
14.94,0.049,166.17,1999,FD1445,Low Sugar,Snack Foods,OUT003,Medium,Tier 1,Departmental Store
10.05,0.115,113.76,1998,FD7693,Regular,Dairy,OUT002,Small,Tier 3,Food Mart
11.73,0.109,152.42,2009,FD4792,Regular,Dairy,OUT004,Medium,Tier 2,Supermarket Type2
13.23,0.021,107.87,2009,FD5406,Low Sugar,Frozen Foods,OUT004,Medium,Tier 2,Supermarket Type2
15.58,0.046,186.63,1987,FD5666,Regular,Frozen Foods,OUT001,High,Tier 2,Supermarket Type1
11.38,0.082,161.73,2009,NC5367,No Sugar,Health and Hygiene,OUT004,Medium,Tier 2,Supermarket Type2
17.72,0.018,147.71,1987,FD1714,Low Sugar,Frozen Foods,OUT001,High,Tier 2,Supermarket Type1
10.53,0.024,89.82,1998,FD3686,Low Sugar,Meat,OUT002,Small,Tier 3,Food Mart
11.62,0.059,144.32,2009,FD781,Low Sugar,Canned,OUT004,Medium,Tier 2,Supermarket Type2
9.45,0.049,146.25,2009,FD5313,Low Sugar,Fruits and Vegetables,OUT004,Medium,Tier 2,Supermarket Type2
15.65,0.051,143.97,1987,NC4261,No Sugar,Health and Hygiene,OUT001,High,Tier 2,Supermarket Type1
13.48,0.02,184.19,1999,FD1856,Low Sugar,Frozen Foods,OUT003,Medium,Tier 1,Departmental Store
13.11,0.068,162.07,2009,DR5682,Low Sugar,Hard Drinks,OUT004,Medium,Tier 2,Supermarket Type2
13.95,0.122,190.21,1987,FD7405,Regular,Seafood,OUT001,High,Tier 2,Supermarket Type1
11.59,0.108,139.98,2009,FD2723,Low Sugar,Fruits and Vegetables,OUT004,Medium,Tier 2,Supermarket Type2
11.54,0.034,123.58,1999,NC417,No Sugar,Health and Hygiene,OUT003,Medium,Tier 1,Departmental Store
16.15,0.171,202.51,1999,FD4058,Low Sugar,Frozen Foods,OUT003,Medium,Tier 1,Departmental Store
17.81,0.027,250.57,1999,FD8746,Low Sugar,Starchy Foods,OUT003,Medium,Tier 1,Departmental Store
10.43,0.063,123.97,1987,FD2337,Low Sugar,Breakfast,OUT001,High,Tier 2,Supermarket Type1
14.79,0.105,200.0,1999,FD7123,Low Sugar,Fruits and Vegetables,OUT003,Medium,Tier 1,Departmental Store
12.27,0.047,115.22,2009,FD1234,Regular,Dairy,OUT004,Medium,Tier 2,Supermarket Type2
13.89,0.032,162.95,1987,FD66,Low Sugar,Frozen Foods,OUT001,High,Tier 2,Supermarket Type1
9.56,0.081,110.56,1998,FD1997,Low Sugar,Canned,OUT002,Small,Tier 3,Food Mart
10.19,0.036,196.33,2009,FD7346,Low Sugar,Dairy,OUT004,Medium,Tier 2,Supermarket Type2
11.04,0.027,139.45,2009,FD7821,Low Sugar,Baking Goods,OUT004,Medium,Tier 2,Supermarket Type2
17.02,0.068,154.38,1987,FD7348,Regular,Snack Foods,OUT001,High,Tier 2,Supermarket Type1
9.95,0.066,133.7,2009,FD1775,Low Sugar,Fruits and Vegetables,OUT004,Medium,Tier 2,Supermarket Type2
11.15,0.047,161.31,2009,FD6897,Low Sugar,Dairy,OUT004,Medium,Tier 2,Supermarket Type2
12.09,0.038,166.41,2009,FD5872,Low Sugar,Breads,OUT004,Medium,Tier 2,Supermarket Type2
12.24,0.094,122.26,2009,NC92,No Sugar,Household,OUT004,Medium,Tier 2,Supermarket Type2
12.46,0.097,91.54,1998,DR2201,Low Sugar,Hard Drinks,OUT002,Small,Tier 3,Food Mart
15.17,0.184,140.35,1999,FD25,Low Sugar,Baking Goods,OUT003,Medium,Tier 1,Departmental Store
6.77,0.032,75.21,1998,FD8521,Low Sugar,Meat,OUT002,Small,Tier 3,Food Mart
13.08,0.096,162.83,2009,FD7152,Low Sugar,Frozen Foods,OUT004,Medium,Tier 2,Supermarket Type2
13.17,0.031,168.88,1987,FD3188,Low Sugar,Canned,OUT001,High,Tier 2,Supermarket Type1
12.49,0.021,127.31,2009,NC1114,No Sugar,Health and Hygiene,OUT004,Medium,Tier 2,Supermarket Type2
13.63,0.035,194.16,1987,NC8310,No Sugar,Health and Hygiene,OUT001,High,Tier 2,Supermarket Type1
11.76,0.053,145.08,2009,FD2306,Low Sugar,Frozen Foods,OUT004,Medium,Tier 2,Supermarket Type2
11.44,0.085,110.21,1987,FD3155,Low Sugar,Meat,OUT001,High,Tier 2,Supermarket Type1
13.36,0.026,173.03,1987,FD5415,Low Sugar,Snack Foods,OUT001,High,Tier 2,Supermarket Type1
12.58,0.18,140.68,2009,FD1228,Low Sugar,Snack Foods,OUT004,Medium,Tier 2,Supermarket Type2
12.9,0.021,151.14,2009,FD1110,Low Sugar,Fruits and Vegetables,OUT004,Medium,Tier 2,Supermarket Type2
13.38,0.092,99.68,2009,NC1700,No Sugar,Health and Hygiene,OUT004,Medium,Tier 2,Supermarket Type2
9.77,0.052,83.51,1998,FD2123,Regular,Meat,OUT002,Small,Tier 3,Food Mart
14.33,0.017,160.39,1987,FD3135,Regular,Snack Foods,OUT001,High,Tier 2,Supermarket Type1
13.78,0.027,129.13,2009,FD7878,Low Sugar,Fruits and Vegetables,OUT004,Medium,Tier 2,Supermarket Type2
12.3,0.022,86.48,1998,FD5858,Low Sugar,Baking Goods,OUT002,Small,Tier 3,Food Mart
15.52,0.122,138.6,2009,FD8182,Low Sugar,Dairy,OUT004,Medium,Tier 2,Supermarket Type2
13.94,0.133,150.89,2009,FD7806,Low Sugar,Snack Foods,OUT004,Medium,Tier 2,Supermarket Type2
15.76,0.153,207.02,1999,FD5244,Regular,Meat,OUT003,Medium,Tier 1,Departmental Store
10.35,0.1,130.27,2009,FD6562,Low Sugar,Snack Foods,OUT004,Medium,Tier 2,Supermarket Type2
16.87,0.047,171.9,1999,FD7588,Low Sugar,Baking Goods,OUT003,Medium,Tier 1,Departmental Store
17.56,0.027,169.6,1999,FD202,Regular,Fruits and Vegetables,OUT003,Medium,Tier 1,Departmental Store
13.14,0.12,161.09,2009,DR860,Low Sugar,Soft Drinks,OUT004,Medium,Tier 2,Supermarket Type2
11.15,0.117,118.02,2009,FD6666,Low Sugar,Meat,OUT004,Medium,Tier 2,Supermarket Type2
8.7,0.061,108.88,1998,DR4461,Regular,Soft Drinks,OUT002,Small,Tier 3,Food Mart
13.46,0.033,129.62,2009,FD5989,Regular,Baking Goods,OUT004,Medium,Tier 2,Supermarket Type2
10.42,0.027,168.04,2009,FD674,Regular,Dairy,OUT004,Medium,Tier 2,Supermarket Type2
13.3,0.128,151.15,2009,FD8500,Regular,Snack Foods,OUT004,Medium,Tier 2,Supermarket Type2
10.89,0.014,105.7,1998,FD6567,Low Sugar,Fruits and Vegetables,OUT002,Small,Tier 3,Food Mart
11.58,0.172,99.03,1998,FD6844,Regular,Dairy,OUT002,Small,Tier 3,Food Mart
13.43,0.107,139.13,2009,FD3422,Low Sugar,Snack Foods,OUT004,Medium,Tier 2,Supermarket Type2
12.94,0.029,133.07,2009,NC1539,No Sugar,Health and Hygiene,OUT004,Medium,Tier 2,Supermarket Type2
15.47,0.079,145.72,1987,FD6646,Low Sugar,Snack Foods,OUT001,High,Tier 2,Supermarket Type1
9.07,0.096,154.13,2009,FD5321,Low Sugar,Meat,OUT004,Medium,Tier 2,Supermarket Type2
13.95,0.032,176.73,1999,FD731,Low Sugar,Snack Foods,OUT003,Medium,Tier 1,Departmental Store
18.16,0.072,186.64,1999,DR4015,Regular,Soft Drinks,OUT003,Medium,Tier 1,Departmental Store
13.07,0.034,183.87,1999,FD6944,Low Sugar,Starchy Foods,OUT003,Medium,Tier 1,Departmental Store
12.71,0.029,145.61,2009,FD669,Low Sugar,Canned,OUT004,Medium,Tier 2,Supermarket Type2
13.12,0.113,132.67,2009,FD6905,Regular,Canned,OUT004,Medium,Tier 2,Supermarket Type2
14.02,0.054,156.62,2009,FD6589,Low Sugar,Canned,OUT004,Medium,Tier 2,Supermarket Type2
13.8,0.092,152.42,2009,FD5618,Low Sugar,Meat,OUT004,Medium,Tier 2,Supermarket Type2
10.49,0.031,151.06,2009,FD4387,Regular,Fruits and Vegetables,OUT004,Medium,Tier 2,Supermarket Type2
11.48,0.07,90.06,1998,FD8260,Low Sugar,Snack Foods,OUT002,Small,Tier 3,Food Mart
12.35,0.085,137.31,2009,FD8413,Low Sugar,Baking Goods,OUT004,Medium,Tier 2,Supermarket Type2
13.95,0.035,166.78,1987,DR3370,Regular,Soft Drinks,OUT001,High,Tier 2,Supermarket Type1
17.02,0.062,204.33,1999,FD2436,Regular,Fruits and Vegetables,OUT003,Medium,Tier 1,Departmental Store
10.25,0.133,129.67,2009,FD6815,Regular,Fruits and Vegetables,OUT004,Medium,Tier 2,Supermarket Type2
14.66,0.006,167.38,1999,FD5824,Low Sugar,Fruits and Vegetables,OUT003,Medium,Tier 1,Departmental Store
7.76,0.026,74.92,1998,NC2622,No Sugar,Health and Hygiene,OUT002,Small,Tier 3,Food Mart
10.5,0.147,119.81,1987,FD7948,Low Sugar,Frozen Foods,OUT001,High,Tier 2,Supermarket Type1
8.2,0.114,171.96,2009,FD1488,Low Sugar,Canned,OUT004,Medium,Tier 2,Supermarket Type2
12.33,0.021,149.26,2009,FD8647,Regular,Meat,OUT004,Medium,Tier 2,Supermarket Type2
7.24,0.058,61.15,1998,NC1236,No Sugar,Health and Hygiene,OUT002,Small,Tier 3,Food Mart
16.54,0.144,171.43,1999,FD7839,Low Sugar,Dairy,OUT003,Medium,Tier 1,Departmental Store
13.48,0.044,105.11,2009,FD6030,Regular,Fruits and Vegetables,OUT004,Medium,Tier 2,Supermarket Type2
12.51,0.078,129.25,2009,FD4332,Low Sugar,Snack Foods,OUT004,Medium,Tier 2,Supermarket Type2
13.63,0.021,156.67,2009,FD2408,Low Sugar,Fruits and Vegetables,OUT004,Medium,Tier 2,Supermarket Type2
12.51,0.073,169.48,2009,NC1064,No Sugar,Household,OUT004,Medium,Tier 2,Supermarket Type2
14.87,0.062,142.02,2009,FD3948,Low Sugar,Baking Goods,OUT004,Medium,Tier 2,Supermarket Type2
10.5,0.036,144.82,2009,DR2897,Low Sugar,Hard Drinks,OUT004,Medium,Tier 2,Supermarket Type2
10.72,0.091,151.02,2009,FD2738,Low Sugar,Frozen Foods,OUT004,Medium,Tier 2,Supermarket Type2
15.01,0.163,164.5,1999,NC4809,No Sugar,Others,OUT003,Medium,Tier 1,Departmental Store
12.82,0.036,167.49,2009,FD3470,Low Sugar,Fruits and Vegetables,OUT004,Medium,Tier 2,Supermarket Type2
17.05,0.051,175.44,1999,FD8171,Low Sugar,Fruits and Vegetables,OUT003,Medium,Tier 1,Departmental Store
13.79,0.015,133.92,2009,FD1101,Low Sugar,Fruits and Vegetables,OUT004,Medium,Tier 2,Supermarket Type2
10.06,0.054,158.21,2009,FD8312,Low Sugar,Starchy Foods,OUT004,Medium,Tier 2,Supermarket Type2
15.71,0.053,140.71,1987,FD1053,Regular,Frozen Foods,OUT001,High,Tier 2,Supermarket Type1
10.65,0.251,144.18,2009,FD4761,Low Sugar,Breads,OUT004,Medium,Tier 2,Supermarket Type2
15.16,0.079,145.48,2009,FD5179,Low Sugar,Baking Goods,OUT004,Medium,Tier 2,Supermarket Type2
17.28,0.098,176.49,1999,FD8056,Low Sugar,Frozen Foods,OUT003,Medium,Tier 1,Departmental Store
12.77,0.076,132.17,2009,FD2015,Regular,Snack Foods,OUT004,Medium,Tier 2,Supermarket Type2
14.05,0.193,168.72,1999,FD5573,Low Sugar,Frozen Foods,OUT003,Medium,Tier 1,Departmental Store
13.25,0.154,179.2,1999,NC869,No Sugar,Household,OUT003,Medium,Tier 1,Departmental Store
15.98,0.091,170.85,1999,FD510,Regular,Dairy,OUT003,Medium,Tier 1,Departmental Store
7.89,0.113,135.12,1998,FD8723,Low Sugar,Snack Foods,OUT002,Small,Tier 3,Food Mart
16.37,0.037,166.25,1987,FD2004,Regular,Snack Foods,OUT001,High,Tier 2,Supermarket Type1
15.98,0.072,139.19,1987,FD2826,Regular,Dairy,OUT001,High,Tier 2,Supermarket Type1
12.68,0.065,153.71,2009,FD7374,Low Sugar,Meat,OUT004,Medium,Tier 2,Supermarket Type2
13.07,0.123,144.68,2009,FD903,Low Sugar,Fruits and Vegetables,OUT004,Medium,Tier 2,Supermarket Type2
15.07,0.021,146.96,2009,FD408,Low Sugar,Snack Foods,OUT004,Medium,Tier 2,Supermarket Type2
14.07,0.103,125.86,2009,FD3688,Low Sugar,Dairy,OUT004,Medium,Tier 2,Supermarket Type2
10.47,0.062,187.02,2009,FD829,Regular,Canned,OUT004,Medium,Tier 2,Supermarket Type2
9.67,0.113,95.77,1998,NC1897,No Sugar,Health and Hygiene,OUT002,Small,Tier 3,Food Mart
11.83,0.006,92.83,1998,FD7650,Low Sugar,Meat,OUT002,Small,Tier 3,Food Mart
13.78,0.036,134.55,2009,FD8577,Low Sugar,Meat,OUT004,Medium,Tier 2,Supermarket Type2
15.29,0.022,165.01,1999,FD5643,Low Sugar,Frozen Foods,OUT003,Medium,Tier 1,Departmental Store
12.67,0.135,145.45,2009,FD6987,Regular,Canned,OUT004,Medium,Tier 2,Supermarket Type2
12.06,0.048,151.07,2009,NC257,No Sugar,Health and Hygiene,OUT004,Medium,Tier 2,Supermarket Type2
13.97,0.104,114.86,2009,FD7313,Low Sugar,Fruits and Vegetables,OUT004,Medium,Tier 2,Supermarket Type2
13.38,0.108,97.95,2009,DR792,Regular,Soft Drinks,OUT004,Medium,Tier 2,Supermarket Type2
10.54,0.033,158.75,2009,FD1193,Regular,Meat,OUT004,Medium,Tier 2,Supermarket Type2
8.91,0.129,121.02,1998,FD4436,Regular,Canned,OUT002,Small,Tier 3,Food Mart
10.29,0.057,121.38,1987,NC7572,No Sugar,Household,OUT001,High,Tier 2,Supermarket Type1
10.46,0.103,64.79,1998,FD5953,Low Sugar,Frozen Foods,OUT002,Small,Tier 3,Food Mart
10.8,0.074,184.97,2009,FD6932,Low Sugar,Fruits and Vegetables,OUT004,Medium,Tier 2,Supermarket Type2
18.82,0.052,199.25,1999,FD6501,Low Sugar,Canned,OUT003,Medium,Tier 1,Departmental Store
9.13,0.175,144.27,2009,FD2563,Low Sugar,Canned,OUT004,Medium,Tier 2,Supermarket Type2
10.82,0.021,117.72,1987,FD3433,Low Sugar,Canned,OUT001,High,Tier 2,Supermarket Type1
9.2,0.05,96.71,1998,NC4667,No Sugar,Others,OUT002,Small,Tier 3,Food Mart
14.3,0.085,120.73,2009,DR260,Regular,Hard Drinks,OUT004,Medium,Tier 2,Supermarket Type2
15.93,0.01,168.69,1987,FD5253,Regular,Meat,OUT001,High,Tier 2,Supermarket Type1
9.9,0.082,177.78,2009,FD7497,Low Sugar,Frozen Foods,OUT004,Medium,Tier 2,Supermarket Type2
12.07,0.228,143.16,2009,FD6859,Regular,Canned,OUT004,Medium,Tier 2,Supermarket Type2
13.96,0.067,185.67,1987,NC8532,No Sugar,Health and Hygiene,OUT001,High,Tier 2,Supermarket Type1
14.39,0.01,175.47,1999,FD1766,reg,Frozen Foods,OUT003,Medium,Tier 1,Departmental Store
11.0,0.055,83.7,1998,NC8298,No Sugar,Health and Hygiene,OUT002,Small,Tier 3,Food Mart
8.74,0.056,133.11,1998,NC3540,No Sugar,Health and Hygiene,OUT002,Small,Tier 3,Food Mart
13.81,0.076,134.21,2009,DR1771,Low Sugar,Soft Drinks,OUT004,Medium,Tier 2,Supermarket Type2
9.26,0.03,177.67,2009,FD6745,Low Sugar,Fruits and Vegetables,OUT004,Medium,Tier 2,Supermarket Type2
16.69,0.077,181.39,1999,DR7118,Low Sugar,Soft Drinks,OUT003,Medium,Tier 1,Departmental Store
10.77,0.104,114.96,1987,FD1412,Low Sugar,Fruits and Vegetables,OUT001,High,Tier 2,Supermarket Type1
12.81,0.011,169.62,2009,NC6410,No Sugar,Health and Hygiene,OUT004,Medium,Tier 2,Supermarket Type2
9.66,0.027,157.15,2009,FD6124,Low Sugar,Fruits and Vegetables,OUT004,Medium,Tier 2,Supermarket Type2
8.66,0.039,147.65,2009,FD5774,Low Sugar,Fruits and Vegetables,OUT004,Medium,Tier 2,Supermarket Type2
12.36,0.029,187.47,1999,NC1818,No Sugar,Household,OUT003,Medium,Tier 1,Departmental Store
8.84,0.174,123.81,1998,FD2291,Low Sugar,Meat,OUT002,Small,Tier 3,Food Mart
15.54,0.013,181.76,1987,FD3960,Low Sugar,Frozen Foods,OUT001,High,Tier 2,Supermarket Type1
10.83,0.064,158.68,2009,FD3644,Low Sugar,Baking Goods,OUT004,Medium,Tier 2,Supermarket Type2
14.47,0.132,159.25,1987,FD853,Low Sugar,Dairy,OUT001,High,Tier 2,Supermarket Type1
14.06,0.026,126.24,2009,FD4263,Low Sugar,Breakfast,OUT004,Medium,Tier 2,Supermarket Type2
11.6,0.054,123.33,2009,FD642,Regular,Frozen Foods,OUT004,Medium,Tier 2,Supermarket Type2
13.5,0.071,168.62,1987,FD3102,Low Sugar,Starchy Foods,OUT001,High,Tier 2,Supermarket Type1
13.58,0.124,164.07,1987,NC3626,No Sugar,Health and Hygiene,OUT001,High,Tier 2,Supermarket Type1
10.68,0.043,131.72,2009,FD5902,Low Sugar,Meat,OUT004,Medium,Tier 2,Supermarket Type2
12.35,0.017,120.43,2009,FD3163,Low Sugar,Fruits and Vegetables,OUT004,Medium,Tier 2,Supermarket Type2
16.35,0.1,150.39,1999,FD5469,Low Sugar,Meat,OUT003,Medium,Tier 1,Departmental Store
15.14,0.089,214.63,1999,FD61,Low Sugar,Frozen Foods,OUT003,Medium,Tier 1,Departmental Store
11.58,0.119,146.45,2009,DR153,Low Sugar,Soft Drinks,OUT004,Medium,Tier 2,Supermarket Type2
10.04,0.018,118.64,1998,NC2439,No Sugar,Health and Hygiene,OUT002,Small,Tier 3,Food Mart
12.07,0.034,143.16,2009,NC413,No Sugar,Household,OUT004,Medium,Tier 2,Supermarket Type2
12.99,0.147,138.94,2009,NC106,No Sugar,Household,OUT004,Medium,Tier 2,Supermarket Type2
10.48,0.121,132.73,2009,FD5431,Regular,Frozen Foods,OUT004,Medium,Tier 2,Supermarket Type2
12.54,0.007,176.79,1987,FD7809,Low Sugar,Snack Foods,OUT001,High,Tier 2,Supermarket Type1
12.85,0.03,119.7,2009,FD6650,Low Sugar,Canned,OUT004,Medium,Tier 2,Supermarket Type2
17.2,0.076,186.98,1999,FD4797,Regular,Breads,OUT003,Medium,Tier 1,Departmental Store
8.53,0.088,122.87,1998,FD315,Low Sugar,Baking Goods,OUT002,Small,Tier 3,Food Mart
8.84,0.006,89.17,1998,FD4571,Regular,Snack Foods,OUT002,Small,Tier 3,Food Mart
10.57,0.097,169.05,2009,FD62,Regular,Seafood,OUT004,Medium,Tier 2,Supermarket Type2
12.56,0.028,109.61,2009,FD1195,Low Sugar,Frozen Foods,OUT004,Medium,Tier 2,Supermarket Type2
14.27,0.123,164.77,1987,FD1582,Low Sugar,Baking Goods,OUT001,High,Tier 2,Supermarket Type1
13.48,0.017,88.58,1987,NC2471,No Sugar,Health and Hygiene,OUT001,High,Tier 2,Supermarket Type1
7.3,0.066,106.72,1998,FD4145,Low Sugar,Meat,OUT002,Small,Tier 3,Food Mart
13.86,0.1,139.18,2009,DR2510,Regular,Soft Drinks,OUT004,Medium,Tier 2,Supermarket Type2
11.28,0.04,122.68,2009,FD4088,Low Sugar,Snack Foods,OUT004,Medium,Tier 2,Supermarket Type2
11.86,0.124,170.24,2009,FD5201,Regular,Starchy Foods,OUT004,Medium,Tier 2,Supermarket Type2
8.69,0.063,143.86,1987,NC2871,No Sugar,Health and Hygiene,OUT001,High,Tier 2,Supermarket Type1
9.97,0.007,119.92,1998,FD1558,Regular,Fruits and Vegetables,OUT002,Small,Tier 3,Food Mart
7.85,0.122,113.51,1998,NC4111,No Sugar,Household,OUT002,Small,Tier 3,Food Mart
15.49,0.118,124.26,2009,FD666,Low Sugar,Fruits and Vegetables,OUT004,Medium,Tier 2,Supermarket Type2
8.28,0.032,119.61,1998,FD2534,Low Sugar,Dairy,OUT002,Small,Tier 3,Food Mart
13.96,0.029,181.45,1999,NC3706,No Sugar,Household,OUT003,Medium,Tier 1,Departmental Store
14.67,0.044,215.13,1999,FD7335,Low Sugar,Snack Foods,OUT003,Medium,Tier 1,Departmental Store
11.31,0.019,138.7,2009,FD7957,Regular,Frozen Foods,OUT004,Medium,Tier 2,Supermarket Type2
14.04,0.088,148.45,2009,FD6829,Regular,Frozen Foods,OUT004,Medium,Tier 2,Supermarket Type2
7.55,0.126,99.63,1998,FD729,Regular,Canned,OUT002,Small,Tier 3,Food Mart
13.66,0.057,146.74,2009,DR4470,Low Sugar,Soft Drinks,OUT004,Medium,Tier 2,Supermarket Type2
15.95,0.021,173.46,1987,NC5522,No Sugar,Others,OUT001,High,Tier 2,Supermarket Type1
11.34,0.03,113.49,1987,FD2836,Regular,Baking Goods,OUT001,High,Tier 2,Supermarket Type1
13.23,0.16,140.87,2009,DR2901,Low Sugar,Soft Drinks,OUT004,Medium,Tier 2,Supermarket Type2
13.24,0.046,192.96,1987,FD8131,Regular,Meat,OUT001,High,Tier 2,Supermarket Type1
10.5,0.035,117.21,1987,DR2830,Regular,Soft Drinks,OUT001,High,Tier 2,Supermarket Type1
12.87,0.091,115.2,1998,FD465,Regular,Baking Goods,OUT002,Small,Tier 3,Food Mart
9.62,0.126,137.73,2009,FD4195,Regular,Frozen Foods,OUT004,Medium,Tier 2,Supermarket Type2
12.57,0.037,134.06,2009,FD4589,Regular,Breads,OUT004,Medium,Tier 2,Supermarket Type2
14.8,0.029,153.98,1987,DR6579,Low Sugar,Soft Drinks,OUT001,High,Tier 2,Supermarket Type1
14.57,0.143,196.26,1987,FD2024,Regular,Frozen Foods,OUT001,High,Tier 2,Supermarket Type1
10.35,0.028,126.05,2009,FD6349,Low Sugar,Breads,OUT004,Medium,Tier 2,Supermarket Type2
11.81,0.103,151.48,2009,FD4117,Low Sugar,Snack Foods,OUT004,Medium,Tier 2,Supermarket Type2
13.05,0.044,164.91,2009,FD6767,Low Sugar,Frozen Foods,OUT004,Medium,Tier 2,Supermarket Type2
12.08,0.107,131.75,2009,FD4180,reg,Frozen Foods,OUT004,Medium,Tier 2,Supermarket Type2
12.64,0.009,140.54,2009,DR8100,reg,Soft Drinks,OUT004,Medium,Tier 2,Supermarket Type2
11.2,0.037,131.74,2009,NC7736,No Sugar,Household,OUT004,Medium,Tier 2,Supermarket Type2
9.23,0.122,121.0,1998,FD2654,Low Sugar,Baking Goods,OUT002,Small,Tier 3,Food Mart
11.12,0.025,121.95,2009,FD5101,Low Sugar,Baking Goods,OUT004,Medium,Tier 2,Supermarket Type2
14.45,0.016,159.05,1987,NC5385,No Sugar,Health and Hygiene,OUT001,High,Tier 2,Supermarket Type1
12.97,0.129,133.31,2009,FD709,Low Sugar,Frozen Foods,OUT004,Medium,Tier 2,Supermarket Type2
14.69,0.044,172.0,1987,FD512,Low Sugar,Snack Foods,OUT001,High,Tier 2,Supermarket Type1
12.07,0.098,103.73,1987,DR5794,Low Sugar,Soft Drinks,OUT001,High,Tier 2,Supermarket Type1
11.21,0.116,153.1,2009,FD322,reg,Baking Goods,OUT004,Medium,Tier 2,Supermarket Type2
9.91,0.156,97.07,1998,FD6400,Low Sugar,Frozen Foods,OUT002,Small,Tier 3,Food Mart
12.51,0.014,133.07,2009,FD6482,Low Sugar,Canned,OUT004,Medium,Tier 2,Supermarket Type2
12.44,0.292,125.43,2009,FD5765,Regular,Canned,OUT004,Medium,Tier 2,Supermarket Type2
9.39,0.149,116.56,1998,FD1527,Low Sugar,Snack Foods,OUT002,Small,Tier 3,Food Mart
13.46,0.011,133.21,2009,NC739,No Sugar,Household,OUT004,Medium,Tier 2,Supermarket Type2
10.94,0.131,148.75,2009,FD2155,Regular,Fruits and Vegetables,OUT004,Medium,Tier 2,Supermarket Type2
10.02,0.058,121.03,1987,FD1391,Low Sugar,Starchy Foods,OUT001,High,Tier 2,Supermarket Type1
12.53,0.021,138.42,2009,FD4747,Low Sugar,Fruits and Vegetables,OUT004,Medium,Tier 2,Supermarket Type2
12.61,0.094,135.24,2009,NC4854,No Sugar,Household,OUT004,Medium,Tier 2,Supermarket Type2
12.42,0.072,181.53,1987,FD3341,Low Sugar,Snack Foods,OUT001,High,Tier 2,Supermarket Type1
12.04,0.024,91.83,1998,NC1458,No Sugar,Health and Hygiene,OUT002,Small,Tier 3,Food Mart
12.95,0.03,99.23,2009,FD2214,Low Sugar,Frozen Foods,OUT004,Medium,Tier 2,Supermarket Type2
10.56,0.097,156.97,2009,FD1416,Low Sugar,Breads,OUT004,Medium,Tier 2,Supermarket Type2
14.65,0.011,187.82,1987,FD4149,Low Sugar,Frozen Foods,OUT001,High,Tier 2,Supermarket Type1
13.68,0.157,159.11,2009,NC8400,No Sugar,Household,OUT004,Medium,Tier 2,Supermarket Type2
10.9,0.151,142.18,2009,FD8620,Low Sugar,Dairy,OUT004,Medium,Tier 2,Supermarket Type2
11.96,0.015,172.03,2009,FD8229,Regular,Snack Foods,OUT004,Medium,Tier 2,Supermarket Type2
12.06,0.014,130.85,2009,FD6805,Low Sugar,Meat,OUT004,Medium,Tier 2,Supermarket Type2
10.55,0.15,132.82,2009,FD4925,Low Sugar,Frozen Foods,OUT004,Medium,Tier 2,Supermarket Type2
13.56,0.009,163.39,2009,FD3627,Low Sugar,Baking Goods,OUT004,Medium,Tier 2,Supermarket Type2
11.5,0.095,163.03,2009,FD5117,Low Sugar,Snack Foods,OUT004,Medium,Tier 2,Supermarket Type2
11.47,0.049,157.96,2009,FD2472,Low Sugar,Canned,OUT004,Medium,Tier 2,Supermarket Type2
12.07,0.076,156.9,2009,NC3518,No Sugar,Health and Hygiene,OUT004,Medium,Tier 2,Supermarket Type2
14.55,0.14,175.68,1999,NC2075,No Sugar,Household,OUT003,Medium,Tier 1,Departmental Store
14.29,0.097,186.0,1987,FD8527,Regular,Baking Goods,OUT001,High,Tier 2,Supermarket Type1
11.14,0.094,118.4,2009,FD1215,Low Sugar,Snack Foods,OUT004,Medium,Tier 2,Supermarket Type2
10.56,0.051,143.92,2009,DR3580,Low Sugar,Soft Drinks,OUT004,Medium,Tier 2,Supermarket Type2
10.91,0.037,104.28,1998,NC4141,No Sugar,Household,OUT002,Small,Tier 3,Food Mart
7.76,0.067,104.59,1998,FD2080,Regular,Meat,OUT002,Small,Tier 3,Food Mart
13.37,0.074,194.86,1987,FD4455,Low Sugar,Snack Foods,OUT001,High,Tier 2,Supermarket Type1
13.75,0.097,184.29,1999,FD8573,Regular,Frozen Foods,OUT003,Medium,Tier 1,Departmental Store
15.16,0.14,193.25,1987,FD7800,Low Sugar,Frozen Foods,OUT001,High,Tier 2,Supermarket Type1
13.41,0.173,140.92,2009,FD359,Low Sugar,Canned,OUT004,Medium,Tier 2,Supermarket Type2
13.19,0.03,163.87,2009,FD1242,Regular,Breakfast,OUT004,Medium,Tier 2,Supermarket Type2
16.75,0.043,236.09,1999,NC177,No Sugar,Health and Hygiene,OUT003,Medium,Tier 1,Departmental Store
17.56,0.151,199.7,1999,NC3541,No Sugar,Household,OUT003,Medium,Tier 1,Departmental Store
10.95,0.063,127.32,2009,FD7457,Low Sugar,Meat,OUT004,Medium,Tier 2,Supermarket Type2
14.05,0.074,130.94,2009,FD4720,Low Sugar,Snack Foods,OUT004,Medium,Tier 2,Supermarket Type2
12.47,0.033,175.32,2009,DR994,Low Sugar,Soft Drinks,OUT004,Medium,Tier 2,Supermarket Type2
15.42,0.027,156.61,1999,FD6186,Low Sugar,Snack Foods,OUT003,Medium,Tier 1,Departmental Store
9.4,0.011,141.15,2009,NC4933,No Sugar,Household,OUT004,Medium,Tier 2,Supermarket Type2
8.95,0.082,144.3,2009,FD1187,Low Sugar,Baking Goods,OUT004,Medium,Tier 2,Supermarket Type2
13.23,0.08,147.66,2009,DR3454,Low Sugar,Hard Drinks,OUT004,Medium,Tier 2,Supermarket Type2
12.9,0.014,136.17,2009,FD7213,Regular,Canned,OUT004,Medium,Tier 2,Supermarket Type2
13.4,0.033,164.14,2009,FD6516,Regular,Dairy,OUT004,Medium,Tier 2,Supermarket Type2
10.29,0.123,154.03,2009,FD785,Low Sugar,Dairy,OUT004,Medium,Tier 2,Supermarket Type2
12.14,0.141,135.94,2009,NC7004,No Sugar,Health and Hygiene,OUT004,Medium,Tier 2,Supermarket Type2
10.49,0.125,118.86,1987,FD6333,Low Sugar,Baking Goods,OUT001,High,Tier 2,Supermarket Type1
8.38,0.152,104.11,1998,NC5496,No Sugar,Health and Hygiene,OUT002,Small,Tier 3,Food Mart
15.23,0.096,122.34,2009,NC5507,No Sugar,Household,OUT004,Medium,Tier 2,Supermarket Type2
10.01,0.133,104.76,1998,FD6263,Low Sugar,Breakfast,OUT002,Small,Tier 3,Food Mart
17.77,0.047,175.25,1999,DR2228,Low Sugar,Soft Drinks,OUT003,Medium,Tier 1,Departmental Store
11.71,0.103,176.85,1999,FD70,Regular,Dairy,OUT003,Medium,Tier 1,Departmental Store
8.55,0.057,155.26,2009,FD6403,Low Sugar,Fruits and Vegetables,OUT004,Medium,Tier 2,Supermarket Type2
12.48,0.021,183.1,1987,FD3066,Low Sugar,Canned,OUT001,High,Tier 2,Supermarket Type1
11.95,0.061,139.68,2009,FD7224,Low Sugar,Canned,OUT004,Medium,Tier 2,Supermarket Type2
12.65,0.054,136.23,2009,DR4567,Low Sugar,Soft Drinks,OUT004,Medium,Tier 2,Supermarket Type2
14.99,0.205,154.74,1987,NC2805,No Sugar,Household,OUT001,High,Tier 2,Supermarket Type1
9.65,0.133,124.45,1987,FD3786,Regular,Dairy,OUT001,High,Tier 2,Supermarket Type1
14.34,0.015,122.75,2009,NC5207,No Sugar,Others,OUT004,Medium,Tier 2,Supermarket Type2
14.55,0.092,197.58,1987,FD4430,Regular,Fruits and Vegetables,OUT001,High,Tier 2,Supermarket Type1
15.23,0.061,102.12,2009,FD8729,Low Sugar,Fruits and Vegetables,OUT004,Medium,Tier 2,Supermarket Type2
15.22,0.116,166.39,1999,NC2832,No Sugar,Household,OUT003,Medium,Tier 1,Departmental Store
12.92,0.04,136.02,2009,DR5017,Low Sugar,Hard Drinks,OUT004,Medium,Tier 2,Supermarket Type2
15.65,0.142,179.45,1987,NC3400,No Sugar,Household,OUT001,High,Tier 2,Supermarket Type1
9.82,0.086,95.63,1998,FD1553,Low Sugar,Snack Foods,OUT002,Small,Tier 3,Food Mart
16.87,0.053,149.08,1999,FD7868,Low Sugar,Frozen Foods,OUT003,Medium,Tier 1,Departmental Store
15.51,0.021,189.65,1999,NC4284,No Sugar,Household,OUT003,Medium,Tier 1,Departmental Store
11.91,0.033,105.17,1987,FD4724,Regular,Baking Goods,OUT001,High,Tier 2,Supermarket Type1
16.21,0.041,189.13,1999,FD5955,Regular,Fruits and Vegetables,OUT003,Medium,Tier 1,Departmental Store
7.73,0.03,122.19,1998,FD3883,Low Sugar,Meat,OUT002,Small,Tier 3,Food Mart
11.01,0.142,167.55,2009,DR1666,Low Sugar,Soft Drinks,OUT004,Medium,Tier 2,Supermarket Type2
15.76,0.032,201.96,1999,FD7917,Regular,Canned,OUT003,Medium,Tier 1,Departmental Store
13.84,0.044,159.88,2009,NC7483,No Sugar,Health and Hygiene,OUT004,Medium,Tier 2,Supermarket Type2
13.17,0.055,145.4,2009,FD7823,Low Sugar,Snack Foods,OUT004,Medium,Tier 2,Supermarket Type2
10.43,0.09,117.52,1987,FD1333,Low Sugar,Snack Foods,OUT001,High,Tier 2,Supermarket Type1
10.3,0.127,126.85,2009,DR4069,Low Sugar,Soft Drinks,OUT004,Medium,Tier 2,Supermarket Type2
9.9,0.013,139.2,1999,NC475,No Sugar,Health and Hygiene,OUT003,Medium,Tier 1,Departmental Store
15.49,0.054,163.02,1999,FD5262,Regular,Meat,OUT003,Medium,Tier 1,Departmental Store
10.29,0.088,99.94,1998,FD6849,Regular,Fruits and Vegetables,OUT002,Small,Tier 3,Food Mart
14.13,0.049,134.47,2009,NC1970,No Sugar,Household,OUT004,Medium,Tier 2,Supermarket Type2
13.49,0.071,145.6,2009,FD5790,Low Sugar,Breakfast,OUT004,Medium,Tier 2,Supermarket Type2
12.44,0.045,149.44,2009,FD2054,Low Sugar,Dairy,OUT004,Medium,Tier 2,Supermarket Type2
13.37,0.095,171.76,1998,FD514,Regular,Breakfast,OUT002,Small,Tier 3,Food Mart
14.4,0.039,182.76,1987,FD5937,Regular,Snack Foods,OUT001,High,Tier 2,Supermarket Type1
13.06,0.162,132.86,2009,FD7873,Low Sugar,Starchy Foods,OUT004,Medium,Tier 2,Supermarket Type2
11.94,0.104,158.99,2009,FD3043,Low Sugar,Canned,OUT004,Medium,Tier 2,Supermarket Type2
9.96,0.036,137.0,2009,FD8330,Regular,Snack Foods,OUT004,Medium,Tier 2,Supermarket Type2
14.26,0.013,163.94,1987,NC2163,No Sugar,Household,OUT001,High,Tier 2,Supermarket Type1
12.7,0.076,209.05,1987,NC7863,No Sugar,Household,OUT001,High,Tier 2,Supermarket Type1
10.36,0.043,126.49,2009,DR3512,Low Sugar,Hard Drinks,OUT004,Medium,Tier 2,Supermarket Type2
12.36,0.017,167.0,2009,FD3867,Low Sugar,Seafood,OUT004,Medium,Tier 2,Supermarket Type2
8.9,0.076,143.36,2009,FD3099,Regular,Baking Goods,OUT004,Medium,Tier 2,Supermarket Type2
13.73,0.05,139.12,2009,NC7298,No Sugar,Household,OUT004,Medium,Tier 2,Supermarket Type2
15.7,0.009,159.46,1999,FD4070,Regular,Meat,OUT003,Medium,Tier 1,Departmental Store
10.88,0.095,111.96,1987,NC7158,No Sugar,Household,OUT001,High,Tier 2,Supermarket Type1
13.77,0.015,155.54,2009,FD1806,Low Sugar,Fruits and Vegetables,OUT004,Medium,Tier 2,Supermarket Type2
8.49,0.112,133.27,1998,FD5830,Low Sugar,Baking Goods,OUT002,Small,Tier 3,Food Mart
12.67,0.047,124.48,2009,FD5753,reg,Frozen Foods,OUT004,Medium,Tier 2,Supermarket Type2
15.97,0.064,187.64,1999,FD6637,Low Sugar,Breads,OUT003,Medium,Tier 1,Departmental Store
13.46,0.036,183.41,1999,FD4372,Low Sugar,Fruits and Vegetables,OUT003,Medium,Tier 1,Departmental Store
10.74,0.183,129.43,2009,FD2420,Low Sugar,Canned,OUT004,Medium,Tier 2,Supermarket Type2
12.05,0.175,122.68,2009,FD8135,Regular,Canned,OUT004,Medium,Tier 2,Supermarket Type2
11.71,0.106,195.75,1999,FD5652,Low Sugar,Dairy,OUT003,Medium,Tier 1,Departmental Store
10.38,0.014,107.67,1998,FD2020,Low Sugar,Baking Goods,OUT002,Small,Tier 3,Food Mart
15.54,0.068,174.46,1987,FD3100,Regular,Fruits and Vegetables,OUT001,High,Tier 2,Supermarket Type1
12.35,0.185,131.65,2009,FD812,Regular,Canned,OUT004,Medium,Tier 2,Supermarket Type2
11.95,0.052,112.04,2009,NC7408,No Sugar,Household,OUT004,Medium,Tier 2,Supermarket Type2
13.82,0.021,162.84,1987,NC3322,No Sugar,Health and Hygiene,OUT001,High,Tier 2,Supermarket Type1
11.59,0.065,139.67,2009,FD1290,Low Sugar,Frozen Foods,OUT004,Medium,Tier 2,Supermarket Type2
15.34,0.076,123.15,2009,FD796,Low Sugar,Snack Foods,OUT004,Medium,Tier 2,Supermarket Type2
11.3,0.282,173.55,2009,FD2498,Low Sugar,Baking Goods,OUT004,Medium,Tier 2,Supermarket Type2
12.8,0.03,156.3,2009,FD2702,Regular,Baking Goods,OUT004,Medium,Tier 2,Supermarket Type2
12.67,0.016,176.07,1987,FD5308,Regular,Snack Foods,OUT001,High,Tier 2,Supermarket Type1
8.99,0.045,73.33,1998,DR6398,Low Sugar,Hard Drinks,OUT002,Small,Tier 3,Food Mart
10.95,0.066,171.68,2009,FD3511,Low Sugar,Breakfast,OUT004,Medium,Tier 2,Supermarket Type2
15.44,0.099,194.71,1999,FD1692,Regular,Meat,OUT003,Medium,Tier 1,Departmental Store
13.29,0.21,162.14,2009,FD1051,Low Sugar,Canned,OUT004,Medium,Tier 2,Supermarket Type2
13.25,0.073,137.13,2009,FD7099,Low Sugar,Baking Goods,OUT004,Medium,Tier 2,Supermarket Type2
12.09,0.043,149.17,2009,DR1676,Regular,Soft Drinks,OUT004,Medium,Tier 2,Supermarket Type2
15.89,0.03,148.23,1999,FD7214,Low Sugar,Snack Foods,OUT003,Medium,Tier 1,Departmental Store
14.8,0.014,115.71,2009,FD6556,Low Sugar,Breads,OUT004,Medium,Tier 2,Supermarket Type2
15.46,0.091,218.09,1999,FD7834,Regular,Dairy,OUT003,Medium,Tier 1,Departmental Store
14.11,0.079,171.77,1999,FD4916,Low Sugar,Baking Goods,OUT003,Medium,Tier 1,Departmental Store
8.2,0.114,156.97,2009,FD8591,Low Sugar,Snack Foods,OUT004,Medium,Tier 2,Supermarket Type2
14.39,0.057,184.41,1987,FD4568,reg,Baking Goods,OUT001,High,Tier 2,Supermarket Type1
9.21,0.01,144.35,1999,FD460,Low Sugar,Baking Goods,OUT003,Medium,Tier 1,Departmental Store
11.48,0.01,161.03,2009,NC2844,No Sugar,Health and Hygiene,OUT004,Medium,Tier 2,Supermarket Type2
14.76,0.166,130.05,2009,FD5358,Low Sugar,Snack Foods,OUT004,Medium,Tier 2,Supermarket Type2
15.2,0.045,183.49,1987,NC3174,No Sugar,Health and Hygiene,OUT001,High,Tier 2,Supermarket Type1
13.26,0.28,137.37,2009,FD2580,Regular,Dairy,OUT004,Medium,Tier 2,Supermarket Type2
14.37,0.013,121.08,2009,FD825,Regular,Fruits and Vegetables,OUT004,Medium,Tier 2,Supermarket Type2
13.62,0.069,134.47,2009,FD3364,Low Sugar,Meat,OUT004,Medium,Tier 2,Supermarket Type2
14.47,0.115,170.55,1999,FD3982,Low Sugar,Dairy,OUT003,Medium,Tier 1,Departmental Store
12.9,0.025,172.85,1987,FD3645,Regular,Starchy Foods,OUT001,High,Tier 2,Supermarket Type1
8.93,0.053,125.75,1998,FD5789,Low Sugar,Dairy,OUT002,Small,Tier 3,Food Mart
13.42,0.011,97.93,2009,FD2037,Regular,Meat,OUT004,Medium,Tier 2,Supermarket Type2
12.35,0.038,117.82,2009,FD5972,Low Sugar,Dairy,OUT004,Medium,Tier 2,Supermarket Type2
15.23,0.067,254.34,1999,FD5995,Regular,Fruits and Vegetables,OUT003,Medium,Tier 1,Departmental Store
13.91,0.12,128.0,2009,NC3996,No Sugar,Health and Hygiene,OUT004,Medium,Tier 2,Supermarket Type2
13.45,0.03,148.09,2009,DR4746,Low Sugar,Hard Drinks,OUT004,Medium,Tier 2,Supermarket Type2
13.49,0.049,152.38,2009,FD5895,Low Sugar,Fruits and Vegetables,OUT004,Medium,Tier 2,Supermarket Type2
12.01,0.167,157.32,2009,FD8002,Low Sugar,Dairy,OUT004,Medium,Tier 2,Supermarket Type2
11.42,0.029,138.95,2009,FD3949,Low Sugar,Seafood,OUT004,Medium,Tier 2,Supermarket Type2
11.74,0.107,155.03,2009,FD8727,Low Sugar,Dairy,OUT004,Medium,Tier 2,Supermarket Type2
16.45,0.052,173.16,1999,FD1793,Low Sugar,Meat,OUT003,Medium,Tier 1,Departmental Store
15.72,0.123,186.22,1999,FD3029,Low Sugar,Starchy Foods,OUT003,Medium,Tier 1,Departmental Store
10.82,0.103,144.35,2009,FD2339,Low Sugar,Snack Foods,OUT004,Medium,Tier 2,Supermarket Type2
11.17,0.028,129.35,2009,NC7972,No Sugar,Household,OUT004,Medium,Tier 2,Supermarket Type2
13.23,0.061,127.23,2009,FD7708,Low Sugar,Frozen Foods,OUT004,Medium,Tier 2,Supermarket Type2
13.85,0.054,216.44,1999,FD6307,Low Sugar,Fruits and Vegetables,OUT003,Medium,Tier 1,Departmental Store
14.5,0.052,151.13,2009,FD2231,Low Sugar,Snack Foods,OUT004,Medium,Tier 2,Supermarket Type2
13.88,0.068,159.78,2009,FD5956,Regular,Fruits and Vegetables,OUT004,Medium,Tier 2,Supermarket Type2
13.32,0.039,166.56,1987,FD6496,Regular,Fruits and Vegetables,OUT001,High,Tier 2,Supermarket Type1
12.14,0.142,149.87,1998,FD327,Low Sugar,Meat,OUT002,Small,Tier 3,Food Mart
9.0,0.021,103.73,1998,FD5370,Regular,Baking Goods,OUT002,Small,Tier 3,Food Mart
13.94,0.088,189.15,1987,FD2612,Low Sugar,Fruits and Vegetables,OUT001,High,Tier 2,Supermarket Type1
10.72,0.097,130.54,2009,FD4679,Regular,Frozen Foods,OUT004,Medium,Tier 2,Supermarket Type2
11.04,0.033,119.75,2009,FD8455,Regular,Dairy,OUT004,Medium,Tier 2,Supermarket Type2
12.51,0.116,119.07,2009,FD8398,Regular,Canned,OUT004,Medium,Tier 2,Supermarket Type2
16.67,0.046,202.84,1999,NC3219,No Sugar,Household,OUT003,Medium,Tier 1,Departmental Store
16.53,0.037,169.09,1987,FD6438,Low Sugar,Dairy,OUT001,High,Tier 2,Supermarket Type1
12.84,0.072,150.22,2009,FD4373,Low Sugar,Dairy,OUT004,Medium,Tier 2,Supermarket Type2
9.41,0.054,102.47,1998,DR7816,Low Sugar,Soft Drinks,OUT002,Small,Tier 3,Food Mart
13.3,0.046,152.97,2009,NC2023,No Sugar,Household,OUT004,Medium,Tier 2,Supermarket Type2
11.18,0.159,121.69,2009,FD3609,Low Sugar,Baking Goods,OUT004,Medium,Tier 2,Supermarket Type2
12.44,0.135,119.38,2009,FD6176,Low Sugar,Dairy,OUT004,Medium,Tier 2,Supermarket Type2
12.23,0.078,161.37,2009,FD5152,Low Sugar,Fruits and Vegetables,OUT004,Medium,Tier 2,Supermarket Type2
9.04,0.025,129.15,1998,FD3958,Low Sugar,Snack Foods,OUT002,Small,Tier 3,Food Mart
8.24,0.066,64.4,1998,FD8334,Low Sugar,Meat,OUT002,Small,Tier 3,Food Mart
8.69,0.087,92.38,1998,NC6067,No Sugar,Household,OUT002,Small,Tier 3,Food Mart
13.53,0.149,144.49,2009,NC8088,No Sugar,Health and Hygiene,OUT004,Medium,Tier 2,Supermarket Type2
10.71,0.079,111.89,1998,NC3194,No Sugar,Health and Hygiene,OUT002,Small,Tier 3,Food Mart
17.54,0.041,159.44,1999,FD802,Low Sugar,Snack Foods,OUT003,Medium,Tier 1,Departmental Store
15.25,0.008,228.55,1999,FD4272,reg,Baking Goods,OUT003,Medium,Tier 1,Departmental Store
13.36,0.102,143.48,2009,FD8336,Regular,Fruits and Vegetables,OUT004,Medium,Tier 2,Supermarket Type2
16.85,0.058,170.34,1999,NC1211,No Sugar,Health and Hygiene,OUT003,Medium,Tier 1,Departmental Store
14.62,0.166,210.23,1999,NC3074,No Sugar,Others,OUT003,Medium,Tier 1,Departmental Store
14.35,0.043,129.57,2009,FD5162,Low Sugar,Snack Foods,OUT004,Medium,Tier 2,Supermarket Type2
14.28,0.031,162.08,1987,FD5075,Regular,Canned,OUT001,High,Tier 2,Supermarket Type1
15.46,0.021,191.51,1999,FD7337,Low Sugar,Fruits and Vegetables,OUT003,Medium,Tier 1,Departmental Store
11.21,0.128,100.08,1998,FD8272,Low Sugar,Fruits and Vegetables,OUT002,Small,Tier 3,Food Mart
16.57,0.036,192.61,1999,FD7076,Low Sugar,Baking Goods,OUT003,Medium,Tier 1,Departmental Store
17.14,0.105,167.24,1999,NC4218,No Sugar,Household,OUT003,Medium,Tier 1,Departmental Store
12.03,0.048,176.72,2009,FD463,Low Sugar,Dairy,OUT004,Medium,Tier 2,Supermarket Type2
12.16,0.059,157.33,2009,FD5632,Low Sugar,Snack Foods,OUT004,Medium,Tier 2,Supermarket Type2
14.28,0.077,162.93,1987,NC6577,No Sugar,Household,OUT001,High,Tier 2,Supermarket Type1
13.38,0.03,130.7,2009,NC8754,No Sugar,Household,OUT004,Medium,Tier 2,Supermarket Type2
12.44,0.05,115.78,2009,FD295,Low Sugar,Dairy,OUT004,Medium,Tier 2,Supermarket Type2
13.91,0.046,162.65,1987,DR3573,Regular,Soft Drinks,OUT001,High,Tier 2,Supermarket Type1
16.07,0.167,148.86,1999,FD2412,Low Sugar,Meat,OUT003,Medium,Tier 1,Departmental Store
12.5,0.048,157.76,2009,FD5903,Low Sugar,Fruits and Vegetables,OUT004,Medium,Tier 2,Supermarket Type2
12.08,0.011,143.91,2009,FD8396,Low Sugar,Fruits and Vegetables,OUT004,Medium,Tier 2,Supermarket Type2
12.81,0.16,159.7,2009,NC2507,No Sugar,Household,OUT004,Medium,Tier 2,Supermarket Type2
14.2,0.033,135.22,2009,FD8319,Low Sugar,Fruits and Vegetables,OUT004,Medium,Tier 2,Supermarket Type2
10.02,0.032,146.9,2009,FD3030,Low Sugar,Frozen Foods,OUT004,Medium,Tier 2,Supermarket Type2
11.32,0.063,128.01,2009,FD2355,Low Sugar,Meat,OUT004,Medium,Tier 2,Supermarket Type2
11.45,0.124,125.22,2009,FD3727,Regular,Canned,OUT004,Medium,Tier 2,Supermarket Type2
14.73,0.173,136.46,2009,NC3628,No Sugar,Health and Hygiene,OUT004,Medium,Tier 2,Supermarket Type2
16.09,0.098,150.38,1999,FD2569,Regular,Breakfast,OUT003,Medium,Tier 1,Departmental Store
10.7,0.089,112.28,1987,FD4445,Low Sugar,Meat,OUT001,High,Tier 2,Supermarket Type1
13.28,0.104,143.17,2009,FD7111,Regular,Fruits and Vegetables,OUT004,Medium,Tier 2,Supermarket Type2
11.69,0.047,133.27,2009,FD4763,Low Sugar,Dairy,OUT004,Medium,Tier 2,Supermarket Type2
10.56,0.025,161.71,2009,FD5594,Low Sugar,Snack Foods,OUT004,Medium,Tier 2,Supermarket Type2
15.01,0.064,191.21,1987,FD7242,Low Sugar,Fruits and Vegetables,OUT001,High,Tier 2,Supermarket Type1
14.34,0.035,133.82,2009,FD6729,Regular,Dairy,OUT004,Medium,Tier 2,Supermarket Type2
8.97,0.049,95.58,1998,NC3091,No Sugar,Health and Hygiene,OUT002,Small,Tier 3,Food Mart
14.38,0.028,179.28,1987,NC809,No Sugar,Household,OUT001,High,Tier 2,Supermarket Type1
12.26,0.058,132.85,2009,FD6207,Low Sugar,Fruits and Vegetables,OUT004,Medium,Tier 2,Supermarket Type2
10.38,0.094,96.67,1998,NC5920,No Sugar,Household,OUT002,Small,Tier 3,Food Mart
13.75,0.061,164.34,1987,FD1557,Low Sugar,Fruits and Vegetables,OUT001,High,Tier 2,Supermarket Type1
13.45,0.08,148.98,2009,FD8096,Low Sugar,Starchy Foods,OUT004,Medium,Tier 2,Supermarket Type2
14.11,0.063,160.54,1987,FD6810,Regular,Fruits and Vegetables,OUT001,High,Tier 2,Supermarket Type1
12.47,0.017,174.78,2009,NC3164,No Sugar,Health and Hygiene,OUT004,Medium,Tier 2,Supermarket Type2
12.11,0.129,124.48,2009,DR3127,Low Sugar,Soft Drinks,OUT004,Medium,Tier 2,Supermarket Type2
13.56,0.091,181.83,1999,FD7562,Low Sugar,Canned,OUT003,Medium,Tier 1,Departmental Store
10.3,0.01,122.52,1987,FD6621,Low Sugar,Fruits and Vegetables,OUT001,High,Tier 2,Supermarket Type1
10.64,0.02,165.99,2009,DR2699,Low Sugar,Hard Drinks,OUT004,Medium,Tier 2,Supermarket Type2
12.8,0.03,135.8,2009,FD3818,Low Sugar,Frozen Foods,OUT004,Medium,Tier 2,Supermarket Type2
7.53,0.021,143.66,1998,FD8324,Low Sugar,Dairy,OUT002,Small,Tier 3,Food Mart
12.5,0.022,138.26,2009,FD7157,Low Sugar,Fruits and Vegetables,OUT004,Medium,Tier 2,Supermarket Type2
12.33,0.212,140.7,2009,NC1911,No Sugar,Household,OUT004,Medium,Tier 2,Supermarket Type2
14.14,0.021,155.28,2009,FD3039,Low Sugar,Canned,OUT004,Medium,Tier 2,Supermarket Type2
12.22,0.09,142.25,2009,NC1291,No Sugar,Household,OUT004,Medium,Tier 2,Supermarket Type2
10.77,0.083,180.96,2009,FD7137,reg,Meat,OUT004,Medium,Tier 2,Supermarket Type2
13.33,0.069,190.93,1987,FD1757,Low Sugar,Baking Goods,OUT001,High,Tier 2,Supermarket Type1
13.19,0.104,143.69,2009,FD6566,Regular,Starchy Foods,OUT004,Medium,Tier 2,Supermarket Type2
15.08,0.14,193.21,1987,FD2725,Low Sugar,Dairy,OUT001,High,Tier 2,Supermarket Type1
15.02,0.157,214.85,1999,FD2917,Low Sugar,Snack Foods,OUT003,Medium,Tier 1,Departmental Store
10.47,0.038,108.94,1998,FD5134,Low Sugar,Frozen Foods,OUT002,Small,Tier 3,Food Mart
11.27,0.065,122.63,2009,FD1397,Regular,Fruits and Vegetables,OUT004,Medium,Tier 2,Supermarket Type2
9.62,0.154,94.81,1998,NC6778,No Sugar,Household,OUT002,Small,Tier 3,Food Mart
10.89,0.007,113.48,1987,DR5106,Low Sugar,Soft Drinks,OUT001,High,Tier 2,Supermarket Type1
12.08,0.118,162.84,2009,NC7827,No Sugar,Household,OUT004,Medium,Tier 2,Supermarket Type2
12.42,0.053,188.37,1999,NC297,No Sugar,Others,OUT003,Medium,Tier 1,Departmental Store
11.47,0.041,116.17,2009,NC4616,No Sugar,Health and Hygiene,OUT004,Medium,Tier 2,Supermarket Type2
11.34,0.053,114.35,1987,FD2720,Low Sugar,Fruits and Vegetables,OUT001,High,Tier 2,Supermarket Type1
13.65,0.028,164.91,1987,FD6974,Low Sugar,Snack Foods,OUT001,High,Tier 2,Supermarket Type1
14.05,0.11,168.85,1999,FD908,Low Sugar,Fruits and Vegetables,OUT003,Medium,Tier 1,Departmental Store
13.01,0.054,144.54,2009,NC6437,No Sugar,Household,OUT004,Medium,Tier 2,Supermarket Type2
14.49,0.006,132.28,2009,FD2076,Low Sugar,Starchy Foods,OUT004,Medium,Tier 2,Supermarket Type2
13.48,0.097,122.58,2009,FD4839,Low Sugar,Snack Foods,OUT004,Medium,Tier 2,Supermarket Type2
9.91,0.044,136.33,2009,FD5907,Regular,Canned,OUT004,Medium,Tier 2,Supermarket Type2
12.95,0.045,91.27,1987,FD1710,Low Sugar,Canned,OUT001,High,Tier 2,Supermarket Type1
13.88,0.013,103.23,2009,FD6379,Low Sugar,Meat,OUT004,Medium,Tier 2,Supermarket Type2
11.26,0.092,96.32,1998,FD6396,Low Sugar,Canned,OUT002,Small,Tier 3,Food Mart
14.94,0.077,188.74,1987,NC8755,No Sugar,Household,OUT001,High,Tier 2,Supermarket Type1
16.62,0.033,166.03,1987,NC5133,No Sugar,Household,OUT001,High,Tier 2,Supermarket Type1
17.5,0.034,177.64,1999,FD6440,Regular,Baking Goods,OUT003,Medium,Tier 1,Departmental Store
14.47,0.031,142.74,2009,FD8429,Low Sugar,Fruits and Vegetables,OUT004,Medium,Tier 2,Supermarket Type2
14.19,0.052,170.91,1999,FD305,Low Sugar,Snack Foods,OUT003,Medium,Tier 1,Departmental Store
13.76,0.015,179.12,1999,FD7151,Low Sugar,Snack Foods,OUT003,Medium,Tier 1,Departmental Store
14.9,0.049,171.89,1987,NC378,No Sugar,Health and Hygiene,OUT001,High,Tier 2,Supermarket Type1
9.96,0.147,138.57,2009,NC968,No Sugar,Household,OUT004,Medium,Tier 2,Supermarket Type2
11.27,0.116,124.9,2009,FD7109,Low Sugar,Fruits and Vegetables,OUT004,Medium,Tier 2,Supermarket Type2
13.55,0.124,147.12,2009,DR684,Low Sugar,Soft Drinks,OUT004,Medium,Tier 2,Supermarket Type2
7.6,0.063,134.67,1998,NC375,No Sugar,Household,OUT002,Small,Tier 3,Food Mart
10.96,0.073,165.12,2009,FD3388,Regular,Frozen Foods,OUT004,Medium,Tier 2,Supermarket Type2
14.59,0.062,155.01,1987,NC3717,No Sugar,Household,OUT001,High,Tier 2,Supermarket Type1
15.97,0.015,155.56,1999,FD3977,Low Sugar,Snack Foods,OUT003,Medium,Tier 1,Departmental Store
16.38,0.02,203.99,1999,NC5001,No Sugar,Household,OUT003,Medium,Tier 1,Departmental Store
17.6,0.031,158.67,1999,FD875,Regular,Snack Foods,OUT003,Medium,Tier 1,Departmental Store
14.84,0.102,146.12,2009,FD5113,Low Sugar,Breakfast,OUT004,Medium,Tier 2,Supermarket Type2
14.7,0.047,131.68,2009,DR4182,Low Sugar,Soft Drinks,OUT004,Medium,Tier 2,Supermarket Type2
15.1,0.08,170.16,1999,FD783,Low Sugar,Canned,OUT003,Medium,Tier 1,Departmental Store
12.12,0.055,101.18,1987,FD737,Low Sugar,Snack Foods,OUT001,High,Tier 2,Supermarket Type1
9.23,0.038,105.33,1998,FD8010,Low Sugar,Frozen Foods,OUT002,Small,Tier 3,Food Mart
11.85,0.083,131.37,2009,NC6210,No Sugar,Household,OUT004,Medium,Tier 2,Supermarket Type2
8.53,0.089,132.08,1998,NC3740,No Sugar,Health and Hygiene,OUT002,Small,Tier 3,Food Mart
14.41,0.054,168.21,1999,NC3990,No Sugar,Health and Hygiene,OUT003,Medium,Tier 1,Departmental Store
12.83,0.017,207.05,1987,FD3674,Low Sugar,Meat,OUT001,High,Tier 2,Supermarket Type1
15.59,0.005,162.29,1999,FD2209,Low Sugar,Frozen Foods,OUT003,Medium,Tier 1,Departmental Store
13.02,0.054,153.36,2009,FD355,Low Sugar,Snack Foods,OUT004,Medium,Tier 2,Supermarket Type2
14.53,0.054,142.33,2009,FD701,Low Sugar,Seafood,OUT004,Medium,Tier 2,Supermarket Type2
9.65,0.043,109.7,1998,FD8679,Low Sugar,Meat,OUT002,Small,Tier 3,Food Mart
11.27,0.049,128.89,2009,DR1373,Low Sugar,Soft Drinks,OUT004,Medium,Tier 2,Supermarket Type2
12.7,0.013,126.66,2009,NC4988,No Sugar,Others,OUT004,Medium,Tier 2,Supermarket Type2
10.61,0.074,113.98,1987,NC7845,No Sugar,Household,OUT001,High,Tier 2,Supermarket Type1
7.35,0.087,114.53,1999,DR58,Regular,Hard Drinks,OUT003,Medium,Tier 1,Departmental Store
14.03,0.017,198.32,1987,FD4173,Low Sugar,Frozen Foods,OUT001,High,Tier 2,Supermarket Type1
11.4,0.074,127.87,2009,FD2858,Regular,Snack Foods,OUT004,Medium,Tier 2,Supermarket Type2
13.47,0.021,126.33,2009,NC6527,No Sugar,Household,OUT004,Medium,Tier 2,Supermarket Type2
7.71,0.029,148.91,1998,FD1,Low Sugar,Meat,OUT002,Small,Tier 3,Food Mart
12.82,0.009,119.88,2009,FD995,Regular,Meat,OUT004,Medium,Tier 2,Supermarket Type2
10.35,0.017,95.05,1998,FD6696,reg,Fruits and Vegetables,OUT002,Small,Tier 3,Food Mart
15.45,0.2,206.62,1999,FD2665,Low Sugar,Canned,OUT003,Medium,Tier 1,Departmental Store
13.87,0.104,170.58,1999,DR6367,Regular,Soft Drinks,OUT003,Medium,Tier 1,Departmental Store
11.5,0.149,140.08,2009,FD3186,Regular,Frozen Foods,OUT004,Medium,Tier 2,Supermarket Type2
15.83,0.041,202.6,1999,FD4962,Low Sugar,Fruits and Vegetables,OUT003,Medium,Tier 1,Departmental Store
10.95,0.032,165.57,2009,NC7277,No Sugar,Others,OUT004,Medium,Tier 2,Supermarket Type2
15.09,0.114,114.89,2009,FD412,Regular,Starchy Foods,OUT004,Medium,Tier 2,Supermarket Type2
7.69,0.025,111.11,1998,NC1661,No Sugar,Household,OUT002,Small,Tier 3,Food Mart
16.76,0.177,156.14,1987,FD8695,Low Sugar,Dairy,OUT001,High,Tier 2,Supermarket Type1
15.46,0.042,185.91,1987,FD2005,Regular,Fruits and Vegetables,OUT001,High,Tier 2,Supermarket Type1
12.16,0.022,171.91,2009,FD3673,Low Sugar,Fruits and Vegetables,OUT004,Medium,Tier 2,Supermarket Type2
9.23,0.022,146.69,2009,FD4738,Low Sugar,Frozen Foods,OUT004,Medium,Tier 2,Supermarket Type2
14.41,0.12,202.29,1987,FD7690,Low Sugar,Snack Foods,OUT001,High,Tier 2,Supermarket Type1
11.0,0.038,100.66,1998,FD429,Low Sugar,Fruits and Vegetables,OUT002,Small,Tier 3,Food Mart
13.21,0.138,110.99,2009,FD1466,Low Sugar,Fruits and Vegetables,OUT004,Medium,Tier 2,Supermarket Type2
13.03,0.043,166.58,2009,FD8275,Low Sugar,Baking Goods,OUT004,Medium,Tier 2,Supermarket Type2
10.82,0.043,172.87,2009,FD3057,Regular,Meat,OUT004,Medium,Tier 2,Supermarket Type2
13.31,0.14,165.0,2009,DR1006,Low Sugar,Soft Drinks,OUT004,Medium,Tier 2,Supermarket Type2
14.42,0.036,162.86,1998,FD451,Regular,Dairy,OUT002,Small,Tier 3,Food Mart
10.08,0.097,165.38,2009,DR4946,Regular,Soft Drinks,OUT004,Medium,Tier 2,Supermarket Type2
11.98,0.054,182.9,1987,FD7500,Low Sugar,Baking Goods,OUT001,High,Tier 2,Supermarket Type1
12.41,0.13,171.3,2009,FD1990,Low Sugar,Baking Goods,OUT004,Medium,Tier 2,Supermarket Type2
13.36,0.142,166.4,1987,NC3168,No Sugar,Health and Hygiene,OUT001,High,Tier 2,Supermarket Type1
9.43,0.09,113.1,1998,FD4012,Low Sugar,Fruits and Vegetables,OUT002,Small,Tier 3,Food Mart
10.25,0.016,150.06,2009,NC715,No Sugar,Household,OUT004,Medium,Tier 2,Supermarket Type2
9.79,0.006,161.0,2009,FD3548,Low Sugar,Fruits and Vegetables,OUT004,Medium,Tier 2,Supermarket Type2
11.5,0.103,173.28,2009,FD6063,Regular,Frozen Foods,OUT004,Medium,Tier 2,Supermarket Type2
11.34,0.049,187.99,2009,NC4886,No Sugar,Household,OUT004,Medium,Tier 2,Supermarket Type2
14.99,0.034,188.32,1987,FD6975,Regular,Meat,OUT001,High,Tier 2,Supermarket Type1
11.21,0.06,178.28,2009,FD1132,Regular,Fruits and Vegetables,OUT004,Medium,Tier 2,Supermarket Type2
14.28,0.039,157.16,1987,DR8074,Low Sugar,Soft Drinks,OUT001,High,Tier 2,Supermarket Type1
14.85,0.03,215.25,1999,FD4446,Regular,Snack Foods,OUT003,Medium,Tier 1,Departmental Store
17.08,0.114,156.15,1987,FD4398,Low Sugar,Fruits and Vegetables,OUT001,High,Tier 2,Supermarket Type1
14.11,0.069,150.74,2009,FD3129,Regular,Baking Goods,OUT004,Medium,Tier 2,Supermarket Type2
11.15,0.165,131.87,2009,FD2980,Low Sugar,Baking Goods,OUT004,Medium,Tier 2,Supermarket Type2
12.1,0.006,108.13,2009,FD2599,Regular,Frozen Foods,OUT004,Medium,Tier 2,Supermarket Type2
14.83,0.057,181.34,1987,FD8457,Regular,Meat,OUT001,High,Tier 2,Supermarket Type1
13.07,0.019,123.23,2009,FD4490,Low Sugar,Fruits and Vegetables,OUT004,Medium,Tier 2,Supermarket Type2
12.6,0.037,154.94,2009,FD3117,Regular,Dairy,OUT004,Medium,Tier 2,Supermarket Type2
13.76,0.073,171.5,1999,FD1588,Regular,Dairy,OUT003,Medium,Tier 1,Departmental Store
8.19,0.03,121.32,1998,FD1568,Regular,Meat,OUT002,Small,Tier 3,Food Mart
9.95,0.032,112.26,1998,FD1214,Regular,Meat,OUT002,Small,Tier 3,Food Mart
10.95,0.011,118.31,1987,FD6773,Low Sugar,Canned,OUT001,High,Tier 2,Supermarket Type1
12.74,0.021,173.87,1987,NC8174,No Sugar,Health and Hygiene,OUT001,High,Tier 2,Supermarket Type1
15.15,0.047,142.13,2009,FD1544,Low Sugar,Frozen Foods,OUT004,Medium,Tier 2,Supermarket Type2
10.93,0.037,107.15,1998,FD7514,Low Sugar,Fruits and Vegetables,OUT002,Small,Tier 3,Food Mart
12.08,0.048,127.74,2009,FD4997,Low Sugar,Meat,OUT004,Medium,Tier 2,Supermarket Type2
11.8,0.019,97.54,1998,FD5896,Low Sugar,Frozen Foods,OUT002,Small,Tier 3,Food Mart
13.34,0.033,180.09,1999,FD2660,Low Sugar,Snack Foods,OUT003,Medium,Tier 1,Departmental Store
12.51,0.019,123.78,2009,FD5440,Low Sugar,Fruits and Vegetables,OUT004,Medium,Tier 2,Supermarket Type2
13.08,0.05,189.87,1999,FD4621,Regular,Snack Foods,OUT003,Medium,Tier 1,Departmental Store
14.21,0.083,158.74,1987,FD2970,Low Sugar,Baking Goods,OUT001,High,Tier 2,Supermarket Type1
13.16,0.116,151.84,2009,FD4055,Low Sugar,Fruits and Vegetables,OUT004,Medium,Tier 2,Supermarket Type2
13.36,0.067,130.26,2009,NC2913,No Sugar,Health and Hygiene,OUT004,Medium,Tier 2,Supermarket Type2
11.44,0.162,152.76,2009,FD7722,Low Sugar,Dairy,OUT004,Medium,Tier 2,Supermarket Type2
14.68,0.108,220.49,1999,FD645,Low Sugar,Meat,OUT003,Medium,Tier 1,Departmental Store
14.46,0.116,177.96,1999,FD5913,Low Sugar,Baking Goods,OUT003,Medium,Tier 1,Departmental Store
7.03,0.088,129.3,1998,FD5701,Regular,Canned,OUT002,Small,Tier 3,Food Mart
15.6,0.02,171.47,1987,FD1098,Low Sugar,Breads,OUT001,High,Tier 2,Supermarket Type1
12.19,0.017,131.52,2009,FD8364,Low Sugar,Dairy,OUT004,Medium,Tier 2,Supermarket Type2
11.63,0.04,152.7,2009,FD3095,Low Sugar,Snack Foods,OUT004,Medium,Tier 2,Supermarket Type2
11.55,0.093,115.86,2009,FD6112,Low Sugar,Breads,OUT004,Medium,Tier 2,Supermarket Type2
10.95,0.081,133.99,2009,FD7434,Low Sugar,Canned,OUT004,Medium,Tier 2,Supermarket Type2
7.86,0.12,144.42,1987,FD2538,Low Sugar,Snack Foods,OUT001,High,Tier 2,Supermarket Type1
10.78,0.016,95.76,1998,FD8763,Low Sugar,Breads,OUT002,Small,Tier 3,Food Mart
10.67,0.177,135.05,2009,NC8123,No Sugar,Health and Hygiene,OUT004,Medium,Tier 2,Supermarket Type2
15.58,0.061,153.82,1998,FD562,Low Sugar,Canned,OUT002,Small,Tier 3,Food Mart
11.83,0.228,126.53,2009,FD5629,Low Sugar,Meat,OUT004,Medium,Tier 2,Supermarket Type2
13.75,0.054,148.99,2009,FD2318,Low Sugar,Fruits and Vegetables,OUT004,Medium,Tier 2,Supermarket Type2
11.63,0.022,136.05,2009,FD5465,Low Sugar,Meat,OUT004,Medium,Tier 2,Supermarket Type2
11.95,0.096,120.64,2009,FD8693,Low Sugar,Frozen Foods,OUT004,Medium,Tier 2,Supermarket Type2
13.29,0.128,192.34,1998,FD351,Low Sugar,Fruits and Vegetables,OUT002,Small,Tier 3,Food Mart
10.73,0.141,140.08,2009,FD3543,Low Sugar,Frozen Foods,OUT004,Medium,Tier 2,Supermarket Type2
15.38,0.145,168.12,1987,FD411,Regular,Dairy,OUT001,High,Tier 2,Supermarket Type1
16.28,0.13,161.79,1987,FD7886,Low Sugar,Fruits and Vegetables,OUT001,High,Tier 2,Supermarket Type1
11.34,0.144,152.01,2009,FD5339,Low Sugar,Snack Foods,OUT004,Medium,Tier 2,Supermarket Type2
8.87,0.062,134.27,1987,FD4640,Low Sugar,Fruits and Vegetables,OUT001,High,Tier 2,Supermarket Type1
18.26,0.031,174.31,1999,DR7730,Low Sugar,Soft Drinks,OUT003,Medium,Tier 1,Departmental Store
12.13,0.052,114.97,2009,NC3124,No Sugar,Household,OUT004,Medium,Tier 2,Supermarket Type2
12.1,0.055,138.4,2009,NC8331,No Sugar,Household,OUT004,Medium,Tier 2,Supermarket Type2
15.24,0.024,165.87,1999,NC6747,No Sugar,Others,OUT003,Medium,Tier 1,Departmental Store
11.26,0.074,151.55,2009,NC1672,No Sugar,Household,OUT004,Medium,Tier 2,Supermarket Type2
15.14,0.094,162.51,1999,FD3558,Low Sugar,Meat,OUT003,Medium,Tier 1,Departmental Store
10.66,0.021,135.28,2009,FD646,Regular,Baking Goods,OUT004,Medium,Tier 2,Supermarket Type2
12.94,0.124,198.96,1998,FD314,Low Sugar,Canned,OUT002,Small,Tier 3,Food Mart
10.15,0.016,135.23,2009,FD192,Regular,Fruits and Vegetables,OUT004,Medium,Tier 2,Supermarket Type2
12.24,0.006,107.48,2009,FD8560,Low Sugar,Frozen Foods,OUT004,Medium,Tier 2,Supermarket Type2
12.64,0.065,115.04,2009,NC2031,No Sugar,Household,OUT004,Medium,Tier 2,Supermarket Type2
15.07,0.082,167.61,1999,FD6784,Low Sugar,Frozen Foods,OUT003,Medium,Tier 1,Departmental Store
13.7,0.081,158.61,2009,FD2181,Regular,Starchy Foods,OUT004,Medium,Tier 2,Supermarket Type2
11.54,0.016,126.03,2009,FD3125,Low Sugar,Frozen Foods,OUT004,Medium,Tier 2,Supermarket Type2
12.56,0.048,109.71,2009,FD1549,Regular,Breads,OUT004,Medium,Tier 2,Supermarket Type2
13.91,0.162,110.35,2009,FD3631,Low Sugar,Fruits and Vegetables,OUT004,Medium,Tier 2,Supermarket Type2
8.85,0.123,113.28,1998,FD4522,Low Sugar,Canned,OUT002,Small,Tier 3,Food Mart
13.69,0.024,148.11,2009,FD4611,reg,Canned,OUT004,Medium,Tier 2,Supermarket Type2
12.33,0.112,165.25,2009,FD3601,Regular,Frozen Foods,OUT004,Medium,Tier 2,Supermarket Type2
13.56,0.042,121.49,2009,FD4695,Regular,Baking Goods,OUT004,Medium,Tier 2,Supermarket Type2
9.37,0.027,133.89,1987,FD3750,Low Sugar,Fruits and Vegetables,OUT001,High,Tier 2,Supermarket Type1
11.81,0.188,109.81,2009,FD1084,Low Sugar,Fruits and Vegetables,OUT004,Medium,Tier 2,Supermarket Type2
13.9,0.095,185.63,1987,FD2821,Low Sugar,Snack Foods,OUT001,High,Tier 2,Supermarket Type1
16.34,0.047,162.07,1987,FD6426,Low Sugar,Snack Foods,OUT001,High,Tier 2,Supermarket Type1
7.65,0.111,92.53,1998,FD6526,Low Sugar,Snack Foods,OUT002,Small,Tier 3,Food Mart
10.56,0.119,104.91,1998,FD2088,Regular,Fruits and Vegetables,OUT002,Small,Tier 3,Food Mart
13.33,0.075,170.77,1987,FD7532,Low Sugar,Fruits and Vegetables,OUT001,High,Tier 2,Supermarket Type1
12.75,0.038,103.29,2009,FD2620,Low Sugar,Meat,OUT004,Medium,Tier 2,Supermarket Type2
11.92,0.039,136.88,2009,FD1205,Low Sugar,Frozen Foods,OUT004,Medium,Tier 2,Supermarket Type2
13.88,0.042,138.31,2009,FD3954,Regular,Dairy,OUT004,Medium,Tier 2,Supermarket Type2
12.46,0.053,155.15,2009,NC7084,No Sugar,Others,OUT004,Medium,Tier 2,Supermarket Type2
13.4,0.031,157.42,2009,FD40,Low Sugar,Snack Foods,OUT004,Medium,Tier 2,Supermarket Type2
13.25,0.127,148.01,2009,DR8370,Low Sugar,Hard Drinks,OUT004,Medium,Tier 2,Supermarket Type2
10.84,0.062,100.32,1998,FD2066,Regular,Frozen Foods,OUT002,Small,Tier 3,Food Mart
13.39,0.041,159.07,2009,FD6061,Low Sugar,Snack Foods,OUT004,Medium,Tier 2,Supermarket Type2
12.39,0.026,160.13,2009,FD4939,Low Sugar,Canned,OUT004,Medium,Tier 2,Supermarket Type2
9.25,0.015,117.89,1998,NC5467,No Sugar,Health and Hygiene,OUT002,Small,Tier 3,Food Mart
18.74,0.052,199.51,1999,FD8378,Low Sugar,Fruits and Vegetables,OUT003,Medium,Tier 1,Departmental Store
13.46,0.065,162.02,2009,FD5615,Low Sugar,Fruits and Vegetables,OUT004,Medium,Tier 2,Supermarket Type2
11.29,0.067,103.72,1998,FD7025,Low Sugar,Snack Foods,OUT002,Small,Tier 3,Food Mart
14.72,0.015,164.27,1987,DR542,Low Sugar,Soft Drinks,OUT001,High,Tier 2,Supermarket Type1
11.28,0.032,159.45,2009,FD4160,Low Sugar,Snack Foods,OUT004,Medium,Tier 2,Supermarket Type2
16.24,0.018,128.41,2009,FD787,Low Sugar,Baking Goods,OUT004,Medium,Tier 2,Supermarket Type2
14.34,0.031,121.28,2009,NC273,No Sugar,Health and Hygiene,OUT004,Medium,Tier 2,Supermarket Type2
11.36,0.039,138.6,2009,FD8114,Low Sugar,Meat,OUT004,Medium,Tier 2,Supermarket Type2
10.59,0.009,136.19,2009,DR923,Regular,Hard Drinks,OUT004,Medium,Tier 2,Supermarket Type2
12.77,0.029,141.33,2009,FD2083,Low Sugar,Snack Foods,OUT004,Medium,Tier 2,Supermarket Type2
12.58,0.059,146.51,2009,FD7924,Low Sugar,Dairy,OUT004,Medium,Tier 2,Supermarket Type2
12.48,0.026,99.54,1987,FD5575,Low Sugar,Frozen Foods,OUT001,High,Tier 2,Supermarket Type1
14.02,0.064,166.37,1987,NC8758,No Sugar,Household,OUT001,High,Tier 2,Supermarket Type1
16.41,0.04,173.77,1999,FD1573,Low Sugar,Baking Goods,OUT003,Medium,Tier 1,Departmental Store
12.55,0.039,152.82,2009,FD7119,Low Sugar,Dairy,OUT004,Medium,Tier 2,Supermarket Type2
13.4,0.018,219.77,1999,FD2820,Low Sugar,Fruits and Vegetables,OUT003,Medium,Tier 1,Departmental Store
12.24,0.139,145.07,2009,FD3679,Regular,Frozen Foods,OUT004,Medium,Tier 2,Supermarket Type2
15.02,0.051,151.97,1987,FD5917,Low Sugar,Frozen Foods,OUT001,High,Tier 2,Supermarket Type1
15.02,0.125,197.08,1999,NC3642,No Sugar,Household,OUT003,Medium,Tier 1,Departmental Store
10.87,0.149,184.65,2009,DR3801,Low Sugar,Soft Drinks,OUT004,Medium,Tier 2,Supermarket Type2
8.07,0.016,160.89,2009,FD4219,Low Sugar,Fruits and Vegetables,OUT004,Medium,Tier 2,Supermarket Type2
14.64,0.016,168.0,1999,NC2482,No Sugar,Health and Hygiene,OUT003,Medium,Tier 1,Departmental Store
11.11,0.124,147.86,2009,NC8394,No Sugar,Others,OUT004,Medium,Tier 2,Supermarket Type2
13.19,0.042,130.79,2009,FD2146,Low Sugar,Baking Goods,OUT004,Medium,Tier 2,Supermarket Type2
11.01,0.017,91.72,1998,NC7987,No Sugar,Others,OUT002,Small,Tier 3,Food Mart
13.17,0.044,214.77,1987,FD3819,Regular,Meat,OUT001,High,Tier 2,Supermarket Type1
10.57,0.058,133.11,2009,FD2825,Low Sugar,Meat,OUT004,Medium,Tier 2,Supermarket Type2
10.98,0.125,184.29,2009,FD7850,Low Sugar,Frozen Foods,OUT004,Medium,Tier 2,Supermarket Type2
14.42,0.129,152.98,2009,FD3481,Low Sugar,Frozen Foods,OUT004,Medium,Tier 2,Supermarket Type2
9.5,0.035,181.02,2009,DR139,Regular,Hard Drinks,OUT004,Medium,Tier 2,Supermarket Type2
11.36,0.058,173.62,2009,FD3285,Low Sugar,Snack Foods,OUT004,Medium,Tier 2,Supermarket Type2
15.74,0.172,125.58,2009,FD6697,Low Sugar,Baking Goods,OUT004,Medium,Tier 2,Supermarket Type2
11.85,0.128,128.43,2009,NC7727,No Sugar,Household,OUT004,Medium,Tier 2,Supermarket Type2
13.63,0.036,171.9,1987,DR4311,Low Sugar,Soft Drinks,OUT001,High,Tier 2,Supermarket Type1
14.06,0.053,169.1,1999,DR838,Low Sugar,Soft Drinks,OUT003,Medium,Tier 1,Departmental Store
14.3,0.042,149.61,2009,FD4378,Low Sugar,Fruits and Vegetables,OUT004,Medium,Tier 2,Supermarket Type2
11.78,0.174,96.9,1998,DR7895,Low Sugar,Soft Drinks,OUT002,Small,Tier 3,Food Mart
12.59,0.018,125.11,2009,FD2630,Low Sugar,Fruits and Vegetables,OUT004,Medium,Tier 2,Supermarket Type2
13.38,0.042,162.95,2009,FD3843,Regular,Frozen Foods,OUT004,Medium,Tier 2,Supermarket Type2
10.43,0.071,110.95,1998,NC7233,No Sugar,Household,OUT002,Small,Tier 3,Food Mart
14.36,0.077,107.01,2009,DR4745,Regular,Soft Drinks,OUT004,Medium,Tier 2,Supermarket Type2
14.13,0.023,179.64,1999,FD2973,Low Sugar,Baking Goods,OUT003,Medium,Tier 1,Departmental Store
11.16,0.099,176.02,2009,NC5510,No Sugar,Household,OUT004,Medium,Tier 2,Supermarket Type2
13.97,0.04,181.11,1999,FD6319,Regular,Frozen Foods,OUT003,Medium,Tier 1,Departmental Store
12.44,0.047,159.73,2009,FD1941,Low Sugar,Baking Goods,OUT004,Medium,Tier 2,Supermarket Type2
13.83,0.064,161.4,1998,FD395,Low Sugar,Snack Foods,OUT002,Small,Tier 3,Food Mart
17.05,0.066,203.48,1999,FD5931,Low Sugar,Snack Foods,OUT003,Medium,Tier 1,Departmental Store
11.0,0.026,136.85,2009,FD8617,Regular,Dairy,OUT004,Medium,Tier 2,Supermarket Type2
13.58,0.022,145.46,2009,NC7323,No Sugar,Household,OUT004,Medium,Tier 2,Supermarket Type2
11.9,0.022,119.42,2009,FD6711,Regular,Snack Foods,OUT004,Medium,Tier 2,Supermarket Type2
7.42,0.052,98.35,1998,FD5797,Low Sugar,Frozen Foods,OUT002,Small,Tier 3,Food Mart
11.84,0.072,116.18,2009,FD6157,Regular,Canned,OUT004,Medium,Tier 2,Supermarket Type2
14.69,0.043,181.42,1987,FD2319,Low Sugar,Dairy,OUT001,High,Tier 2,Supermarket Type1
11.26,0.146,142.78,2009,FD7349,Low Sugar,Baking Goods,OUT004,Medium,Tier 2,Supermarket Type2
11.25,0.034,121.47,2009,FD1741,Low Sugar,Breads,OUT004,Medium,Tier 2,Supermarket Type2
15.57,0.052,186.2,1987,FD1643,Regular,Snack Foods,OUT001,High,Tier 2,Supermarket Type1
15.63,0.147,190.71,1999,FD8313,reg,Frozen Foods,OUT003,Medium,Tier 1,Departmental Store
11.93,0.105,178.76,2009,FD5775,Low Sugar,Fruits and Vegetables,OUT004,Medium,Tier 2,Supermarket Type2
7.54,0.079,153.76,1987,FD6858,Low Sugar,Fruits and Vegetables,OUT001,High,Tier 2,Supermarket Type1
12.65,0.093,164.41,2009,FD4731,Regular,Fruits and Vegetables,OUT004,Medium,Tier 2,Supermarket Type2
11.51,0.041,151.54,2009,FD4719,Low Sugar,Snack Foods,OUT004,Medium,Tier 2,Supermarket Type2
13.87,0.055,142.04,2009,FD7953,Low Sugar,Meat,OUT004,Medium,Tier 2,Supermarket Type2
14.23,0.076,188.09,1987,FD6643,Low Sugar,Dairy,OUT001,High,Tier 2,Supermarket Type1
9.23,0.105,110.49,1998,FD8035,Regular,Fruits and Vegetables,OUT002,Small,Tier 3,Food Mart
9.94,0.046,132.99,2009,FD3539,Regular,Meat,OUT004,Medium,Tier 2,Supermarket Type2
14.45,0.089,130.31,2009,FD8122,Low Sugar,Meat,OUT004,Medium,Tier 2,Supermarket Type2
10.01,0.042,123.73,1987,FD8303,Regular,Baking Goods,OUT001,High,Tier 2,Supermarket Type1
12.57,0.018,118.08,2009,NC302,No Sugar,Household,OUT004,Medium,Tier 2,Supermarket Type2
11.54,0.175,178.34,2009,FD5901,Regular,Baking Goods,OUT004,Medium,Tier 2,Supermarket Type2
15.94,0.042,190.27,1999,FD7916,Low Sugar,Fruits and Vegetables,OUT003,Medium,Tier 1,Departmental Store
12.36,0.035,176.08,2009,FD537,Regular,Canned,OUT004,Medium,Tier 2,Supermarket Type2
12.39,0.14,137.74,2009,FD5910,Regular,Breakfast,OUT004,Medium,Tier 2,Supermarket Type2
13.97,0.052,161.06,1987,FD8113,Regular,Meat,OUT001,High,Tier 2,Supermarket Type1
10.49,0.097,112.91,1998,FD280,Low Sugar,Breads,OUT002,Small,Tier 3,Food Mart
10.72,0.043,152.56,2009,FD6769,Low Sugar,Frozen Foods,OUT004,Medium,Tier 2,Supermarket Type2
10.81,0.068,151.88,2009,FD6197,Regular,Canned,OUT004,Medium,Tier 2,Supermarket Type2
12.58,0.018,93.84,1987,FD8105,Low Sugar,Breads,OUT001,High,Tier 2,Supermarket Type1
10.24,0.015,176.28,2009,FD8761,Low Sugar,Seafood,OUT004,Medium,Tier 2,Supermarket Type2
14.0,0.042,165.12,1987,FD7133,Regular,Breakfast,OUT001,High,Tier 2,Supermarket Type1
13.82,0.156,181.45,1999,FD6151,Low Sugar,Frozen Foods,OUT003,Medium,Tier 1,Departmental Store
11.78,0.042,61.63,1998,FD5137,Low Sugar,Snack Foods,OUT002,Small,Tier 3,Food Mart
11.48,0.035,125.5,2009,DR6335,Low Sugar,Soft Drinks,OUT004,Medium,Tier 2,Supermarket Type2
11.8,0.072,108.98,1987,NC101,No Sugar,Household,OUT001,High,Tier 2,Supermarket Type1
10.55,0.023,156.74,2009,FD4910,Low Sugar,Meat,OUT004,Medium,Tier 2,Supermarket Type2
13.36,0.03,134.44,2009,FD4656,Low Sugar,Dairy,OUT004,Medium,Tier 2,Supermarket Type2
8.77,0.139,93.29,1998,FD4416,Low Sugar,Snack Foods,OUT002,Small,Tier 3,Food Mart
12.13,0.13,171.09,2009,DR2390,Low Sugar,Soft Drinks,OUT004,Medium,Tier 2,Supermarket Type2
10.32,0.113,131.29,2009,FD7270,Low Sugar,Fruits and Vegetables,OUT004,Medium,Tier 2,Supermarket Type2
11.86,0.083,130.73,2009,FD8673,Regular,Canned,OUT004,Medium,Tier 2,Supermarket Type2
16.12,0.079,190.07,1999,FD3439,Low Sugar,Frozen Foods,OUT003,Medium,Tier 1,Departmental Store
9.59,0.043,133.84,1987,FD4624,Low Sugar,Snack Foods,OUT001,High,Tier 2,Supermarket Type1
15.18,0.025,186.82,1987,NC4831,No Sugar,Household,OUT001,High,Tier 2,Supermarket Type1
8.52,0.012,153.31,2009,FD7684,Regular,Snack Foods,OUT004,Medium,Tier 2,Supermarket Type2
10.63,0.152,146.72,2009,FD4899,Regular,Frozen Foods,OUT004,Medium,Tier 2,Supermarket Type2
9.89,0.145,128.97,1987,FD5809,Low Sugar,Snack Foods,OUT001,High,Tier 2,Supermarket Type1
13.71,0.073,151.2,2009,FD3212,Regular,Fruits and Vegetables,OUT004,Medium,Tier 2,Supermarket Type2
13.41,0.081,150.6,2009,NC5060,No Sugar,Household,OUT004,Medium,Tier 2,Supermarket Type2
11.55,0.162,191.87,1987,FD2346,Low Sugar,Starchy Foods,OUT001,High,Tier 2,Supermarket Type1
13.01,0.116,145.12,2009,FD7395,Low Sugar,Dairy,OUT004,Medium,Tier 2,Supermarket Type2
14.47,0.009,238.69,1999,NC2810,No Sugar,Health and Hygiene,OUT003,Medium,Tier 1,Departmental Store
14.96,0.104,127.2,2009,FD3796,Low Sugar,Snack Foods,OUT004,Medium,Tier 2,Supermarket Type2
14.65,0.009,158.12,1987,DR8278,Low Sugar,Soft Drinks,OUT001,High,Tier 2,Supermarket Type1
13.97,0.117,105.52,2009,FD3894,Regular,Dairy,OUT004,Medium,Tier 2,Supermarket Type2
14.91,0.023,121.61,2009,NC2685,No Sugar,Others,OUT004,Medium,Tier 2,Supermarket Type2
13.93,0.039,147.39,1999,FD22,Low Sugar,Meat,OUT003,Medium,Tier 1,Departmental Store
12.79,0.097,141.13,2009,FD8339,Low Sugar,Dairy,OUT004,Medium,Tier 2,Supermarket Type2
11.12,0.186,156.32,2009,FD2456,Low Sugar,Fruits and Vegetables,OUT004,Medium,Tier 2,Supermarket Type2
12.09,0.038,147.86,2009,FD4053,Regular,Canned,OUT004,Medium,Tier 2,Supermarket Type2
12.02,0.089,153.28,2009,FD5784,Regular,Frozen Foods,OUT004,Medium,Tier 2,Supermarket Type2
15.53,0.046,225.08,1999,FD4736,Low Sugar,Canned,OUT003,Medium,Tier 1,Departmental Store
17.16,0.026,180.2,1999,FD189,Low Sugar,Dairy,OUT003,Medium,Tier 1,Departmental Store
12.1,0.009,183.08,1987,NC2929,No Sugar,Others,OUT001,High,Tier 2,Supermarket Type1
12.73,0.069,153.45,2009,NC2546,No Sugar,Household,OUT004,Medium,Tier 2,Supermarket Type2
11.15,0.087,151.11,2009,FD7518,Low Sugar,Snack Foods,OUT004,Medium,Tier 2,Supermarket Type2
14.56,0.024,187.96,1987,FD8449,Low Sugar,Baking Goods,OUT001,High,Tier 2,Supermarket Type1
9.29,0.043,139.78,2009,FD4556,Low Sugar,Dairy,OUT004,Medium,Tier 2,Supermarket Type2
6.95,0.061,78.82,1998,FD889,Low Sugar,Snack Foods,OUT002,Small,Tier 3,Food Mart
12.18,0.027,161.55,2009,FD6045,Low Sugar,Frozen Foods,OUT004,Medium,Tier 2,Supermarket Type2
11.89,0.11,110.23,2009,NC258,No Sugar,Health and Hygiene,OUT004,Medium,Tier 2,Supermarket Type2
11.69,0.053,158.94,1998,FD396,Low Sugar,Baking Goods,OUT002,Small,Tier 3,Food Mart
13.79,0.074,151.5,2009,FD105,Low Sugar,Canned,OUT004,Medium,Tier 2,Supermarket Type2
14.5,0.046,165.21,1999,FD2147,Regular,Snack Foods,OUT003,Medium,Tier 1,Departmental Store
15.75,0.047,192.84,1999,FD1184,Regular,Canned,OUT003,Medium,Tier 1,Departmental Store
10.01,0.052,171.37,2009,FD2679,Regular,Snack Foods,OUT004,Medium,Tier 2,Supermarket Type2
10.99,0.057,140.77,2009,FD6430,Low Sugar,Snack Foods,OUT004,Medium,Tier 2,Supermarket Type2
11.92,0.035,146.65,2009,FD4449,Low Sugar,Fruits and Vegetables,OUT004,Medium,Tier 2,Supermarket Type2
17.12,0.13,166.63,1999,NC6150,No Sugar,Health and Hygiene,OUT003,Medium,Tier 1,Departmental Store
14.26,0.166,133.46,2009,FD717,Low Sugar,Dairy,OUT004,Medium,Tier 2,Supermarket Type2
15.9,0.076,198.33,1999,FD4079,Low Sugar,Frozen Foods,OUT003,Medium,Tier 1,Departmental Store
8.75,0.068,105.97,1998,FD5876,Low Sugar,Fruits and Vegetables,OUT002,Small,Tier 3,Food Mart
14.3,0.02,138.49,2009,FD6585,Regular,Canned,OUT004,Medium,Tier 2,Supermarket Type2
10.55,0.03,132.86,2009,FD5098,Low Sugar,Snack Foods,OUT004,Medium,Tier 2,Supermarket Type2
15.42,0.019,173.6,1987,FD5584,Low Sugar,Snack Foods,OUT001,High,Tier 2,Supermarket Type1
10.03,0.017,104.65,1998,FD5725,Low Sugar,Fruits and Vegetables,OUT002,Small,Tier 3,Food Mart
14.51,0.065,170.68,1999,FD7608,Regular,Canned,OUT003,Medium,Tier 1,Departmental Store
11.64,0.05,126.35,2009,FD2418,Low Sugar,Snack Foods,OUT004,Medium,Tier 2,Supermarket Type2
13.3,0.076,138.01,2009,FD6715,Regular,Dairy,OUT004,Medium,Tier 2,Supermarket Type2
11.85,0.029,99.67,1987,FD1093,Low Sugar,Starchy Foods,OUT001,High,Tier 2,Supermarket Type1
8.35,0.015,106.13,1998,FD4904,Regular,Baking Goods,OUT002,Small,Tier 3,Food Mart
14.22,0.083,158.94,1987,FD2001,Regular,Canned,OUT001,High,Tier 2,Supermarket Type1
12.66,0.058,145.17,2009,NC5579,No Sugar,Household,OUT004,Medium,Tier 2,Supermarket Type2
9.85,0.045,151.38,2009,FD1703,Low Sugar,Dairy,OUT004,Medium,Tier 2,Supermarket Type2
13.71,0.066,130.69,2009,FD4919,Low Sugar,Snack Foods,OUT004,Medium,Tier 2,Supermarket Type2
11.29,0.108,157.25,2009,FD5436,Low Sugar,Canned,OUT004,Medium,Tier 2,Supermarket Type2
15.44,0.057,189.78,1999,FD125,Regular,Snack Foods,OUT003,Medium,Tier 1,Departmental Store
14.09,0.046,150.12,2009,FD8141,Low Sugar,Meat,OUT004,Medium,Tier 2,Supermarket Type2
14.2,0.024,126.58,2009,FD720,Low Sugar,Canned,OUT004,Medium,Tier 2,Supermarket Type2
16.17,0.015,219.42,1999,FD7645,Regular,Snack Foods,OUT003,Medium,Tier 1,Departmental Store
15.74,0.17,172.77,1987,FD8522,Regular,Frozen Foods,OUT001,High,Tier 2,Supermarket Type1
11.76,0.037,106.78,1987,FD4321,Regular,Dairy,OUT001,High,Tier 2,Supermarket Type1
15.0,0.081,175.22,1987,DR4991,Low Sugar,Soft Drinks,OUT001,High,Tier 2,Supermarket Type1
10.32,0.043,137.9,2009,FD2552,Low Sugar,Fruits and Vegetables,OUT004,Medium,Tier 2,Supermarket Type2
8.52,0.055,105.69,1998,FD6206,Low Sugar,Meat,OUT002,Small,Tier 3,Food Mart
12.85,0.009,174.84,1987,FD5768,Low Sugar,Frozen Foods,OUT001,High,Tier 2,Supermarket Type1
10.93,0.179,125.73,2009,FD7937,Regular,Snack Foods,OUT004,Medium,Tier 2,Supermarket Type2
13.76,0.041,147.45,2009,FD3517,Low Sugar,Frozen Foods,OUT004,Medium,Tier 2,Supermarket Type2
9.19,0.046,108.36,1998,FD7502,Regular,Meat,OUT002,Small,Tier 3,Food Mart
14.57,0.117,174.42,1999,NC3062,No Sugar,Household,OUT003,Medium,Tier 1,Departmental Store
14.1,0.056,161.7,1987,FD1284,Low Sugar,Starchy Foods,OUT001,High,Tier 2,Supermarket Type1
12.11,0.126,144.37,2009,FD943,Regular,Snack Foods,OUT004,Medium,Tier 2,Supermarket Type2
13.55,0.043,191.19,1987,FD1319,Low Sugar,Dairy,OUT001,High,Tier 2,Supermarket Type1
9.67,0.093,114.76,1998,FD8170,Regular,Frozen Foods,OUT002,Small,Tier 3,Food Mart
9.9,0.113,143.4,2009,FD6494,Low Sugar,Frozen Foods,OUT004,Medium,Tier 2,Supermarket Type2
11.0,0.038,139.71,2009,NC5421,No Sugar,Household,OUT004,Medium,Tier 2,Supermarket Type2
10.62,0.027,157.19,2009,NC2642,No Sugar,Health and Hygiene,OUT004,Medium,Tier 2,Supermarket Type2
11.31,0.014,162.54,2009,FD5818,Low Sugar,Meat,OUT004,Medium,Tier 2,Supermarket Type2
13.2,0.033,131.79,2009,FD1136,Low Sugar,Snack Foods,OUT004,Medium,Tier 2,Supermarket Type2
12.21,0.168,118.01,2009,FD4673,Low Sugar,Frozen Foods,OUT004,Medium,Tier 2,Supermarket Type2
14.75,0.053,166.92,1999,FD3028,Low Sugar,Fruits and Vegetables,OUT003,Medium,Tier 1,Departmental Store
12.99,0.072,202.05,1987,DR5047,Low Sugar,Hard Drinks,OUT001,High,Tier 2,Supermarket Type1
15.41,0.089,195.41,1999,FD6862,Low Sugar,Snack Foods,OUT003,Medium,Tier 1,Departmental Store
8.71,0.048,112.89,1998,FD549,Low Sugar,Fruits and Vegetables,OUT002,Small,Tier 3,Food Mart
15.34,0.082,163.08,1999,NC4977,No Sugar,Health and Hygiene,OUT003,Medium,Tier 1,Departmental Store
13.45,0.092,153.92,2009,DR6635,Low Sugar,Hard Drinks,OUT004,Medium,Tier 2,Supermarket Type2
15.96,0.045,159.06,1999,FD5975,Low Sugar,Canned,OUT003,Medium,Tier 1,Departmental Store
15.53,0.104,127.96,2009,FD5642,reg,Baking Goods,OUT004,Medium,Tier 2,Supermarket Type2
11.85,0.027,143.52,2009,FD3177,Low Sugar,Snack Foods,OUT004,Medium,Tier 2,Supermarket Type2
13.43,0.037,200.69,1987,FD5608,Low Sugar,Snack Foods,OUT001,High,Tier 2,Supermarket Type1
14.39,0.099,146.09,2009,NC4139,No Sugar,Health and Hygiene,OUT004,Medium,Tier 2,Supermarket Type2
17.47,0.03,175.52,1999,FD7879,Regular,Meat,OUT003,Medium,Tier 1,Departmental Store
14.92,0.173,172.54,1999,DR3745,Low Sugar,Soft Drinks,OUT003,Medium,Tier 1,Departmental Store
13.01,0.036,174.9,1987,FD7731,Low Sugar,Frozen Foods,OUT001,High,Tier 2,Supermarket Type1
13.43,0.016,142.04,2009,FD942,Low Sugar,Fruits and Vegetables,OUT004,Medium,Tier 2,Supermarket Type2
13.33,0.129,154.17,2009,FD1978,Low Sugar,Fruits and Vegetables,OUT004,Medium,Tier 2,Supermarket Type2
14.25,0.05,139.12,2009,FD2551,Low Sugar,Frozen Foods,OUT004,Medium,Tier 2,Supermarket Type2
14.79,0.037,211.92,1999,FD2450,Low Sugar,Fruits and Vegetables,OUT003,Medium,Tier 1,Departmental Store
13.51,0.191,142.7,2009,FD1437,Low Sugar,Fruits and Vegetables,OUT004,Medium,Tier 2,Supermarket Type2
8.03,0.177,129.85,1998,FD7446,Regular,Meat,OUT002,Small,Tier 3,Food Mart
11.23,0.061,170.56,2009,FD4533,Low Sugar,Fruits and Vegetables,OUT004,Medium,Tier 2,Supermarket Type2
14.51,0.023,181.84,1987,FD974,Low Sugar,Snack Foods,OUT001,High,Tier 2,Supermarket Type1
13.31,0.046,174.14,1987,FD1343,Low Sugar,Meat,OUT001,High,Tier 2,Supermarket Type1
11.81,0.1,180.62,2009,DR1690,Low Sugar,Soft Drinks,OUT004,Medium,Tier 2,Supermarket Type2
14.92,0.114,160.54,1999,FD789,Low Sugar,Seafood,OUT003,Medium,Tier 1,Departmental Store
13.96,0.176,161.83,1987,FD347,Low Sugar,Fruits and Vegetables,OUT001,High,Tier 2,Supermarket Type1
14.58,0.061,149.75,2009,NC4146,No Sugar,Household,OUT004,Medium,Tier 2,Supermarket Type2
11.57,0.009,109.25,1987,FD3813,Low Sugar,Frozen Foods,OUT001,High,Tier 2,Supermarket Type1
9.09,0.16,124.01,1998,FD6618,Low Sugar,Baking Goods,OUT002,Small,Tier 3,Food Mart
14.1,0.052,138.77,2009,NC4061,No Sugar,Household,OUT004,Medium,Tier 2,Supermarket Type2
15.15,0.048,178.89,1987,FD1137,Low Sugar,Fruits and Vegetables,OUT001,High,Tier 2,Supermarket Type1
12.81,0.019,189.23,1999,FD1438,Low Sugar,Snack Foods,OUT003,Medium,Tier 1,Departmental Store
15.34,0.104,176.23,1987,FD3239,Low Sugar,Starchy Foods,OUT001,High,Tier 2,Supermarket Type1
15.51,0.107,208.1,1999,FD1421,Regular,Baking Goods,OUT003,Medium,Tier 1,Departmental Store
11.32,0.079,123.82,2009,FD8463,Low Sugar,Starchy Foods,OUT004,Medium,Tier 2,Supermarket Type2
11.24,0.043,97.27,1998,FD4478,Low Sugar,Fruits and Vegetables,OUT002,Small,Tier 3,Food Mart
10.85,0.094,160.07,2009,DR159,Low Sugar,Soft Drinks,OUT004,Medium,Tier 2,Supermarket Type2
11.25,0.016,148.84,2009,NC7174,No Sugar,Health and Hygiene,OUT004,Medium,Tier 2,Supermarket Type2
12.8,0.121,124.85,2009,FD613,Low Sugar,Snack Foods,OUT004,Medium,Tier 2,Supermarket Type2
13.48,0.177,159.8,2009,FD1360,Low Sugar,Baking Goods,OUT004,Medium,Tier 2,Supermarket Type2
13.65,0.053,158.83,2009,DR8070,Regular,Hard Drinks,OUT004,Medium,Tier 2,Supermarket Type2
16.32,0.009,107.52,2009,FD8102,Low Sugar,Breads,OUT004,Medium,Tier 2,Supermarket Type2
16.06,0.089,152.28,1999,FD1853,Low Sugar,Breakfast,OUT003,Medium,Tier 1,Departmental Store
10.7,0.007,134.68,2009,FD3357,Low Sugar,Breakfast,OUT004,Medium,Tier 2,Supermarket Type2
12.53,0.063,115.35,2009,FD4028,Low Sugar,Frozen Foods,OUT004,Medium,Tier 2,Supermarket Type2
12.47,0.021,66.16,1998,FD5541,Low Sugar,Baking Goods,OUT002,Small,Tier 3,Food Mart
10.72,0.052,161.86,2009,DR5332,Low Sugar,Soft Drinks,OUT004,Medium,Tier 2,Supermarket Type2
14.39,0.033,180.9,1987,DR2605,Regular,Soft Drinks,OUT001,High,Tier 2,Supermarket Type1
11.08,0.125,95.69,1998,FD5732,Low Sugar,Frozen Foods,OUT002,Small,Tier 3,Food Mart
13.88,0.033,179.07,1999,FD1069,Low Sugar,Baking Goods,OUT003,Medium,Tier 1,Departmental Store
10.23,0.026,136.92,2009,FD1484,Regular,Meat,OUT004,Medium,Tier 2,Supermarket Type2
14.67,0.116,175.45,1999,FD5559,Regular,Dairy,OUT003,Medium,Tier 1,Departmental Store
13.68,0.156,150.62,2009,FD288,Low Sugar,Canned,OUT004,Medium,Tier 2,Supermarket Type2
10.81,0.024,163.75,2009,NC2631,No Sugar,Household,OUT004,Medium,Tier 2,Supermarket Type2
18.06,0.057,246.35,1999,FD3087,Low Sugar,Fruits and Vegetables,OUT003,Medium,Tier 1,Departmental Store
14.94,0.053,177.84,1987,FD221,Low Sugar,Fruits and Vegetables,OUT001,High,Tier 2,Supermarket Type1
11.92,0.048,159.44,2009,NC624,No Sugar,Health and Hygiene,OUT004,Medium,Tier 2,Supermarket Type2
12.82,0.093,209.19,1987,NC6818,No Sugar,Health and Hygiene,OUT001,High,Tier 2,Supermarket Type1
14.82,0.118,146.55,2009,FD7822,Regular,Canned,OUT004,Medium,Tier 2,Supermarket Type2
9.19,0.032,140.03,2009,FD117,Regular,Fruits and Vegetables,OUT004,Medium,Tier 2,Supermarket Type2
12.59,0.154,129.99,2009,FD5048,Low Sugar,Frozen Foods,OUT004,Medium,Tier 2,Supermarket Type2
9.45,0.095,116.59,1998,FD3780,Low Sugar,Snack Foods,OUT002,Small,Tier 3,Food Mart
12.81,0.079,175.24,1987,NC5900,No Sugar,Health and Hygiene,OUT001,High,Tier 2,Supermarket Type1
12.09,0.108,146.57,2009,FD6002,Low Sugar,Breakfast,OUT004,Medium,Tier 2,Supermarket Type2
9.2,0.136,66.56,1998,FD3222,Low Sugar,Canned,OUT002,Small,Tier 3,Food Mart
14.06,0.026,185.91,1987,NC6510,No Sugar,Household,OUT001,High,Tier 2,Supermarket Type1
10.74,0.073,180.4,2009,FD1294,Low Sugar,Starchy Foods,OUT004,Medium,Tier 2,Supermarket Type2
14.39,0.057,167.59,1999,FD622,Low Sugar,Snack Foods,OUT003,Medium,Tier 1,Departmental Store
16.68,0.015,191.27,1999,FD2502,Regular,Dairy,OUT003,Medium,Tier 1,Departmental Store
13.53,0.019,123.41,2009,FD3551,Regular,Dairy,OUT004,Medium,Tier 2,Supermarket Type2
12.71,0.045,170.49,2009,FD6733,Low Sugar,Fruits and Vegetables,OUT004,Medium,Tier 2,Supermarket Type2
10.64,0.025,144.63,2009,FD610,Regular,Baking Goods,OUT004,Medium,Tier 2,Supermarket Type2
11.61,0.085,165.65,2009,FD6244,Low Sugar,Snack Foods,OUT004,Medium,Tier 2,Supermarket Type2
12.56,0.057,180.23,1999,NC123,No Sugar,Health and Hygiene,OUT003,Medium,Tier 1,Departmental Store
10.69,0.035,141.42,2009,FD2217,Low Sugar,Dairy,OUT004,Medium,Tier 2,Supermarket Type2
9.2,0.164,214.95,1987,FD4453,Low Sugar,Frozen Foods,OUT001,High,Tier 2,Supermarket Type1
10.71,0.016,128.6,2009,FD8014,Low Sugar,Fruits and Vegetables,OUT004,Medium,Tier 2,Supermarket Type2
12.85,0.032,137.41,2009,FD3045,Regular,Dairy,OUT004,Medium,Tier 2,Supermarket Type2
13.76,0.026,156.99,2009,FD7205,Low Sugar,Fruits and Vegetables,OUT004,Medium,Tier 2,Supermarket Type2
11.07,0.014,151.88,2009,FD1124,Low Sugar,Frozen Foods,OUT004,Medium,Tier 2,Supermarket Type2
13.75,0.027,163.08,1987,FD5289,Regular,Fruits and Vegetables,OUT001,High,Tier 2,Supermarket Type1
15.85,0.012,213.5,1999,DR5997,Low Sugar,Hard Drinks,OUT003,Medium,Tier 1,Departmental Store
11.91,0.053,73.22,1998,FD2615,Low Sugar,Baking Goods,OUT002,Small,Tier 3,Food Mart
9.77,0.084,175.72,2009,NC7384,No Sugar,Others,OUT004,Medium,Tier 2,Supermarket Type2
7.54,0.066,82.03,1998,FD7891,Low Sugar,Meat,OUT002,Small,Tier 3,Food Mart
14.08,0.034,154.97,2009,NC5184,No Sugar,Health and Hygiene,OUT004,Medium,Tier 2,Supermarket Type2
15.89,0.073,141.69,1987,FD1584,Low Sugar,Baking Goods,OUT001,High,Tier 2,Supermarket Type1
13.09,0.01,192.72,1999,FD5435,Low Sugar,Fruits and Vegetables,OUT003,Medium,Tier 1,Departmental Store
10.59,0.12,159.52,2009,FD941,Low Sugar,Breakfast,OUT004,Medium,Tier 2,Supermarket Type2
13.8,0.08,130.16,2009,FD1726,Low Sugar,Fruits and Vegetables,OUT004,Medium,Tier 2,Supermarket Type2
12.47,0.047,148.74,2009,FD4328,Low Sugar,Fruits and Vegetables,OUT004,Medium,Tier 2,Supermarket Type2
13.0,0.047,121.32,2009,FD6922,Regular,Snack Foods,OUT004,Medium,Tier 2,Supermarket Type2
15.47,0.035,130.49,2009,FD5520,Low Sugar,Snack Foods,OUT004,Medium,Tier 2,Supermarket Type2
10.2,0.14,108.85,1998,FD8388,Low Sugar,Snack Foods,OUT002,Small,Tier 3,Food Mart
15.48,0.133,196.6,1999,NC4721,No Sugar,Others,OUT003,Medium,Tier 1,Departmental Store
16.05,0.1,132.0,1999,FD337,Low Sugar,Dairy,OUT003,Medium,Tier 1,Departmental Store
17.02,0.166,164.54,1999,FD2942,Regular,Dairy,OUT003,Medium,Tier 1,Departmental Store
10.83,0.034,133.11,2009,FD65,Low Sugar,Fruits and Vegetables,OUT004,Medium,Tier 2,Supermarket Type2
13.31,0.08,151.71,2009,DR5094,Low Sugar,Hard Drinks,OUT004,Medium,Tier 2,Supermarket Type2
13.54,0.084,157.19,2009,FD3855,Regular,Fruits and Vegetables,OUT004,Medium,Tier 2,Supermarket Type2
13.59,0.053,145.62,2009,FD3519,Low Sugar,Frozen Foods,OUT004,Medium,Tier 2,Supermarket Type2
12.08,0.029,117.53,2009,FD8448,Low Sugar,Dairy,OUT004,Medium,Tier 2,Supermarket Type2
14.0,0.06,170.11,1999,FD6462,Regular,Fruits and Vegetables,OUT003,Medium,Tier 1,Departmental Store
14.43,0.186,210.3,1999,NC6972,No Sugar,Others,OUT003,Medium,Tier 1,Departmental Store
8.55,0.092,110.85,1998,FD1338,Low Sugar,Snack Foods,OUT002,Small,Tier 3,Food Mart
12.93,0.029,150.47,2009,FD1502,Low Sugar,Baking Goods,OUT004,Medium,Tier 2,Supermarket Type2
15.98,0.052,168.47,1987,FD1965,Low Sugar,Canned,OUT001,High,Tier 2,Supermarket Type1
13.49,0.032,100.65,2009,NC7285,No Sugar,Health and Hygiene,OUT004,Medium,Tier 2,Supermarket Type2
17.06,0.019,205.71,1999,NC4793,No Sugar,Health and Hygiene,OUT003,Medium,Tier 1,Departmental Store
13.64,0.016,140.7,2009,FD4879,Low Sugar,Breakfast,OUT004,Medium,Tier 2,Supermarket Type2
14.55,0.092,148.29,2009,NC5713,No Sugar,Health and Hygiene,OUT004,Medium,Tier 2,Supermarket Type2
10.56,0.083,85.83,1998,FD5199,Regular,Seafood,OUT002,Small,Tier 3,Food Mart
14.08,0.057,180.83,1999,FD7757,Regular,Dairy,OUT003,Medium,Tier 1,Departmental Store
12.94,0.035,167.73,2009,DR4265,Low Sugar,Soft Drinks,OUT004,Medium,Tier 2,Supermarket Type2
12.35,0.081,135.79,2009,NC7844,No Sugar,Others,OUT004,Medium,Tier 2,Supermarket Type2
13.25,0.063,168.91,1987,FD6179,Low Sugar,Baking Goods,OUT001,High,Tier 2,Supermarket Type1
10.68,0.051,128.19,2009,FD7465,Low Sugar,Fruits and Vegetables,OUT004,Medium,Tier 2,Supermarket Type2
13.52,0.046,86.63,1987,DR3027,Low Sugar,Hard Drinks,OUT001,High,Tier 2,Supermarket Type1
7.08,0.066,136.87,1998,FD5241,Low Sugar,Snack Foods,OUT002,Small,Tier 3,Food Mart
11.8,0.073,150.58,2009,DR2392,Regular,Hard Drinks,OUT004,Medium,Tier 2,Supermarket Type2
12.94,0.035,159.67,2009,FD4082,Low Sugar,Snack Foods,OUT004,Medium,Tier 2,Supermarket Type2
19.5,0.083,213.11,1999,FD4254,Low Sugar,Canned,OUT003,Medium,Tier 1,Departmental Store
15.24,0.042,157.75,1999,FD4298,Low Sugar,Dairy,OUT003,Medium,Tier 1,Departmental Store
15.96,0.027,213.29,1999,FD752,Low Sugar,Seafood,OUT003,Medium,Tier 1,Departmental Store
11.88,0.026,120.82,2009,FD367,Low Sugar,Fruits and Vegetables,OUT004,Medium,Tier 2,Supermarket Type2
9.57,0.079,121.06,1998,FD2125,Low Sugar,Canned,OUT002,Small,Tier 3,Food Mart
14.44,0.04,152.21,2009,NC3790,No Sugar,Health and Hygiene,OUT004,Medium,Tier 2,Supermarket Type2
11.8,0.125,123.7,2009,FD2007,Low Sugar,Canned,OUT004,Medium,Tier 2,Supermarket Type2
14.56,0.025,134.52,2009,NC6101,No Sugar,Household,OUT004,Medium,Tier 2,Supermarket Type2
11.27,0.044,111.63,1987,DR2998,Low Sugar,Hard Drinks,OUT001,High,Tier 2,Supermarket Type1
13.1,0.126,183.75,1999,FD244,Low Sugar,Dairy,OUT003,Medium,Tier 1,Departmental Store
14.27,0.124,152.42,2009,FD8177,Low Sugar,Fruits and Vegetables,OUT004,Medium,Tier 2,Supermarket Type2
14.46,0.058,181.06,1987,FD5650,Regular,Fruits and Vegetables,OUT001,High,Tier 2,Supermarket Type1
12.04,0.059,156.28,2009,FD1476,Low Sugar,Canned,OUT004,Medium,Tier 2,Supermarket Type2
12.84,0.077,129.38,2009,NC1755,No Sugar,Household,OUT004,Medium,Tier 2,Supermarket Type2
13.42,0.064,136.32,2009,NC6938,No Sugar,Household,OUT004,Medium,Tier 2,Supermarket Type2
11.81,0.085,90.24,1998,FD8548,Low Sugar,Snack Foods,OUT002,Small,Tier 3,Food Mart
7.38,0.018,61.0,1998,DR7148,Regular,Soft Drinks,OUT002,Small,Tier 3,Food Mart
11.29,0.085,150.24,2009,FD8594,Regular,Dairy,OUT004,Medium,Tier 2,Supermarket Type2
14.25,0.147,142.02,2009,FD4026,Low Sugar,Snack Foods,OUT004,Medium,Tier 2,Supermarket Type2
14.19,0.097,174.24,1999,FD7165,Low Sugar,Dairy,OUT003,Medium,Tier 1,Departmental Store
10.4,0.076,150.81,2009,NC438,No Sugar,Health and Hygiene,OUT004,Medium,Tier 2,Supermarket Type2
8.56,0.015,147.78,2009,FD6343,Regular,Fruits and Vegetables,OUT004,Medium,Tier 2,Supermarket Type2
13.6,0.035,158.01,2009,FD3363,Low Sugar,Breakfast,OUT004,Medium,Tier 2,Supermarket Type2
16.07,0.155,167.79,1987,FD8708,Low Sugar,Snack Foods,OUT001,High,Tier 2,Supermarket Type1
11.96,0.024,137.69,2009,FD7164,Regular,Baking Goods,OUT004,Medium,Tier 2,Supermarket Type2
12.73,0.091,125.4,2009,FD4559,Low Sugar,Baking Goods,OUT004,Medium,Tier 2,Supermarket Type2
11.79,0.079,151.57,2009,FD1385,Low Sugar,Fruits and Vegetables,OUT004,Medium,Tier 2,Supermarket Type2
13.97,0.039,104.49,1998,FD341,Low Sugar,Fruits and Vegetables,OUT002,Small,Tier 3,Food Mart
12.15,0.029,123.44,2009,NC750,No Sugar,Others,OUT004,Medium,Tier 2,Supermarket Type2
9.83,0.07,157.69,2009,FD1055,Low Sugar,Meat,OUT004,Medium,Tier 2,Supermarket Type2
17.25,0.038,167.72,1999,NC5020,No Sugar,Household,OUT003,Medium,Tier 1,Departmental Store
9.63,0.035,62.64,1998,FD5952,Regular,Fruits and Vegetables,OUT002,Small,Tier 3,Food Mart
13.2,0.118,149.92,2009,FD5717,Regular,Fruits and Vegetables,OUT004,Medium,Tier 2,Supermarket Type2
12.35,0.057,96.96,1987,FD7016,Low Sugar,Frozen Foods,OUT001,High,Tier 2,Supermarket Type1
12.76,0.042,140.2,2009,NC1142,No Sugar,Health and Hygiene,OUT004,Medium,Tier 2,Supermarket Type2
11.6,0.113,93.72,1998,FD497,Regular,Meat,OUT002,Small,Tier 3,Food Mart
10.47,0.054,123.41,1987,NC6593,No Sugar,Others,OUT001,High,Tier 2,Supermarket Type1
15.36,0.082,165.34,1999,FD8493,Low Sugar,Baking Goods,OUT003,Medium,Tier 1,Departmental Store
10.73,0.027,137.82,2009,FD3348,Low Sugar,Frozen Foods,OUT004,Medium,Tier 2,Supermarket Type2
12.34,0.016,75.29,1998,FD2452,Low Sugar,Dairy,OUT002,Small,Tier 3,Food Mart
14.48,0.027,140.08,2009,FD4776,Low Sugar,Breads,OUT004,Medium,Tier 2,Supermarket Type2
14.79,0.05,143.99,2009,FD8629,Low Sugar,Baking Goods,OUT004,Medium,Tier 2,Supermarket Type2
12.42,0.018,157.01,2009,FD1268,Regular,Snack Foods,OUT004,Medium,Tier 2,Supermarket Type2
12.08,0.034,142.25,2009,FD4684,Regular,Fruits and Vegetables,OUT004,Medium,Tier 2,Supermarket Type2
12.85,0.078,170.12,2009,FD5429,Regular,Fruits and Vegetables,OUT004,Medium,Tier 2,Supermarket Type2
11.59,0.039,123.02,2009,NC7477,No Sugar,Household,OUT004,Medium,Tier 2,Supermarket Type2
14.22,0.031,151.84,2009,FD1615,Low Sugar,Fruits and Vegetables,OUT004,Medium,Tier 2,Supermarket Type2
8.62,0.016,110.99,1998,FD4856,Low Sugar,Frozen Foods,OUT002,Small,Tier 3,Food Mart
11.75,0.09,146.97,2009,NC2925,No Sugar,Health and Hygiene,OUT004,Medium,Tier 2,Supermarket Type2
11.33,0.026,110.96,1987,FD1085,Regular,Snack Foods,OUT001,High,Tier 2,Supermarket Type1
15.39,0.164,204.82,1999,FD2758,Low Sugar,Frozen Foods,OUT003,Medium,Tier 1,Departmental Store
10.37,0.019,163.15,2009,FD6980,Low Sugar,Dairy,OUT004,Medium,Tier 2,Supermarket Type2
9.55,0.137,80.61,1998,FD6574,Regular,Meat,OUT002,Small,Tier 3,Food Mart
14.51,0.076,172.52,1999,FD1807,Low Sugar,Snack Foods,OUT003,Medium,Tier 1,Departmental Store
11.92,0.061,130.27,2009,FD3275,Low Sugar,Frozen Foods,OUT004,Medium,Tier 2,Supermarket Type2
13.5,0.028,149.52,2009,FD2044,Low Sugar,Snack Foods,OUT004,Medium,Tier 2,Supermarket Type2
13.09,0.009,160.81,2009,FD5685,Low Sugar,Breads,OUT004,Medium,Tier 2,Supermarket Type2
12.51,0.098,160.26,2009,FD4525,Regular,Fruits and Vegetables,OUT004,Medium,Tier 2,Supermarket Type2
11.59,0.103,127.3,2009,FD3251,Low Sugar,Fruits and Vegetables,OUT004,Medium,Tier 2,Supermarket Type2
10.14,0.125,176.79,2009,FD4411,Low Sugar,Meat,OUT004,Medium,Tier 2,Supermarket Type2
13.41,0.034,146.26,2009,FD6811,Low Sugar,Fruits and Vegetables,OUT004,Medium,Tier 2,Supermarket Type2
15.02,0.039,152.06,1987,FD3693,Regular,Frozen Foods,OUT001,High,Tier 2,Supermarket Type1
11.91,0.032,135.88,2009,FD927,Low Sugar,Fruits and Vegetables,OUT004,Medium,Tier 2,Supermarket Type2
14.02,0.042,201.63,1987,FD3182,Low Sugar,Fruits and Vegetables,OUT001,High,Tier 2,Supermarket Type1
15.18,0.064,213.98,1999,FD7185,Low Sugar,Baking Goods,OUT003,Medium,Tier 1,Departmental Store
13.41,0.067,119.52,2009,DR7333,Regular,Soft Drinks,OUT004,Medium,Tier 2,Supermarket Type2
13.88,0.126,150.44,2009,FD1718,Regular,Breakfast,OUT004,Medium,Tier 2,Supermarket Type2
11.7,0.01,142.9,2009,FD2500,Low Sugar,Meat,OUT004,Medium,Tier 2,Supermarket Type2
9.02,0.082,125.38,1998,NC5387,No Sugar,Others,OUT002,Small,Tier 3,Food Mart
10.91,0.03,131.08,2009,FD6331,Regular,Fruits and Vegetables,OUT004,Medium,Tier 2,Supermarket Type2
8.11,0.039,76.87,1998,NC2416,No Sugar,Others,OUT002,Small,Tier 3,Food Mart
10.61,0.139,166.81,2009,FD2077,Low Sugar,Breads,OUT004,Medium,Tier 2,Supermarket Type2
15.87,0.058,169.17,1987,FD2613,Low Sugar,Fruits and Vegetables,OUT001,High,Tier 2,Supermarket Type1
12.59,0.034,135.31,2009,FD3832,Regular,Frozen Foods,OUT004,Medium,Tier 2,Supermarket Type2
10.38,0.03,109.52,1998,DR1292,Regular,Soft Drinks,OUT002,Small,Tier 3,Food Mart
12.38,0.039,153.26,2009,FD2791,Low Sugar,Frozen Foods,OUT004,Medium,Tier 2,Supermarket Type2
11.5,0.069,146.69,2009,DR7857,Low Sugar,Soft Drinks,OUT004,Medium,Tier 2,Supermarket Type2
15.4,0.064,165.24,1999,NC3071,No Sugar,Health and Hygiene,OUT003,Medium,Tier 1,Departmental Store
13.22,0.071,183.53,1999,FD7587,Low Sugar,Fruits and Vegetables,OUT003,Medium,Tier 1,Departmental Store
13.39,0.034,133.53,1999,FD24,Low Sugar,Dairy,OUT003,Medium,Tier 1,Departmental Store
11.38,0.073,158.73,2009,FD31,Low Sugar,Meat,OUT004,Medium,Tier 2,Supermarket Type2
13.27,0.116,158.91,2009,FD1309,Low Sugar,Snack Foods,OUT004,Medium,Tier 2,Supermarket Type2
11.23,0.042,167.33,2009,FD416,Low Sugar,Meat,OUT004,Medium,Tier 2,Supermarket Type2
11.81,0.01,127.14,2009,FD8392,Low Sugar,Canned,OUT004,Medium,Tier 2,Supermarket Type2
12.72,0.051,150.71,2009,NC7519,No Sugar,Health and Hygiene,OUT004,Medium,Tier 2,Supermarket Type2
10.12,0.031,141.35,2009,NC6835,No Sugar,Health and Hygiene,OUT004,Medium,Tier 2,Supermarket Type2
13.05,0.069,148.45,2009,FD3980,Low Sugar,Dairy,OUT004,Medium,Tier 2,Supermarket Type2
12.69,0.049,133.61,2009,FD4813,Low Sugar,Snack Foods,OUT004,Medium,Tier 2,Supermarket Type2
15.84,0.028,169.37,1987,FD2883,Low Sugar,Fruits and Vegetables,OUT001,High,Tier 2,Supermarket Type1
13.84,0.019,144.55,2009,FD3565,Low Sugar,Seafood,OUT004,Medium,Tier 2,Supermarket Type2
14.68,0.143,145.32,2009,FD6967,Regular,Fruits and Vegetables,OUT004,Medium,Tier 2,Supermarket Type2
14.58,0.061,156.21,1987,NC5668,No Sugar,Household,OUT001,High,Tier 2,Supermarket Type1
12.77,0.081,146.32,2009,FD4862,Low Sugar,Snack Foods,OUT004,Medium,Tier 2,Supermarket Type2
14.56,0.082,130.92,2009,DR5860,Low Sugar,Soft Drinks,OUT004,Medium,Tier 2,Supermarket Type2
17.96,0.123,201.49,1999,NC5082,No Sugar,Health and Hygiene,OUT003,Medium,Tier 1,Departmental Store
7.6,0.154,168.4,2009,FD5686,Regular,Snack Foods,OUT004,Medium,Tier 2,Supermarket Type2
14.46,0.154,154.78,1987,FD2380,Regular,Dairy,OUT001,High,Tier 2,Supermarket Type1
12.92,0.009,99.86,2009,NC6797,No Sugar,Household,OUT004,Medium,Tier 2,Supermarket Type2
7.75,0.029,90.53,1998,NC7682,No Sugar,Others,OUT002,Small,Tier 3,Food Mart
14.14,0.018,140.66,2009,NC5040,No Sugar,Household,OUT004,Medium,Tier 2,Supermarket Type2
10.17,0.098,74.27,1998,FD6373,Low Sugar,Frozen Foods,OUT002,Small,Tier 3,Food Mart
13.17,0.055,168.8,1987,DR3118,Low Sugar,Soft Drinks,OUT001,High,Tier 2,Supermarket Type1
12.97,0.053,108.52,2009,FD6674,Low Sugar,Meat,OUT004,Medium,Tier 2,Supermarket Type2
12.27,0.021,142.68,2009,FD2127,Low Sugar,Breads,OUT004,Medium,Tier 2,Supermarket Type2
14.36,0.024,173.68,1999,FD5744,Low Sugar,Dairy,OUT003,Medium,Tier 1,Departmental Store
11.08,0.076,149.09,2009,NC3668,No Sugar,Others,OUT004,Medium,Tier 2,Supermarket Type2
12.82,0.076,150.09,2009,FD3775,Low Sugar,Fruits and Vegetables,OUT004,Medium,Tier 2,Supermarket Type2
12.09,0.064,127.34,2009,FD7885,Low Sugar,Fruits and Vegetables,OUT004,Medium,Tier 2,Supermarket Type2
14.64,0.093,128.3,2009,FD7495,Low Sugar,Meat,OUT004,Medium,Tier 2,Supermarket Type2
9.7,0.104,121.29,1998,FD3253,Regular,Fruits and Vegetables,OUT002,Small,Tier 3,Food Mart
12.23,0.026,119.58,2009,FD6225,Regular,Snack Foods,OUT004,Medium,Tier 2,Supermarket Type2
14.04,0.065,189.59,1987,NC2591,No Sugar,Others,OUT001,High,Tier 2,Supermarket Type1
9.23,0.027,145.12,2009,FD2040,Low Sugar,Canned,OUT004,Medium,Tier 2,Supermarket Type2
13.46,0.052,151.55,2009,FD5363,Low Sugar,Dairy,OUT004,Medium,Tier 2,Supermarket Type2
11.82,0.097,164.34,2009,FD6253,Low Sugar,Fruits and Vegetables,OUT004,Medium,Tier 2,Supermarket Type2
11.99,0.162,133.62,2009,FD820,Regular,Meat,OUT004,Medium,Tier 2,Supermarket Type2
13.92,0.112,182.11,1999,NC7026,No Sugar,Health and Hygiene,OUT003,Medium,Tier 1,Departmental Store
11.39,0.021,120.74,2009,NC4175,No Sugar,Household,OUT004,Medium,Tier 2,Supermarket Type2
16.41,0.126,166.61,1987,FD2829,Regular,Frozen Foods,OUT001,High,Tier 2,Supermarket Type1
14.57,0.053,208.65,1999,FD2165,Low Sugar,Snack Foods,OUT003,Medium,Tier 1,Departmental Store
14.79,0.091,147.9,2009,FD1865,Regular,Baking Goods,OUT004,Medium,Tier 2,Supermarket Type2
15.92,0.014,164.27,1987,FD6854,Low Sugar,Snack Foods,OUT001,High,Tier 2,Supermarket Type1
16.25,0.125,167.24,1987,FD7928,Regular,Baking Goods,OUT001,High,Tier 2,Supermarket Type1
15.28,0.036,155.96,1999,FD7450,Regular,Dairy,OUT003,Medium,Tier 1,Departmental Store
12.15,0.098,207.69,1987,FD5043,Low Sugar,Meat,OUT001,High,Tier 2,Supermarket Type1
13.01,0.014,131.46,2009,DR556,Low Sugar,Soft Drinks,OUT004,Medium,Tier 2,Supermarket Type2
9.62,0.039,177.12,2009,FD5062,Low Sugar,Baking Goods,OUT004,Medium,Tier 2,Supermarket Type2
16.36,0.162,185.88,1999,DR4187,Low Sugar,Hard Drinks,OUT003,Medium,Tier 1,Departmental Store
14.46,0.042,159.49,1987,DR7741,Low Sugar,Soft Drinks,OUT001,High,Tier 2,Supermarket Type1
13.47,0.023,110.9,2009,FD5069,Regular,Dairy,OUT004,Medium,Tier 2,Supermarket Type2
12.58,0.028,157.84,2009,FD4969,Low Sugar,Dairy,OUT004,Medium,Tier 2,Supermarket Type2
10.47,0.142,164.03,2009,NC765,No Sugar,Health and Hygiene,OUT004,Medium,Tier 2,Supermarket Type2
15.03,0.089,148.1,1987,FD3880,Low Sugar,Canned,OUT001,High,Tier 2,Supermarket Type1
14.43,0.055,180.36,1987,FD3634,Low Sugar,Meat,OUT001,High,Tier 2,Supermarket Type1
9.01,0.021,119.22,1998,NC6921,No Sugar,Health and Hygiene,OUT002,Small,Tier 3,Food Mart
14.02,0.065,171.44,1999,FD882,Low Sugar,Baking Goods,OUT003,Medium,Tier 1,Departmental Store
16.64,0.022,127.51,2009,FD1470,Low Sugar,Canned,OUT004,Medium,Tier 2,Supermarket Type2
16.8,0.025,153.62,1987,FD4754,Low Sugar,Breads,OUT001,High,Tier 2,Supermarket Type1
13.98,0.034,162.36,1987,FD6119,Regular,Meat,OUT001,High,Tier 2,Supermarket Type1
15.69,0.116,203.85,1999,FD946,Low Sugar,Dairy,OUT003,Medium,Tier 1,Departmental Store
11.44,0.045,131.36,2009,FD5977,Regular,Fruits and Vegetables,OUT004,Medium,Tier 2,Supermarket Type2
10.66,0.04,161.13,2009,DR1075,Low Sugar,Soft Drinks,OUT004,Medium,Tier 2,Supermarket Type2
9.87,0.023,122.38,1987,NC4513,No Sugar,Health and Hygiene,OUT001,High,Tier 2,Supermarket Type1
12.78,0.045,155.31,2009,FD4952,Low Sugar,Dairy,OUT004,Medium,Tier 2,Supermarket Type2
10.07,0.035,126.01,1987,NC7558,No Sugar,Health and Hygiene,OUT001,High,Tier 2,Supermarket Type1
11.45,0.073,179.48,2009,FD4867,Regular,Frozen Foods,OUT004,Medium,Tier 2,Supermarket Type2
8.7,0.14,136.65,1987,FD3945,Low Sugar,Frozen Foods,OUT001,High,Tier 2,Supermarket Type1
11.85,0.026,138.75,2009,FD8264,Low Sugar,Snack Foods,OUT004,Medium,Tier 2,Supermarket Type2
12.88,0.171,129.97,2009,FD476,Low Sugar,Frozen Foods,OUT004,Medium,Tier 2,Supermarket Type2
15.37,0.035,174.97,1987,FD2937,Low Sugar,Fruits and Vegetables,OUT001,High,Tier 2,Supermarket Type1
12.42,0.168,129.59,2009,FD8595,Low Sugar,Fruits and Vegetables,OUT004,Medium,Tier 2,Supermarket Type2
13.37,0.164,143.37,2009,FD8239,Regular,Baking Goods,OUT004,Medium,Tier 2,Supermarket Type2
11.74,0.154,117.14,2009,FD3589,Low Sugar,Baking Goods,OUT004,Medium,Tier 2,Supermarket Type2
12.39,0.073,102.87,1987,DR3959,Low Sugar,Soft Drinks,OUT001,High,Tier 2,Supermarket Type1
12.1,0.147,166.09,2009,FD3323,Low Sugar,Baking Goods,OUT004,Medium,Tier 2,Supermarket Type2
13.84,0.076,167.8,1987,NC8013,No Sugar,Household,OUT001,High,Tier 2,Supermarket Type1
17.0,0.098,169.53,1999,FD5748,Regular,Baking Goods,OUT003,Medium,Tier 1,Departmental Store
7.47,0.047,141.41,1998,FD4426,Low Sugar,Frozen Foods,OUT002,Small,Tier 3,Food Mart
13.96,0.044,121.53,2009,NC6284,No Sugar,Household,OUT004,Medium,Tier 2,Supermarket Type2
13.8,0.095,141.98,2009,FD930,Low Sugar,Fruits and Vegetables,OUT004,Medium,Tier 2,Supermarket Type2
11.92,0.048,111.83,2009,FD7179,Low Sugar,Frozen Foods,OUT004,Medium,Tier 2,Supermarket Type2
15.69,0.04,147.62,1987,NC1621,No Sugar,Health and Hygiene,OUT001,High,Tier 2,Supermarket Type1
12.5,0.029,185.02,1987,FD5946,Regular,Fruits and Vegetables,OUT001,High,Tier 2,Supermarket Type1
12.4,0.097,137.46,2009,FD7984,Low Sugar,Frozen Foods,OUT004,Medium,Tier 2,Supermarket Type2
12.4,0.075,152.97,2009,FD727,Low Sugar,Canned,OUT004,Medium,Tier 2,Supermarket Type2
13.69,0.096,117.1,2009,FD1376,Low Sugar,Frozen Foods,OUT004,Medium,Tier 2,Supermarket Type2
12.72,0.169,123.16,2009,FD7653,Regular,Meat,OUT004,Medium,Tier 2,Supermarket Type2
11.45,0.071,131.66,2009,FD6752,Low Sugar,Frozen Foods,OUT004,Medium,Tier 2,Supermarket Type2
12.63,0.038,129.35,2009,NC8475,No Sugar,Household,OUT004,Medium,Tier 2,Supermarket Type2
14.0,0.061,155.05,2009,FD3010,Low Sugar,Dairy,OUT004,Medium,Tier 2,Supermarket Type2
9.68,0.013,71.53,1998,FD4162,Regular,Canned,OUT002,Small,Tier 3,Food Mart
8.99,0.142,165.8,2009,FD605,Regular,Snack Foods,OUT004,Medium,Tier 2,Supermarket Type2
11.13,0.065,123.74,2009,FD2748,Low Sugar,Meat,OUT004,Medium,Tier 2,Supermarket Type2
16.57,0.062,214.52,1999,NC6730,No Sugar,Health and Hygiene,OUT003,Medium,Tier 1,Departmental Store
13.15,0.033,140.79,2009,FD5286,Low Sugar,Baking Goods,OUT004,Medium,Tier 2,Supermarket Type2
14.78,0.011,204.99,1999,FD7794,Regular,Canned,OUT003,Medium,Tier 1,Departmental Store
17.43,0.053,161.75,1999,FD4134,Regular,Fruits and Vegetables,OUT003,Medium,Tier 1,Departmental Store
9.16,0.049,110.5,1998,FD3702,Low Sugar,Frozen Foods,OUT002,Small,Tier 3,Food Mart
13.28,0.089,177.37,1999,FD5675,Low Sugar,Snack Foods,OUT003,Medium,Tier 1,Departmental Store
16.2,0.087,174.04,1987,FD2555,Low Sugar,Meat,OUT001,High,Tier 2,Supermarket Type1
10.76,0.023,130.29,2009,FD985,Low Sugar,Snack Foods,OUT004,Medium,Tier 2,Supermarket Type2
14.06,0.086,145.23,2009,FD4073,Low Sugar,Dairy,OUT004,Medium,Tier 2,Supermarket Type2
14.04,0.042,147.35,2009,FD7129,Low Sugar,Dairy,OUT004,Medium,Tier 2,Supermarket Type2
7.72,0.123,127.19,1998,NC6611,No Sugar,Household,OUT002,Small,Tier 3,Food Mart
10.93,0.052,116.4,1987,NC5709,No Sugar,Household,OUT001,High,Tier 2,Supermarket Type1
14.0,0.235,120.56,2009,FD6658,Low Sugar,Snack Foods,OUT004,Medium,Tier 2,Supermarket Type2
12.58,0.184,166.09,2009,FD6607,Low Sugar,Fruits and Vegetables,OUT004,Medium,Tier 2,Supermarket Type2
12.81,0.173,104.38,2009,NC2548,No Sugar,Health and Hygiene,OUT004,Medium,Tier 2,Supermarket Type2
15.69,0.024,153.0,1999,FD4937,Low Sugar,Snack Foods,OUT003,Medium,Tier 1,Departmental Store
10.41,0.083,143.89,2009,FD6363,Low Sugar,Baking Goods,OUT004,Medium,Tier 2,Supermarket Type2
13.01,0.026,117.67,2009,FD1066,Low Sugar,Canned,OUT004,Medium,Tier 2,Supermarket Type2
15.55,0.038,212.47,1999,FD5954,Low Sugar,Breakfast,OUT003,Medium,Tier 1,Departmental Store
11.45,0.076,135.71,2009,NC4733,No Sugar,Health and Hygiene,OUT004,Medium,Tier 2,Supermarket Type2
13.29,0.121,149.68,2009,FD876,Low Sugar,Fruits and Vegetables,OUT004,Medium,Tier 2,Supermarket Type2
13.54,0.052,117.42,2009,FD3268,Low Sugar,Snack Foods,OUT004,Medium,Tier 2,Supermarket Type2
12.49,0.028,151.92,2009,NC1651,No Sugar,Health and Hygiene,OUT004,Medium,Tier 2,Supermarket Type2
12.9,0.036,163.28,2009,FD6846,Regular,Fruits and Vegetables,OUT004,Medium,Tier 2,Supermarket Type2
11.19,0.079,89.77,1998,FD5754,Regular,Fruits and Vegetables,OUT002,Small,Tier 3,Food Mart
13.12,0.061,195.77,1987,FD5221,Low Sugar,Fruits and Vegetables,OUT001,High,Tier 2,Supermarket Type1
12.74,0.044,126.42,2009,FD1972,Low Sugar,Dairy,OUT004,Medium,Tier 2,Supermarket Type2
14.39,0.113,155.48,1987,NC4769,No Sugar,Health and Hygiene,OUT001,High,Tier 2,Supermarket Type1
13.81,0.016,114.58,2009,FD4094,Low Sugar,Fruits and Vegetables,OUT004,Medium,Tier 2,Supermarket Type2
12.19,0.079,149.15,2009,NC975,No Sugar,Household,OUT004,Medium,Tier 2,Supermarket Type2
12.64,0.145,167.38,2009,FD6082,Low Sugar,Baking Goods,OUT004,Medium,Tier 2,Supermarket Type2
12.21,0.061,179.04,1987,FD5212,Low Sugar,Snack Foods,OUT001,High,Tier 2,Supermarket Type1
14.44,0.144,134.95,2009,DR7780,Regular,Hard Drinks,OUT004,Medium,Tier 2,Supermarket Type2
13.18,0.032,119.1,2009,NC5664,No Sugar,Health and Hygiene,OUT004,Medium,Tier 2,Supermarket Type2
15.28,0.074,165.12,1999,NC437,No Sugar,Household,OUT003,Medium,Tier 1,Departmental Store
14.68,0.15,190.38,1987,FD606,Low Sugar,Snack Foods,OUT001,High,Tier 2,Supermarket Type1
13.18,0.076,132.7,2009,FD3924,reg,Frozen Foods,OUT004,Medium,Tier 2,Supermarket Type2
14.04,0.051,164.05,1987,FD7101,Low Sugar,Snack Foods,OUT001,High,Tier 2,Supermarket Type1
16.1,0.053,178.19,1987,FD8643,Regular,Meat,OUT001,High,Tier 2,Supermarket Type1
16.85,0.086,189.55,1999,FD6599,Low Sugar,Frozen Foods,OUT003,Medium,Tier 1,Departmental Store
12.58,0.006,182.69,1987,FD3240,Regular,Meat,OUT001,High,Tier 2,Supermarket Type1
12.55,0.021,144.89,2009,FD1581,Low Sugar,Fruits and Vegetables,OUT004,Medium,Tier 2,Supermarket Type2
10.29,0.041,154.53,2009,NC4067,No Sugar,Others,OUT004,Medium,Tier 2,Supermarket Type2
14.62,0.082,206.45,1999,DR7501,Low Sugar,Soft Drinks,OUT003,Medium,Tier 1,Departmental Store
14.69,0.061,149.79,2009,NC3651,No Sugar,Health and Hygiene,OUT004,Medium,Tier 2,Supermarket Type2
11.4,0.049,124.33,2009,NC5359,No Sugar,Household,OUT004,Medium,Tier 2,Supermarket Type2
8.98,0.041,145.29,2009,FD7172,Low Sugar,Meat,OUT004,Medium,Tier 2,Supermarket Type2
14.47,0.138,197.48,1987,FD5648,Regular,Canned,OUT001,High,Tier 2,Supermarket Type1
11.12,0.184,195.38,1987,FD3715,Low Sugar,Dairy,OUT001,High,Tier 2,Supermarket Type1
10.83,0.073,149.99,2009,NC1909,No Sugar,Household,OUT004,Medium,Tier 2,Supermarket Type2
10.01,0.038,103.43,1998,FD1738,Regular,Fruits and Vegetables,OUT002,Small,Tier 3,Food Mart
10.27,0.126,68.56,1998,FD5627,Regular,Fruits and Vegetables,OUT002,Small,Tier 3,Food Mart
7.97,0.086,100.48,1998,FD3445,Low Sugar,Fruits and Vegetables,OUT002,Small,Tier 3,Food Mart
14.23,0.045,139.65,2009,FD3865,Low Sugar,Dairy,OUT004,Medium,Tier 2,Supermarket Type2
10.74,0.011,113.12,1987,NC6881,No Sugar,Health and Hygiene,OUT001,High,Tier 2,Supermarket Type1
15.01,0.011,160.4,1999,FD983,Low Sugar,Starchy Foods,OUT003,Medium,Tier 1,Departmental Store
15.45,0.029,216.55,1999,NC2455,No Sugar,Health and Hygiene,OUT003,Medium,Tier 1,Departmental Store
10.18,0.08,139.93,2009,FD3576,Low Sugar,Snack Foods,OUT004,Medium,Tier 2,Supermarket Type2
8.35,0.01,149.16,2009,FD1962,Low Sugar,Snack Foods,OUT004,Medium,Tier 2,Supermarket Type2
9.74,0.065,183.82,2009,FD6413,Regular,Canned,OUT004,Medium,Tier 2,Supermarket Type2
14.11,0.035,155.51,2009,FD1879,Low Sugar,Fruits and Vegetables,OUT004,Medium,Tier 2,Supermarket Type2
14.77,0.024,137.65,2009,FD6682,Low Sugar,Fruits and Vegetables,OUT004,Medium,Tier 2,Supermarket Type2
12.76,0.118,132.28,2009,NC5737,No Sugar,Household,OUT004,Medium,Tier 2,Supermarket Type2
13.83,0.022,136.53,2009,FD5581,Low Sugar,Dairy,OUT004,Medium,Tier 2,Supermarket Type2
13.64,0.006,133.06,2009,NC7228,No Sugar,Health and Hygiene,OUT004,Medium,Tier 2,Supermarket Type2
10.4,0.011,157.73,2009,FD1609,Low Sugar,Canned,OUT004,Medium,Tier 2,Supermarket Type2
8.47,0.145,105.74,1998,FD2395,Low Sugar,Frozen Foods,OUT002,Small,Tier 3,Food Mart
10.62,0.123,94.13,1998,DR7451,Regular,Hard Drinks,OUT002,Small,Tier 3,Food Mart
13.95,0.034,127.5,2009,FD5758,Low Sugar,Baking Goods,OUT004,Medium,Tier 2,Supermarket Type2
11.7,0.007,98.39,1998,FD8149,Regular,Breakfast,OUT002,Small,Tier 3,Food Mart
12.48,0.143,129.02,2009,FD3943,Low Sugar,Dairy,OUT004,Medium,Tier 2,Supermarket Type2
12.54,0.09,203.53,1998,DR426,Low Sugar,Hard Drinks,OUT002,Small,Tier 3,Food Mart
13.12,0.227,128.71,1998,FD595,Low Sugar,Snack Foods,OUT002,Small,Tier 3,Food Mart
14.74,0.098,131.15,2009,FD1657,Low Sugar,Baking Goods,OUT004,Medium,Tier 2,Supermarket Type2
14.16,0.077,179.68,1999,FD5990,Low Sugar,Snack Foods,OUT003,Medium,Tier 1,Departmental Store
12.87,0.021,116.93,2009,FD3441,Low Sugar,Fruits and Vegetables,OUT004,Medium,Tier 2,Supermarket Type2
10.61,0.007,146.33,2009,FD3242,Low Sugar,Fruits and Vegetables,OUT004,Medium,Tier 2,Supermarket Type2
11.07,0.027,142.87,2009,FD2526,Low Sugar,Meat,OUT004,Medium,Tier 2,Supermarket Type2
10.48,0.006,131.54,2009,FD7248,Low Sugar,Frozen Foods,OUT004,Medium,Tier 2,Supermarket Type2
12.23,0.081,138.72,2009,FD3524,Low Sugar,Fruits and Vegetables,OUT004,Medium,Tier 2,Supermarket Type2
11.28,0.026,116.28,2009,FD6346,Regular,Breakfast,OUT004,Medium,Tier 2,Supermarket Type2
12.79,0.012,154.5,2009,NC1840,No Sugar,Health and Hygiene,OUT004,Medium,Tier 2,Supermarket Type2
13.13,0.022,138.97,2009,FD1070,Regular,Dairy,OUT004,Medium,Tier 2,Supermarket Type2
11.67,0.068,195.86,1999,FD2800,Low Sugar,Frozen Foods,OUT003,Medium,Tier 1,Departmental Store
15.28,0.029,151.04,1987,FD3109,Low Sugar,Meat,OUT001,High,Tier 2,Supermarket Type1
14.97,0.032,159.59,1999,FD5512,Low Sugar,Dairy,OUT003,Medium,Tier 1,Departmental Store
15.34,0.041,131.02,2009,FD8516,Regular,Fruits and Vegetables,OUT004,Medium,Tier 2,Supermarket Type2
7.35,0.013,54.69,1998,FD3204,Regular,Fruits and Vegetables,OUT002,Small,Tier 3,Food Mart
13.53,0.147,127.14,2009,FD4050,Low Sugar,Canned,OUT004,Medium,Tier 2,Supermarket Type2
16.21,0.056,129.8,2009,FD2575,Low Sugar,Snack Foods,OUT004,Medium,Tier 2,Supermarket Type2
16.09,0.054,158.33,1999,FD7510,Low Sugar,Fruits and Vegetables,OUT003,Medium,Tier 1,Departmental Store
17.55,0.094,210.79,1999,FD5517,reg,Starchy Foods,OUT003,Medium,Tier 1,Departmental Store
12.59,0.036,137.42,2009,DR981,Low Sugar,Soft Drinks,OUT004,Medium,Tier 2,Supermarket Type2
13.17,0.09,141.71,2009,FD8409,Low Sugar,Canned,OUT004,Medium,Tier 2,Supermarket Type2
14.41,0.01,142.55,2009,FD1058,Low Sugar,Snack Foods,OUT004,Medium,Tier 2,Supermarket Type2
12.75,0.186,128.06,2009,DR6691,Low Sugar,Hard Drinks,OUT004,Medium,Tier 2,Supermarket Type2
12.85,0.022,158.13,2009,FD2317,Low Sugar,Fruits and Vegetables,OUT004,Medium,Tier 2,Supermarket Type2
12.12,0.099,150.48,2009,FD6293,Low Sugar,Canned,OUT004,Medium,Tier 2,Supermarket Type2
13.5,0.066,125.21,2009,FD3467,Low Sugar,Fruits and Vegetables,OUT004,Medium,Tier 2,Supermarket Type2
12.1,0.112,186.31,1987,FD8233,Low Sugar,Baking Goods,OUT001,High,Tier 2,Supermarket Type1
14.35,0.051,163.5,1987,FD2705,Regular,Snack Foods,OUT001,High,Tier 2,Supermarket Type1
11.29,0.043,140.38,2009,FD3154,Low Sugar,Breakfast,OUT004,Medium,Tier 2,Supermarket Type2
14.17,0.036,126.16,2009,DR2804,Regular,Soft Drinks,OUT004,Medium,Tier 2,Supermarket Type2
14.75,0.163,197.84,1987,FD4836,Regular,Snack Foods,OUT001,High,Tier 2,Supermarket Type1
12.03,0.053,113.64,2009,FD5680,Low Sugar,Snack Foods,OUT004,Medium,Tier 2,Supermarket Type2
15.94,0.1,146.68,1987,DR5974,Low Sugar,Soft Drinks,OUT001,High,Tier 2,Supermarket Type1
15.06,0.118,132.98,2009,FD3636,Regular,Fruits and Vegetables,OUT004,Medium,Tier 2,Supermarket Type2
11.44,0.097,126.14,2009,DR2104,Regular,Hard Drinks,OUT004,Medium,Tier 2,Supermarket Type2
11.3,0.115,80.32,1998,FD692,Low Sugar,Frozen Foods,OUT002,Small,Tier 3,Food Mart
16.46,0.041,121.88,2009,NC4618,No Sugar,Health and Hygiene,OUT004,Medium,Tier 2,Supermarket Type2
16.08,0.06,190.71,1999,FD5511,Low Sugar,Canned,OUT003,Medium,Tier 1,Departmental Store
12.19,0.032,155.23,2009,FD8108,Low Sugar,Canned,OUT004,Medium,Tier 2,Supermarket Type2
14.3,0.023,168.49,1999,FD1003,Regular,Dairy,OUT003,Medium,Tier 1,Departmental Store
11.63,0.142,140.05,2009,FD4322,Low Sugar,Fruits and Vegetables,OUT004,Medium,Tier 2,Supermarket Type2
13.75,0.033,123.05,2009,NC1047,No Sugar,Health and Hygiene,OUT004,Medium,Tier 2,Supermarket Type2
11.69,0.143,75.71,1998,FD3623,Regular,Breads,OUT002,Small,Tier 3,Food Mart
11.91,0.132,156.08,2009,FD7352,Low Sugar,Baking Goods,OUT004,Medium,Tier 2,Supermarket Type2
12.61,0.058,96.67,1987,FD5402,Regular,Canned,OUT001,High,Tier 2,Supermarket Type1
15.03,0.11,142.01,2009,FD6699,Low Sugar,Snack Foods,OUT004,Medium,Tier 2,Supermarket Type2
12.09,0.094,163.37,2009,FD8001,Low Sugar,Snack Foods,OUT004,Medium,Tier 2,Supermarket Type2
12.6,0.03,160.34,2009,FD8546,Low Sugar,Meat,OUT004,Medium,Tier 2,Supermarket Type2
14.96,0.142,123.24,2009,FD3042,Low Sugar,Frozen Foods,OUT004,Medium,Tier 2,Supermarket Type2
11.86,0.024,154.57,2009,FD7746,Low Sugar,Starchy Foods,OUT004,Medium,Tier 2,Supermarket Type2
13.49,0.017,150.9,2009,FD282,Low Sugar,Fruits and Vegetables,OUT004,Medium,Tier 2,Supermarket Type2
12.38,0.069,111.05,2009,FD7969,Low Sugar,Fruits and Vegetables,OUT004,Medium,Tier 2,Supermarket Type2
11.0,0.119,127.96,2009,FD2327,Regular,Baking Goods,OUT004,Medium,Tier 2,Supermarket Type2
16.7,0.039,218.28,1999,FD3031,Low Sugar,Baking Goods,OUT003,Medium,Tier 1,Departmental Store
11.41,0.119,144.12,2009,FD1456,Low Sugar,Snack Foods,OUT004,Medium,Tier 2,Supermarket Type2
7.42,0.044,75.01,1998,DR3327,Low Sugar,Soft Drinks,OUT002,Small,Tier 3,Food Mart
11.16,0.024,136.88,2009,FD6528,Low Sugar,Snack Foods,OUT004,Medium,Tier 2,Supermarket Type2
15.32,0.183,196.69,1999,FD1238,Low Sugar,Baking Goods,OUT003,Medium,Tier 1,Departmental Store
12.76,0.038,150.68,2009,NC6195,No Sugar,Health and Hygiene,OUT004,Medium,Tier 2,Supermarket Type2
14.65,0.019,202.02,1999,FD5933,Low Sugar,Snack Foods,OUT003,Medium,Tier 1,Departmental Store
12.92,0.089,91.38,1987,FD1521,Low Sugar,Fruits and Vegetables,OUT001,High,Tier 2,Supermarket Type1
13.22,0.023,164.45,2009,FD4377,Low Sugar,Fruits and Vegetables,OUT004,Medium,Tier 2,Supermarket Type2
12.89,0.076,164.5,2009,FD5783,Low Sugar,Baking Goods,OUT004,Medium,Tier 2,Supermarket Type2
13.76,0.035,156.96,2009,FD3625,Low Sugar,Canned,OUT004,Medium,Tier 2,Supermarket Type2
13.22,0.018,142.85,2009,NC7230,No Sugar,Others,OUT004,Medium,Tier 2,Supermarket Type2
14.96,0.076,182.36,1987,FD161,Low Sugar,Fruits and Vegetables,OUT001,High,Tier 2,Supermarket Type1
10.85,0.11,107.21,1998,FD4691,Low Sugar,Fruits and Vegetables,OUT002,Small,Tier 3,Food Mart
11.99,0.114,153.17,2009,FD2220,Low Sugar,Fruits and Vegetables,OUT004,Medium,Tier 2,Supermarket Type2
12.72,0.09,159.16,2009,NC2232,No Sugar,Household,OUT004,Medium,Tier 2,Supermarket Type2
13.57,0.089,155.39,2009,FD4537,Regular,Fruits and Vegetables,OUT004,Medium,Tier 2,Supermarket Type2
11.71,0.026,154.94,2009,FD3040,Regular,Snack Foods,OUT004,Medium,Tier 2,Supermarket Type2
11.93,0.142,156.09,2009,NC5804,No Sugar,Household,OUT004,Medium,Tier 2,Supermarket Type2
15.94,0.042,146.67,1987,FD3097,Regular,Snack Foods,OUT001,High,Tier 2,Supermarket Type1
13.07,0.015,179.76,1999,FD8021,Regular,Canned,OUT003,Medium,Tier 1,Departmental Store
12.57,0.026,128.95,2009,FD1668,Regular,Frozen Foods,OUT004,Medium,Tier 2,Supermarket Type2
11.08,0.013,132.08,2009,FD7867,Low Sugar,Canned,OUT004,Medium,Tier 2,Supermarket Type2
12.7,0.034,178.53,1987,FD6093,Regular,Meat,OUT001,High,Tier 2,Supermarket Type1
15.4,0.058,169.62,1987,FD7504,Low Sugar,Snack Foods,OUT001,High,Tier 2,Supermarket Type1
13.74,0.098,164.13,1987,FD7087,Regular,Meat,OUT001,High,Tier 2,Supermarket Type1
14.33,0.016,174.91,1999,FD2491,Low Sugar,Frozen Foods,OUT003,Medium,Tier 1,Departmental Store
10.72,0.157,136.7,2009,FD8721,Low Sugar,Canned,OUT004,Medium,Tier 2,Supermarket Type2
15.69,0.022,179.95,1987,NC5547,No Sugar,Health and Hygiene,OUT001,High,Tier 2,Supermarket Type1
9.99,0.291,154.53,2009,FD767,Low Sugar,Frozen Foods,OUT004,Medium,Tier 2,Supermarket Type2
10.78,0.064,66.05,1998,NC3121,No Sugar,Household,OUT002,Small,Tier 3,Food Mart
10.79,0.14,102.78,1998,FD2803,Low Sugar,Frozen Foods,OUT002,Small,Tier 3,Food Mart
14.3,0.028,122.07,2009,FD7760,Low Sugar,Snack Foods,OUT004,Medium,Tier 2,Supermarket Type2
14.57,0.054,143.73,2009,FD3324,Low Sugar,Snack Foods,OUT004,Medium,Tier 2,Supermarket Type2
10.01,0.084,136.42,2009,FD7805,Low Sugar,Dairy,OUT004,Medium,Tier 2,Supermarket Type2
9.78,0.042,75.19,1998,NC7566,No Sugar,Household,OUT002,Small,Tier 3,Food Mart
14.46,0.086,180.33,1987,FD2263,Low Sugar,Frozen Foods,OUT001,High,Tier 2,Supermarket Type1
8.81,0.123,142.88,2009,FD7427,Regular,Meat,OUT004,Medium,Tier 2,Supermarket Type2
14.01,0.054,151.25,2009,FD164,Low Sugar,Meat,OUT004,Medium,Tier 2,Supermarket Type2
14.44,0.025,178.33,1999,FD3897,Low Sugar,Snack Foods,OUT003,Medium,Tier 1,Departmental Store
11.02,0.094,134.32,2009,FD5097,Low Sugar,Canned,OUT004,Medium,Tier 2,Supermarket Type2
12.81,0.067,153.02,2009,NC3747,No Sugar,Household,OUT004,Medium,Tier 2,Supermarket Type2
17.45,0.097,195.34,1999,NC4605,No Sugar,Others,OUT003,Medium,Tier 1,Departmental Store
11.75,0.055,180.2,2009,FD4275,Low Sugar,Fruits and Vegetables,OUT004,Medium,Tier 2,Supermarket Type2
16.02,0.049,177.08,1987,FD5305,Regular,Snack Foods,OUT001,High,Tier 2,Supermarket Type1
12.76,0.088,124.54,2009,NC2492,No Sugar,Household,OUT004,Medium,Tier 2,Supermarket Type2
11.5,0.181,134.89,2009,FD7557,Low Sugar,Frozen Foods,OUT004,Medium,Tier 2,Supermarket Type2
14.06,0.154,136.44,2009,FD5374,Low Sugar,Breads,OUT004,Medium,Tier 2,Supermarket Type2
12.79,0.052,174.82,1987,FD7897,Low Sugar,Snack Foods,OUT001,High,Tier 2,Supermarket Type1
10.86,0.151,90.61,1998,NC5369,No Sugar,Health and Hygiene,OUT002,Small,Tier 3,Food Mart
9.71,0.178,99.69,1998,FD1682,Regular,Meat,OUT002,Small,Tier 3,Food Mart
13.9,0.024,177.0,1999,FD1087,Regular,Dairy,OUT003,Medium,Tier 1,Departmental Store
12.6,0.066,173.8,2009,NC2419,No Sugar,Household,OUT004,Medium,Tier 2,Supermarket Type2
10.74,0.018,136.63,2009,FD2528,Low Sugar,Starchy Foods,OUT004,Medium,Tier 2,Supermarket Type2
15.36,0.081,171.27,1987,FD5932,Low Sugar,Dairy,OUT001,High,Tier 2,Supermarket Type1
15.91,0.071,207.89,1999,FD7523,Regular,Snack Foods,OUT003,Medium,Tier 1,Departmental Store
12.93,0.015,156.76,2009,FD3460,Regular,Canned,OUT004,Medium,Tier 2,Supermarket Type2
13.36,0.018,123.99,2009,FD3078,Regular,Baking Goods,OUT004,Medium,Tier 2,Supermarket Type2
11.12,0.074,155.07,1998,FD8,Regular,Meat,OUT002,Small,Tier 3,Food Mart
10.0,0.011,148.3,2009,FD2166,Low Sugar,Canned,OUT004,Medium,Tier 2,Supermarket Type2
9.87,0.049,141.7,2009,FD5461,Regular,Canned,OUT004,Medium,Tier 2,Supermarket Type2
13.55,0.026,201.53,1987,FD7407,Low Sugar,Frozen Foods,OUT001,High,Tier 2,Supermarket Type1
12.23,0.019,133.93,2009,FD8718,Low Sugar,Meat,OUT004,Medium,Tier 2,Supermarket Type2
10.36,0.023,184.87,2009,FD2945,Regular,Baking Goods,OUT004,Medium,Tier 2,Supermarket Type2
7.32,0.09,110.03,1998,FD8453,Low Sugar,Canned,OUT002,Small,Tier 3,Food Mart
14.28,0.082,134.29,2009,FD8183,Regular,Baking Goods,OUT004,Medium,Tier 2,Supermarket Type2
10.49,0.055,84.61,1998,DR5397,Low Sugar,Soft Drinks,OUT002,Small,Tier 3,Food Mart
15.2,0.062,155.22,1987,FD547,Low Sugar,Frozen Foods,OUT001,High,Tier 2,Supermarket Type1
13.87,0.045,204.18,1999,FD73,Low Sugar,Baking Goods,OUT003,Medium,Tier 1,Departmental Store
12.29,0.031,126.11,2009,FD2286,Low Sugar,Fruits and Vegetables,OUT004,Medium,Tier 2,Supermarket Type2
15.67,0.038,168.16,1987,FD1880,Low Sugar,Canned,OUT001,High,Tier 2,Supermarket Type1
12.35,0.005,157.91,2009,FD142,Regular,Canned,OUT004,Medium,Tier 2,Supermarket Type2
10.89,0.021,134.76,2009,FD3169,Low Sugar,Canned,OUT004,Medium,Tier 2,Supermarket Type2
14.08,0.089,138.75,2009,FD3288,Regular,Fruits and Vegetables,OUT004,Medium,Tier 2,Supermarket Type2
15.69,0.007,189.9,1999,FD1635,Regular,Baking Goods,OUT003,Medium,Tier 1,Departmental Store
14.59,0.021,170.9,1999,FD4201,Low Sugar,Baking Goods,OUT003,Medium,Tier 1,Departmental Store
7.23,0.067,103.66,1998,FD4774,Low Sugar,Frozen Foods,OUT002,Small,Tier 3,Food Mart
11.24,0.128,153.2,2009,FD2200,Low Sugar,Dairy,OUT004,Medium,Tier 2,Supermarket Type2
9.92,0.031,107.68,1998,FD6302,Low Sugar,Snack Foods,OUT002,Small,Tier 3,Food Mart
16.31,0.11,191.33,1999,FD2084,Regular,Breads,OUT003,Medium,Tier 1,Departmental Store
10.69,0.025,146.43,2009,FD776,Low Sugar,Frozen Foods,OUT004,Medium,Tier 2,Supermarket Type2
11.18,0.036,124.9,2009,FD7210,Low Sugar,Baking Goods,OUT004,Medium,Tier 2,Supermarket Type2
14.53,0.056,142.43,2009,FD2434,Low Sugar,Canned,OUT004,Medium,Tier 2,Supermarket Type2
13.29,0.017,148.31,2009,FD6871,Low Sugar,Snack Foods,OUT004,Medium,Tier 2,Supermarket Type2
11.17,0.076,103.84,1998,FD4057,Low Sugar,Canned,OUT002,Small,Tier 3,Food Mart
11.37,0.12,106.48,1987,FD461,Low Sugar,Fruits and Vegetables,OUT001,High,Tier 2,Supermarket Type1
11.5,0.03,120.85,2009,FD1323,Low Sugar,Snack Foods,OUT004,Medium,Tier 2,Supermarket Type2
11.73,0.004,146.52,2009,NC3366,No Sugar,Health and Hygiene,OUT004,Medium,Tier 2,Supermarket Type2
13.6,0.017,159.2,2009,FD6417,Low Sugar,Fruits and Vegetables,OUT004,Medium,Tier 2,Supermarket Type2
14.26,0.031,165.26,1987,DR1469,Regular,Soft Drinks,OUT001,High,Tier 2,Supermarket Type1
14.96,0.105,167.64,1999,FD3854,Low Sugar,Fruits and Vegetables,OUT003,Medium,Tier 1,Departmental Store
9.06,0.023,142.99,2009,NC5132,No Sugar,Household,OUT004,Medium,Tier 2,Supermarket Type2
11.64,0.056,71.59,1998,FD6115,Low Sugar,Fruits and Vegetables,OUT002,Small,Tier 3,Food Mart
11.46,0.031,203.87,1999,FD2253,Low Sugar,Baking Goods,OUT003,Medium,Tier 1,Departmental Store
15.72,0.076,178.39,1987,FD7252,Regular,Snack Foods,OUT001,High,Tier 2,Supermarket Type1
17.45,0.105,174.27,1999,FD4748,Low Sugar,Dairy,OUT003,Medium,Tier 1,Departmental Store
10.77,0.049,169.27,1999,FD507,Low Sugar,Fruits and Vegetables,OUT003,Medium,Tier 1,Departmental Store
9.03,0.039,168.43,2009,NC1274,No Sugar,Health and Hygiene,OUT004,Medium,Tier 2,Supermarket Type2
6.35,0.042,99.53,1998,DR6273,Low Sugar,Hard Drinks,OUT002,Small,Tier 3,Food Mart
12.0,0.037,190.15,1987,FD3671,Regular,Canned,OUT001,High,Tier 2,Supermarket Type1
12.02,0.148,100.09,1999,FD43,Regular,Meat,OUT003,Medium,Tier 1,Departmental Store
12.2,0.004,157.39,2009,NC7351,No Sugar,Household,OUT004,Medium,Tier 2,Supermarket Type2
10.31,0.026,117.43,1987,NC7237,No Sugar,Health and Hygiene,OUT001,High,Tier 2,Supermarket Type1
15.38,0.171,162.4,1999,DR2786,Low Sugar,Soft Drinks,OUT003,Medium,Tier 1,Departmental Store
13.54,0.031,144.12,2009,FD2266,Low Sugar,Baking Goods,OUT004,Medium,Tier 2,Supermarket Type2
9.3,0.009,142.03,2009,FD2128,Low Sugar,Frozen Foods,OUT004,Medium,Tier 2,Supermarket Type2
13.75,0.034,144.12,2009,FD4341,Regular,Snack Foods,OUT004,Medium,Tier 2,Supermarket Type2
13.35,0.055,216.9,1999,FD428,Regular,Dairy,OUT003,Medium,Tier 1,Departmental Store
14.15,0.021,147.57,2009,FD2345,Low Sugar,Breads,OUT004,Medium,Tier 2,Supermarket Type2
12.84,0.093,128.06,2009,FD1648,Low Sugar,Snack Foods,OUT004,Medium,Tier 2,Supermarket Type2
10.79,0.03,149.41,2009,NC7103,No Sugar,Household,OUT004,Medium,Tier 2,Supermarket Type2
12.41,0.031,165.23,1999,FD293,Regular,Fruits and Vegetables,OUT003,Medium,Tier 1,Departmental Store
15.79,0.082,192.06,1999,FD2246,Regular,Starchy Foods,OUT003,Medium,Tier 1,Departmental Store
13.87,0.083,166.67,1987,FD3132,Low Sugar,Snack Foods,OUT001,High,Tier 2,Supermarket Type1
11.64,0.046,185.7,1987,FD8657,Low Sugar,Meat,OUT001,High,Tier 2,Supermarket Type1
16.07,0.03,189.89,1999,FD6868,Low Sugar,Baking Goods,OUT003,Medium,Tier 1,Departmental Store
16.01,0.085,163.0,1987,FD4136,Regular,Frozen Foods,OUT001,High,Tier 2,Supermarket Type1
12.29,0.103,136.06,2009,NC6097,No Sugar,Household,OUT004,Medium,Tier 2,Supermarket Type2
11.99,0.091,176.49,2009,FD6039,Regular,Breads,OUT004,Medium,Tier 2,Supermarket Type2
11.4,0.031,143.26,1998,FD494,Low Sugar,Dairy,OUT002,Small,Tier 3,Food Mart
8.26,0.014,62.9,1998,DR4116,Low Sugar,Soft Drinks,OUT002,Small,Tier 3,Food Mart
13.74,0.085,150.93,2009,FD6031,Low Sugar,Snack Foods,OUT004,Medium,Tier 2,Supermarket Type2
15.0,0.097,171.64,1999,NC2081,No Sugar,Others,OUT003,Medium,Tier 1,Departmental Store
12.87,0.035,171.04,2009,FD6728,Regular,Snack Foods,OUT004,Medium,Tier 2,Supermarket Type2
14.99,0.014,174.24,1987,FD2459,Regular,Frozen Foods,OUT001,High,Tier 2,Supermarket Type1
13.18,0.038,145.44,2009,FD1315,Regular,Fruits and Vegetables,OUT004,Medium,Tier 2,Supermarket Type2
12.48,0.034,144.21,2009,FD5719,Low Sugar,Frozen Foods,OUT004,Medium,Tier 2,Supermarket Type2
13.91,0.018,131.94,2009,FD5845,Low Sugar,Frozen Foods,OUT004,Medium,Tier 2,Supermarket Type2
10.1,0.071,86.91,1987,NC553,No Sugar,Health and Hygiene,OUT001,High,Tier 2,Supermarket Type1
12.31,0.168,170.72,2009,FD2855,Low Sugar,Meat,OUT004,Medium,Tier 2,Supermarket Type2
16.6,0.116,165.19,1987,FD8616,Low Sugar,Snack Foods,OUT001,High,Tier 2,Supermarket Type1
11.67,0.031,180.88,2009,FD695,Low Sugar,Snack Foods,OUT004,Medium,Tier 2,Supermarket Type2
12.83,0.021,127.2,2009,FD6051,Regular,Snack Foods,OUT004,Medium,Tier 2,Supermarket Type2
14.24,0.077,190.09,1987,FD2514,Regular,Fruits and Vegetables,OUT001,High,Tier 2,Supermarket Type1
12.82,0.026,137.77,2009,FD6298,Low Sugar,Snack Foods,OUT004,Medium,Tier 2,Supermarket Type2
14.54,0.1,176.71,1999,FD1717,Low Sugar,Meat,OUT003,Medium,Tier 1,Departmental Store
10.43,0.066,129.28,2009,FD6649,Low Sugar,Fruits and Vegetables,OUT004,Medium,Tier 2,Supermarket Type2
15.1,0.113,201.12,1999,NC1640,No Sugar,Others,OUT003,Medium,Tier 1,Departmental Store
11.16,0.129,97.84,1998,FD4540,Low Sugar,Meat,OUT002,Small,Tier 3,Food Mart
11.73,0.161,122.44,2009,DR945,Low Sugar,Soft Drinks,OUT004,Medium,Tier 2,Supermarket Type2
14.65,0.032,226.69,1999,NC8572,No Sugar,Household,OUT003,Medium,Tier 1,Departmental Store
10.94,0.014,146.16,2009,FD5433,Low Sugar,Snack Foods,OUT004,Medium,Tier 2,Supermarket Type2
13.29,0.032,152.63,2009,FD3052,Low Sugar,Snack Foods,OUT004,Medium,Tier 2,Supermarket Type2
16.36,0.077,186.49,1999,NC6913,No Sugar,Health and Hygiene,OUT003,Medium,Tier 1,Departmental Store
13.61,0.026,96.63,2009,FD5488,Low Sugar,Snack Foods,OUT004,Medium,Tier 2,Supermarket Type2
13.71,0.031,203.67,1987,NC4753,No Sugar,Household,OUT001,High,Tier 2,Supermarket Type1
10.43,0.047,118.94,1987,FD2582,Regular,Fruits and Vegetables,OUT001,High,Tier 2,Supermarket Type1
14.24,0.159,152.65,2009,DR2608,Regular,Soft Drinks,OUT004,Medium,Tier 2,Supermarket Type2
13.31,0.041,153.11,2009,FD2963,Low Sugar,Fruits and Vegetables,OUT004,Medium,Tier 2,Supermarket Type2
11.67,0.075,77.24,1998,FD8109,Low Sugar,Frozen Foods,OUT002,Small,Tier 3,Food Mart
12.19,0.09,151.42,2009,NC4905,No Sugar,Health and Hygiene,OUT004,Medium,Tier 2,Supermarket Type2
10.46,0.115,181.17,2009,FD2000,Low Sugar,Starchy Foods,OUT004,Medium,Tier 2,Supermarket Type2
16.36,0.068,186.26,1999,DR4422,Regular,Hard Drinks,OUT003,Medium,Tier 1,Departmental Store
16.83,0.054,187.96,1999,FD5272,Regular,Snack Foods,OUT003,Medium,Tier 1,Departmental Store
13.44,0.016,158.08,2009,FD3487,Regular,Dairy,OUT004,Medium,Tier 2,Supermarket Type2
12.89,0.034,138.77,2009,FD2894,Low Sugar,Fruits and Vegetables,OUT004,Medium,Tier 2,Supermarket Type2
10.99,0.015,135.33,2009,FD1723,Low Sugar,Dairy,OUT004,Medium,Tier 2,Supermarket Type2
14.46,0.149,183.73,1987,FD357,Low Sugar,Baking Goods,OUT001,High,Tier 2,Supermarket Type1
15.26,0.039,185.39,1987,FD276,Low Sugar,Canned,OUT001,High,Tier 2,Supermarket Type1
11.55,0.033,145.53,2009,FD7342,Low Sugar,Frozen Foods,OUT004,Medium,Tier 2,Supermarket Type2
9.71,0.031,140.87,2009,FD5347,Low Sugar,Fruits and Vegetables,OUT004,Medium,Tier 2,Supermarket Type2
13.41,0.015,132.67,1998,NC213,No Sugar,Household,OUT002,Small,Tier 3,Food Mart
14.52,0.039,184.85,1987,DR8147,Low Sugar,Soft Drinks,OUT001,High,Tier 2,Supermarket Type1
13.05,0.048,117.79,2009,NC900,No Sugar,Household,OUT004,Medium,Tier 2,Supermarket Type2
13.13,0.064,142.72,2009,FD6215,Regular,Fruits and Vegetables,OUT004,Medium,Tier 2,Supermarket Type2
16.34,0.055,141.81,1987,FD2842,Regular,Canned,OUT001,High,Tier 2,Supermarket Type1
13.67,0.028,150.05,2009,FD7761,Low Sugar,Breads,OUT004,Medium,Tier 2,Supermarket Type2
9.25,0.175,100.47,1998,FD6911,Low Sugar,Dairy,OUT002,Small,Tier 3,Food Mart
12.59,0.039,148.74,2009,FD1015,Low Sugar,Snack Foods,OUT004,Medium,Tier 2,Supermarket Type2
10.23,0.148,130.84,2009,FD6294,Low Sugar,Canned,OUT004,Medium,Tier 2,Supermarket Type2
16.42,0.086,166.24,1987,NC2787,No Sugar,Health and Hygiene,OUT001,High,Tier 2,Supermarket Type1
14.59,0.026,149.84,2009,FD468,Regular,Canned,OUT004,Medium,Tier 2,Supermarket Type2
7.53,0.188,77.56,1998,FD2780,Low Sugar,Frozen Foods,OUT002,Small,Tier 3,Food Mart
10.62,0.046,148.78,2009,NC5769,No Sugar,Household,OUT004,Medium,Tier 2,Supermarket Type2
15.46,0.079,161.23,1999,FD4744,Regular,Snack Foods,OUT003,Medium,Tier 1,Departmental Store
12.73,0.137,130.96,2009,FD7652,Regular,Meat,OUT004,Medium,Tier 2,Supermarket Type2
10.56,0.019,140.99,2009,FD6088,Low Sugar,Breakfast,OUT004,Medium,Tier 2,Supermarket Type2
13.47,0.104,165.38,1987,FD5025,Regular,Meat,OUT001,High,Tier 2,Supermarket Type1
12.92,0.084,135.47,2009,NC7314,No Sugar,Health and Hygiene,OUT004,Medium,Tier 2,Supermarket Type2
12.16,0.024,123.09,2009,FD7486,Regular,Dairy,OUT004,Medium,Tier 2,Supermarket Type2
10.49,0.07,93.99,1998,FD8709,Regular,Baking Goods,OUT002,Small,Tier 3,Food Mart
13.63,0.063,161.04,2009,FD6098,Low Sugar,Breads,OUT004,Medium,Tier 2,Supermarket Type2
14.47,0.038,177.93,1999,FD3937,Low Sugar,Baking Goods,OUT003,Medium,Tier 1,Departmental Store
13.73,0.031,121.84,2009,FD5422,Low Sugar,Frozen Foods,OUT004,Medium,Tier 2,Supermarket Type2
8.11,0.018,145.89,1987,FD1711,Low Sugar,Frozen Foods,OUT001,High,Tier 2,Supermarket Type1
14.86,0.025,183.69,1987,FD665,Regular,Baking Goods,OUT001,High,Tier 2,Supermarket Type1
16.43,0.046,198.47,1999,FD7880,Low Sugar,Frozen Foods,OUT003,Medium,Tier 1,Departmental Store
12.66,0.055,132.23,2009,NC7113,No Sugar,Health and Hygiene,OUT004,Medium,Tier 2,Supermarket Type2
13.25,0.046,146.32,2009,FD1938,Low Sugar,Breakfast,OUT004,Medium,Tier 2,Supermarket Type2
14.26,0.074,173.01,1999,FD3266,Low Sugar,Canned,OUT003,Medium,Tier 1,Departmental Store
11.05,0.061,131.85,2009,FD6192,Low Sugar,Dairy,OUT004,Medium,Tier 2,Supermarket Type2
9.28,0.136,138.34,2009,FD7073,Low Sugar,Canned,OUT004,Medium,Tier 2,Supermarket Type2
12.0,0.031,127.38,2009,FD3116,Regular,Fruits and Vegetables,OUT004,Medium,Tier 2,Supermarket Type2
11.09,0.006,140.83,2009,FD4040,Low Sugar,Frozen Foods,OUT004,Medium,Tier 2,Supermarket Type2
10.67,0.184,104.53,1998,FD1362,Regular,Snack Foods,OUT002,Small,Tier 3,Food Mart
14.49,0.042,194.46,1987,NC1208,No Sugar,Household,OUT001,High,Tier 2,Supermarket Type1
14.73,0.019,150.93,1987,DR4364,Regular,Soft Drinks,OUT001,High,Tier 2,Supermarket Type1
12.96,0.049,150.67,2009,FD1252,Regular,Dairy,OUT004,Medium,Tier 2,Supermarket Type2
16.8,0.019,192.77,1999,FD538,reg,Snack Foods,OUT003,Medium,Tier 1,Departmental Store
11.78,0.017,160.95,2009,FD8015,Low Sugar,Meat,OUT004,Medium,Tier 2,Supermarket Type2
11.38,0.036,142.53,2009,NC3326,No Sugar,Household,OUT004,Medium,Tier 2,Supermarket Type2
12.46,0.053,145.98,2009,NC2862,No Sugar,Health and Hygiene,OUT004,Medium,Tier 2,Supermarket Type2
12.05,0.042,124.3,2009,FD814,Low Sugar,Fruits and Vegetables,OUT004,Medium,Tier 2,Supermarket Type2
10.05,0.168,135.45,2009,DR2268,Low Sugar,Soft Drinks,OUT004,Medium,Tier 2,Supermarket Type2
11.31,0.031,141.01,2009,DR1786,Low Sugar,Soft Drinks,OUT004,Medium,Tier 2,Supermarket Type2
15.75,0.036,173.64,1987,FD3399,Low Sugar,Snack Foods,OUT001,High,Tier 2,Supermarket Type1
12.87,0.047,107.83,2009,FD7980,Regular,Canned,OUT004,Medium,Tier 2,Supermarket Type2
11.15,0.032,101.23,1998,FD3963,Regular,Canned,OUT002,Small,Tier 3,Food Mart
13.43,0.081,231.07,1999,DR898,Low Sugar,Soft Drinks,OUT003,Medium,Tier 1,Departmental Store
13.21,0.034,202.99,1998,FD252,Low Sugar,Frozen Foods,OUT002,Small,Tier 3,Food Mart
15.37,0.015,213.79,1999,FD5083,reg,Canned,OUT003,Medium,Tier 1,Departmental Store
10.76,0.074,121.79,2009,NC5462,No Sugar,Household,OUT004,Medium,Tier 2,Supermarket Type2
9.16,0.037,145.82,2009,FD7191,Low Sugar,Breads,OUT004,Medium,Tier 2,Supermarket Type2
9.8,0.084,155.16,2009,FD1461,Low Sugar,Breads,OUT004,Medium,Tier 2,Supermarket Type2
13.28,0.146,128.82,2009,FD844,Regular,Meat,OUT004,Medium,Tier 2,Supermarket Type2
10.85,0.061,121.22,2009,FD173,Regular,Snack Foods,OUT004,Medium,Tier 2,Supermarket Type2
13.87,0.122,167.69,1987,FD6771,Regular,Canned,OUT001,High,Tier 2,Supermarket Type1
10.11,0.012,116.22,1998,FD5596,Regular,Canned,OUT002,Small,Tier 3,Food Mart
11.64,0.019,153.69,2009,FD5224,Low Sugar,Dairy,OUT004,Medium,Tier 2,Supermarket Type2
14.29,0.033,154.49,2009,FD8227,Low Sugar,Snack Foods,OUT004,Medium,Tier 2,Supermarket Type2
15.73,0.015,191.55,1999,FD2494,Low Sugar,Dairy,OUT003,Medium,Tier 1,Departmental Store
15.38,0.011,186.3,1987,NC7621,No Sugar,Household,OUT001,High,Tier 2,Supermarket Type1
13.91,0.023,198.1,1987,FD6926,Regular,Snack Foods,OUT001,High,Tier 2,Supermarket Type1
11.62,0.031,115.11,2009,FD1979,Low Sugar,Fruits and Vegetables,OUT004,Medium,Tier 2,Supermarket Type2
9.02,0.141,132.09,1987,FD6019,Low Sugar,Snack Foods,OUT001,High,Tier 2,Supermarket Type1
13.94,0.034,128.21,2009,NC1685,No Sugar,Health and Hygiene,OUT004,Medium,Tier 2,Supermarket Type2
15.71,0.028,200.26,1999,FD8559,Regular,Dairy,OUT003,Medium,Tier 1,Departmental Store
15.61,0.022,187.8,1999,NC212,No Sugar,Health and Hygiene,OUT003,Medium,Tier 1,Departmental Store
12.73,0.044,241.21,1999,FD8325,Regular,Fruits and Vegetables,OUT003,Medium,Tier 1,Departmental Store
15.58,0.011,148.03,1987,FD909,Regular,Dairy,OUT001,High,Tier 2,Supermarket Type1
11.41,0.072,134.6,2009,NC8533,No Sugar,Health and Hygiene,OUT004,Medium,Tier 2,Supermarket Type2
12.77,0.068,140.79,2009,FD5515,Low Sugar,Fruits and Vegetables,OUT004,Medium,Tier 2,Supermarket Type2
14.83,0.08,176.77,1987,FD6012,Low Sugar,Fruits and Vegetables,OUT001,High,Tier 2,Supermarket Type1
15.69,0.039,156.94,1999,FD3851,Regular,Frozen Foods,OUT003,Medium,Tier 1,Departmental Store
12.48,0.191,118.01,2009,FD5617,Low Sugar,Snack Foods,OUT004,Medium,Tier 2,Supermarket Type2
8.93,0.067,129.01,1998,NC7102,No Sugar,Health and Hygiene,OUT002,Small,Tier 3,Food Mart
10.11,0.048,111.89,1998,FD261,Low Sugar,Canned,OUT002,Small,Tier 3,Food Mart
9.59,0.034,81.34,1998,FD8172,Low Sugar,Snack Foods,OUT002,Small,Tier 3,Food Mart
14.92,0.123,147.86,2009,FD714,Low Sugar,Meat,OUT004,Medium,Tier 2,Supermarket Type2
13.07,0.046,132.82,2009,FD779,Low Sugar,Canned,OUT004,Medium,Tier 2,Supermarket Type2
14.1,0.024,98.22,2009,FD5759,Low Sugar,Baking Goods,OUT004,Medium,Tier 2,Supermarket Type2
12.25,0.059,130.87,2009,FD6227,Low Sugar,Meat,OUT004,Medium,Tier 2,Supermarket Type2
12.98,0.048,105.28,2009,FD8267,Low Sugar,Snack Foods,OUT004,Medium,Tier 2,Supermarket Type2
15.04,0.037,156.91,1998,FD403,Low Sugar,Frozen Foods,OUT002,Small,Tier 3,Food Mart
15.37,0.01,151.68,1987,FD5745,Low Sugar,Fruits and Vegetables,OUT001,High,Tier 2,Supermarket Type1
12.79,0.036,162.67,2009,FD868,Low Sugar,Frozen Foods,OUT004,Medium,Tier 2,Supermarket Type2
13.33,0.036,126.83,2009,NC1089,No Sugar,Health and Hygiene,OUT004,Medium,Tier 2,Supermarket Type2
10.78,0.031,149.71,2009,FD907,Regular,Snack Foods,OUT004,Medium,Tier 2,Supermarket Type2
14.26,0.039,141.34,2009,FD5835,Low Sugar,Snack Foods,OUT004,Medium,Tier 2,Supermarket Type2
16.93,0.049,204.8,1999,FD2634,Low Sugar,Fruits and Vegetables,OUT003,Medium,Tier 1,Departmental Store
11.52,0.105,188.44,1987,FD6594,Regular,Canned,OUT001,High,Tier 2,Supermarket Type1
10.66,0.039,108.82,1998,FD7728,Regular,Starchy Foods,OUT002,Small,Tier 3,Food Mart
12.81,0.071,143.1,2009,FD7240,Low Sugar,Fruits and Vegetables,OUT004,Medium,Tier 2,Supermarket Type2
12.94,0.019,191.47,1999,FD7678,Regular,Fruits and Vegetables,OUT003,Medium,Tier 1,Departmental Store
14.16,0.017,182.85,1987,FD7914,Low Sugar,Dairy,OUT001,High,Tier 2,Supermarket Type1
10.23,0.011,111.45,1998,NC6376,No Sugar,Health and Hygiene,OUT002,Small,Tier 3,Food Mart
13.53,0.167,171.25,1987,FD4212,Low Sugar,Frozen Foods,OUT001,High,Tier 2,Supermarket Type1
13.48,0.092,107.02,2009,FD3438,Regular,Snack Foods,OUT004,Medium,Tier 2,Supermarket Type2
12.98,0.228,171.48,1987,FD5930,Regular,Fruits and Vegetables,OUT001,High,Tier 2,Supermarket Type1
8.93,0.117,178.62,2009,NC3720,No Sugar,Household,OUT004,Medium,Tier 2,Supermarket Type2
12.61,0.033,122.1,2009,DR607,Regular,Soft Drinks,OUT004,Medium,Tier 2,Supermarket Type2
9.49,0.007,110.12,1998,FD1656,Low Sugar,Snack Foods,OUT002,Small,Tier 3,Food Mart
14.34,0.026,177.46,1999,FD7664,Low Sugar,Meat,OUT003,Medium,Tier 1,Departmental Store
12.69,0.016,195.67,1999,FD1173,Regular,Canned,OUT003,Medium,Tier 1,Departmental Store
13.85,0.063,168.23,1987,FD3641,Low Sugar,Snack Foods,OUT001,High,Tier 2,Supermarket Type1
12.8,0.05,135.56,2009,NC614,No Sugar,Household,OUT004,Medium,Tier 2,Supermarket Type2
11.07,0.083,118.21,2009,NC5167,No Sugar,Health and Hygiene,OUT004,Medium,Tier 2,Supermarket Type2
13.13,0.089,142.33,2009,FD7627,Low Sugar,Fruits and Vegetables,OUT004,Medium,Tier 2,Supermarket Type2
15.47,0.094,152.2,1987,FD5191,Low Sugar,Fruits and Vegetables,OUT001,High,Tier 2,Supermarket Type1
15.18,0.012,162.05,1999,FD2694,Regular,Snack Foods,OUT003,Medium,Tier 1,Departmental Store
15.55,0.093,168.69,1987,FD1443,Regular,Snack Foods,OUT001,High,Tier 2,Supermarket Type1
9.58,0.133,142.33,2009,FD5693,Low Sugar,Baking Goods,OUT004,Medium,Tier 2,Supermarket Type2
13.52,0.051,176.34,1999,FD8082,Low Sugar,Snack Foods,OUT003,Medium,Tier 1,Departmental Store
14.7,0.031,141.36,2009,FD3379,Low Sugar,Baking Goods,OUT004,Medium,Tier 2,Supermarket Type2
11.78,0.09,112.53,2009,FD3858,Low Sugar,Snack Foods,OUT004,Medium,Tier 2,Supermarket Type2
10.69,0.128,177.35,2009,FD2776,Regular,Baking Goods,OUT004,Medium,Tier 2,Supermarket Type2
7.51,0.021,125.42,1998,FD7305,Low Sugar,Meat,OUT002,Small,Tier 3,Food Mart
11.15,0.031,132.22,2009,FD8064,Low Sugar,Snack Foods,OUT004,Medium,Tier 2,Supermarket Type2
16.37,0.046,102.86,2009,FD5502,Regular,Meat,OUT004,Medium,Tier 2,Supermarket Type2
12.33,0.058,131.84,2009,FD6065,Low Sugar,Fruits and Vegetables,OUT004,Medium,Tier 2,Supermarket Type2
14.37,0.049,167.25,1999,NC88,No Sugar,Others,OUT003,Medium,Tier 1,Departmental Store
9.7,0.103,116.87,1998,FD5104,Low Sugar,Dairy,OUT002,Small,Tier 3,Food Mart
15.32,0.076,165.34,1999,NC8308,No Sugar,Health and Hygiene,OUT003,Medium,Tier 1,Departmental Store
12.36,0.052,131.79,2009,NC5495,No Sugar,Health and Hygiene,OUT004,Medium,Tier 2,Supermarket Type2
13.28,0.018,142.71,2009,NC2853,No Sugar,Household,OUT004,Medium,Tier 2,Supermarket Type2
12.71,0.044,139.48,2009,NC6489,No Sugar,Health and Hygiene,OUT004,Medium,Tier 2,Supermarket Type2
9.58,0.03,131.72,1987,FD3103,Low Sugar,Canned,OUT001,High,Tier 2,Supermarket Type1
14.92,0.03,188.95,1987,NC5761,No Sugar,Health and Hygiene,OUT001,High,Tier 2,Supermarket Type1
9.59,0.028,180.74,2009,FD4479,Regular,Breakfast,OUT004,Medium,Tier 2,Supermarket Type2
11.43,0.137,124.91,2009,FD6539,Low Sugar,Snack Foods,OUT004,Medium,Tier 2,Supermarket Type2
11.36,0.03,117.89,2009,FD1439,Low Sugar,Meat,OUT004,Medium,Tier 2,Supermarket Type2
13.73,0.015,156.86,2009,FD5657,Regular,Frozen Foods,OUT004,Medium,Tier 2,Supermarket Type2
10.34,0.022,115.39,1998,NC8072,No Sugar,Household,OUT002,Small,Tier 3,Food Mart
12.41,0.029,118.15,2009,FD4316,Low Sugar,Frozen Foods,OUT004,Medium,Tier 2,Supermarket Type2
15.77,0.009,157.63,1999,NC6204,No Sugar,Others,OUT003,Medium,Tier 1,Departmental Store
10.44,0.024,105.54,1998,FD7480,Low Sugar,Canned,OUT002,Small,Tier 3,Food Mart
10.59,0.175,145.88,2009,FD2598,Low Sugar,Baking Goods,OUT004,Medium,Tier 2,Supermarket Type2
11.75,0.123,163.78,2009,NC8749,No Sugar,Household,OUT004,Medium,Tier 2,Supermarket Type2
12.71,0.089,127.94,2009,FD1987,Low Sugar,Dairy,OUT004,Medium,Tier 2,Supermarket Type2
12.47,0.009,141.94,2009,DR5410,Regular,Soft Drinks,OUT004,Medium,Tier 2,Supermarket Type2
8.94,0.045,143.01,2009,NC6657,No Sugar,Health and Hygiene,OUT004,Medium,Tier 2,Supermarket Type2
11.07,0.089,122.63,2009,FD6919,Low Sugar,Snack Foods,OUT004,Medium,Tier 2,Supermarket Type2
15.42,0.047,150.21,1998,FD223,Regular,Meat,OUT002,Small,Tier 3,Food Mart
8.25,0.108,113.37,1998,DR7299,Low Sugar,Soft Drinks,OUT002,Small,Tier 3,Food Mart
10.0,0.156,108.64,1998,FD457,Regular,Canned,OUT002,Small,Tier 3,Food Mart
12.14,0.008,124.43,2009,FD1773,Low Sugar,Baking Goods,OUT004,Medium,Tier 2,Supermarket Type2
8.13,0.14,82.6,1998,NC6903,No Sugar,Health and Hygiene,OUT002,Small,Tier 3,Food Mart
11.65,0.043,104.18,1987,FD2070,Regular,Meat,OUT001,High,Tier 2,Supermarket Type1
12.37,0.037,120.81,2009,FD3538,Low Sugar,Baking Goods,OUT004,Medium,Tier 2,Supermarket Type2
15.38,0.041,168.62,1987,NC2899,No Sugar,Household,OUT001,High,Tier 2,Supermarket Type1
11.9,0.086,125.64,2009,FD990,Low Sugar,Canned,OUT004,Medium,Tier 2,Supermarket Type2
12.1,0.021,177.22,2009,FD804,Low Sugar,Frozen Foods,OUT004,Medium,Tier 2,Supermarket Type2
10.48,0.04,141.43,2009,FD10,Low Sugar,Snack Foods,OUT004,Medium,Tier 2,Supermarket Type2
7.76,0.191,147.19,1987,FD8234,Regular,Canned,OUT001,High,Tier 2,Supermarket Type1
17.44,0.016,173.84,1999,FD6762,Low Sugar,Fruits and Vegetables,OUT003,Medium,Tier 1,Departmental Store
13.28,0.141,140.08,2009,FD4271,Regular,Fruits and Vegetables,OUT004,Medium,Tier 2,Supermarket Type2
11.02,0.072,124.03,2009,FD3643,Low Sugar,Fruits and Vegetables,OUT004,Medium,Tier 2,Supermarket Type2
11.26,0.105,154.4,2009,FD410,Regular,Fruits and Vegetables,OUT004,Medium,Tier 2,Supermarket Type2
11.43,0.021,123.46,2009,FD5394,Low Sugar,Canned,OUT004,Medium,Tier 2,Supermarket Type2
12.03,0.04,131.83,2009,FD6602,Regular,Baking Goods,OUT004,Medium,Tier 2,Supermarket Type2
9.06,0.077,110.33,1998,FD6884,Low Sugar,Meat,OUT002,Small,Tier 3,Food Mart
9.64,0.09,122.95,1998,FD1695,Low Sugar,Snack Foods,OUT002,Small,Tier 3,Food Mart
10.93,0.171,146.74,2009,FD6381,Regular,Dairy,OUT004,Medium,Tier 2,Supermarket Type2
8.42,0.043,107.89,1987,FD554,Regular,Meat,OUT001,High,Tier 2,Supermarket Type1
11.93,0.177,143.47,2009,NC1846,No Sugar,Health and Hygiene,OUT004,Medium,Tier 2,Supermarket Type2
12.37,0.048,146.7,2009,FD1828,Low Sugar,Breads,OUT004,Medium,Tier 2,Supermarket Type2
10.25,0.038,161.4,2009,DR6834,Low Sugar,Hard Drinks,OUT004,Medium,Tier 2,Supermarket Type2
10.62,0.147,123.71,2009,FD1034,Regular,Snack Foods,OUT004,Medium,Tier 2,Supermarket Type2
9.89,0.038,117.74,1998,FD3075,Low Sugar,Fruits and Vegetables,OUT002,Small,Tier 3,Food Mart
14.17,0.026,169.74,1999,FD766,Regular,Breakfast,OUT003,Medium,Tier 1,Departmental Store
10.01,0.062,122.51,1987,FD7945,Low Sugar,Snack Foods,OUT001,High,Tier 2,Supermarket Type1
15.95,0.05,197.42,1999,FD2657,Low Sugar,Fruits and Vegetables,OUT003,Medium,Tier 1,Departmental Store
10.99,0.057,145.0,2009,FD2124,Low Sugar,Breakfast,OUT004,Medium,Tier 2,Supermarket Type2
16.63,0.041,177.57,1999,FD1572,Regular,Frozen Foods,OUT003,Medium,Tier 1,Departmental Store
16.96,0.174,196.7,1999,FD6392,Regular,Dairy,OUT003,Medium,Tier 1,Departmental Store
14.94,0.233,150.65,1987,NC7673,No Sugar,Household,OUT001,High,Tier 2,Supermarket Type1
15.75,0.062,210.8,1999,FD6505,Low Sugar,Snack Foods,OUT003,Medium,Tier 1,Departmental Store
11.01,0.03,153.17,2009,FD8362,Low Sugar,Baking Goods,OUT004,Medium,Tier 2,Supermarket Type2
12.46,0.021,129.58,1999,NC493,No Sugar,Household,OUT003,Medium,Tier 1,Departmental Store
13.57,0.152,133.05,2009,FD2050,Low Sugar,Frozen Foods,OUT004,Medium,Tier 2,Supermarket Type2
10.06,0.066,138.78,2009,FD7882,Low Sugar,Snack Foods,OUT004,Medium,Tier 2,Supermarket Type2
14.38,0.046,152.93,2009,FD2322,Low Sugar,Fruits and Vegetables,OUT004,Medium,Tier 2,Supermarket Type2
13.41,0.086,138.12,2009,FD3374,Regular,Canned,OUT004,Medium,Tier 2,Supermarket Type2
12.82,0.097,120.47,2009,FD1722,Low Sugar,Fruits and Vegetables,OUT004,Medium,Tier 2,Supermarket Type2
14.28,0.042,179.4,1999,NC1629,No Sugar,Health and Hygiene,OUT003,Medium,Tier 1,Departmental Store
12.84,0.118,114.47,2009,FD2585,Low Sugar,Fruits and Vegetables,OUT004,Medium,Tier 2,Supermarket Type2
12.57,0.111,148.71,2009,FD6035,Low Sugar,Snack Foods,OUT004,Medium,Tier 2,Supermarket Type2
12.87,0.035,181.65,1999,FD1454,reg,Seafood,OUT003,Medium,Tier 1,Departmental Store
12.83,0.095,159.77,2009,FD2831,Low Sugar,Canned,OUT004,Medium,Tier 2,Supermarket Type2
14.64,0.021,186.8,1987,FD2131,Low Sugar,Snack Foods,OUT001,High,Tier 2,Supermarket Type1
11.57,0.042,129.84,2009,FD599,Low Sugar,Frozen Foods,OUT004,Medium,Tier 2,Supermarket Type2
13.68,0.105,183.97,1999,DR6840,Low Sugar,Soft Drinks,OUT003,Medium,Tier 1,Departmental Store
11.61,0.023,164.4,2009,FD1954,Low Sugar,Dairy,OUT004,Medium,Tier 2,Supermarket Type2
12.46,0.049,135.85,2009,FD7888,Low Sugar,Frozen Foods,OUT004,Medium,Tier 2,Supermarket Type2
17.06,0.081,207.19,1999,FD8517,Low Sugar,Frozen Foods,OUT003,Medium,Tier 1,Departmental Store
10.55,0.041,181.19,2009,NC7039,No Sugar,Household,OUT004,Medium,Tier 2,Supermarket Type2
13.31,0.12,132.37,2009,NC2988,No Sugar,Others,OUT004,Medium,Tier 2,Supermarket Type2
12.17,0.025,108.29,2009,FD3840,Low Sugar,Meat,OUT004,Medium,Tier 2,Supermarket Type2
9.8,0.096,111.52,1998,NC5950,No Sugar,Household,OUT002,Small,Tier 3,Food Mart
14.71,0.024,197.02,1987,FD2527,Low Sugar,Snack Foods,OUT001,High,Tier 2,Supermarket Type1
11.33,0.077,190.77,1987,FD6213,Low Sugar,Fruits and Vegetables,OUT001,High,Tier 2,Supermarket Type1
10.27,0.27,120.26,1987,FD4841,Low Sugar,Snack Foods,OUT001,High,Tier 2,Supermarket Type1
14.64,0.074,200.85,1987,FD508,Low Sugar,Snack Foods,OUT001,High,Tier 2,Supermarket Type1
14.28,0.019,133.7,2009,NC3128,No Sugar,Household,OUT004,Medium,Tier 2,Supermarket Type2
13.78,0.081,124.38,1998,FD207,Low Sugar,Frozen Foods,OUT002,Small,Tier 3,Food Mart
9.38,0.119,97.46,1998,NC4963,No Sugar,Household,OUT002,Small,Tier 3,Food Mart
9.84,0.033,112.43,1998,FD5968,Regular,Frozen Foods,OUT002,Small,Tier 3,Food Mart
14.62,0.027,184.18,1987,FD3158,Low Sugar,Dairy,OUT001,High,Tier 2,Supermarket Type1
11.1,0.028,113.17,1987,FD87,Regular,Frozen Foods,OUT001,High,Tier 2,Supermarket Type1
11.49,0.018,144.37,2009,FD6786,Low Sugar,Dairy,OUT004,Medium,Tier 2,Supermarket Type2
11.86,0.14,122.12,2009,FD1782,Low Sugar,Canned,OUT004,Medium,Tier 2,Supermarket Type2
14.23,0.046,107.34,2009,FD2659,Low Sugar,Snack Foods,OUT004,Medium,Tier 2,Supermarket Type2
14.54,0.035,186.44,1987,FD5669,reg,Fruits and Vegetables,OUT001,High,Tier 2,Supermarket Type1
8.57,0.04,124.25,1999,FD162,Low Sugar,Fruits and Vegetables,OUT003,Medium,Tier 1,Departmental Store
14.18,0.073,158.5,1987,FD677,Low Sugar,Meat,OUT001,High,Tier 2,Supermarket Type1
14.18,0.069,154.64,2009,FD8476,Regular,Dairy,OUT004,Medium,Tier 2,Supermarket Type2
10.31,0.044,146.34,2009,FD1326,Low Sugar,Fruits and Vegetables,OUT004,Medium,Tier 2,Supermarket Type2
10.08,0.028,104.89,1998,NC1602,No Sugar,Household,OUT002,Small,Tier 3,Food Mart
14.12,0.042,112.65,2009,FD8583,Low Sugar,Fruits and Vegetables,OUT004,Medium,Tier 2,Supermarket Type2
12.88,0.017,140.24,2009,NC6662,No Sugar,Health and Hygiene,OUT004,Medium,Tier 2,Supermarket Type2
14.57,0.007,204.56,1999,FD4859,Low Sugar,Dairy,OUT003,Medium,Tier 1,Departmental Store
14.23,0.128,160.44,1987,DR4795,Low Sugar,Soft Drinks,OUT001,High,Tier 2,Supermarket Type1
12.24,0.031,146.86,2009,FD881,Low Sugar,Meat,OUT004,Medium,Tier 2,Supermarket Type2
15.85,0.038,195.05,1999,FD3754,Low Sugar,Fruits and Vegetables,OUT003,Medium,Tier 1,Departmental Store
9.07,0.062,123.23,1998,FD7596,Low Sugar,Snack Foods,OUT002,Small,Tier 3,Food Mart
11.01,0.047,127.09,2009,FD2789,Regular,Canned,OUT004,Medium,Tier 2,Supermarket Type2
10.93,0.018,173.95,2009,DR7243,Low Sugar,Soft Drinks,OUT004,Medium,Tier 2,Supermarket Type2
13.02,0.09,149.58,2009,NC6557,No Sugar,Household,OUT004,Medium,Tier 2,Supermarket Type2
17.17,0.011,181.7,1999,FD8681,Low Sugar,Snack Foods,OUT003,Medium,Tier 1,Departmental Store
13.12,0.097,175.61,1987,FD6001,Low Sugar,Snack Foods,OUT001,High,Tier 2,Supermarket Type1
13.8,0.036,135.45,2009,FD4805,Low Sugar,Meat,OUT004,Medium,Tier 2,Supermarket Type2
13.09,0.013,148.95,2009,FD4423,Low Sugar,Starchy Foods,OUT004,Medium,Tier 2,Supermarket Type2
14.23,0.037,199.32,1987,FD3059,Low Sugar,Snack Foods,OUT001,High,Tier 2,Supermarket Type1
12.5,0.214,128.47,2009,FD1922,Regular,Snack Foods,OUT004,Medium,Tier 2,Supermarket Type2
10.47,0.007,147.19,2009,FD2593,Low Sugar,Snack Foods,OUT004,Medium,Tier 2,Supermarket Type2
14.33,0.011,128.64,2009,FD8719,Low Sugar,Snack Foods,OUT004,Medium,Tier 2,Supermarket Type2
13.93,0.036,109.48,2009,FD8443,Regular,Frozen Foods,OUT004,Medium,Tier 2,Supermarket Type2
11.71,0.054,168.98,2009,FD3859,Low Sugar,Canned,OUT004,Medium,Tier 2,Supermarket Type2
16.27,0.182,137.71,1987,FD6330,Low Sugar,Fruits and Vegetables,OUT001,High,Tier 2,Supermarket Type1
9.87,0.048,138.23,2009,FD5649,Low Sugar,Snack Foods,OUT004,Medium,Tier 2,Supermarket Type2
11.72,0.184,129.51,1999,FD97,Low Sugar,Canned,OUT003,Medium,Tier 1,Departmental Store
7.9,0.042,94.85,1998,FD3115,Low Sugar,Fruits and Vegetables,OUT002,Small,Tier 3,Food Mart
9.56,0.145,116.65,1998,FD6875,Low Sugar,Dairy,OUT002,Small,Tier 3,Food Mart
10.85,0.039,142.8,2009,FD1653,Regular,Breakfast,OUT004,Medium,Tier 2,Supermarket Type2
14.1,0.038,130.42,2009,FD7846,Low Sugar,Dairy,OUT004,Medium,Tier 2,Supermarket Type2
17.97,0.053,204.5,1987,FD454,Low Sugar,Snack Foods,OUT001,High,Tier 2,Supermarket Type1
11.4,0.014,139.9,2009,FD3218,Low Sugar,Snack Foods,OUT004,Medium,Tier 2,Supermarket Type2
11.18,0.027,147.62,2009,DR4048,Low Sugar,Soft Drinks,OUT004,Medium,Tier 2,Supermarket Type2
13.74,0.154,145.73,2009,DR2978,Low Sugar,Hard Drinks,OUT004,Medium,Tier 2,Supermarket Type2
10.17,0.119,119.1,1987,DR8386,Low Sugar,Soft Drinks,OUT001,High,Tier 2,Supermarket Type1
14.01,0.188,150.06,2009,FD8352,Low Sugar,Fruits and Vegetables,OUT004,Medium,Tier 2,Supermarket Type2
12.27,0.071,149.58,1999,FD18,Low Sugar,Fruits and Vegetables,OUT003,Medium,Tier 1,Departmental Store
14.31,0.063,123.68,2009,FD7825,Low Sugar,Baking Goods,OUT004,Medium,Tier 2,Supermarket Type2
14.13,0.031,149.08,2009,FD6143,Low Sugar,Snack Foods,OUT004,Medium,Tier 2,Supermarket Type2
14.37,0.149,172.67,1999,FD4065,Regular,Dairy,OUT003,Medium,Tier 1,Departmental Store
9.17,0.048,150.53,2009,FD6470,Low Sugar,Meat,OUT004,Medium,Tier 2,Supermarket Type2
12.77,0.017,151.44,2009,FD7032,Regular,Starchy Foods,OUT004,Medium,Tier 2,Supermarket Type2
14.14,0.022,161.25,1987,FD1814,Regular,Snack Foods,OUT001,High,Tier 2,Supermarket Type1
14.14,0.021,218.27,1999,FD3927,Low Sugar,Meat,OUT003,Medium,Tier 1,Departmental Store
8.06,0.054,155.33,2009,FD3746,Regular,Snack Foods,OUT004,Medium,Tier 2,Supermarket Type2
14.91,0.039,163.56,1999,FD4901,Regular,Breakfast,OUT003,Medium,Tier 1,Departmental Store
12.13,0.099,188.2,1987,FD248,Regular,Meat,OUT001,High,Tier 2,Supermarket Type1
15.03,0.027,200.56,1999,FD6166,Regular,Starchy Foods,OUT003,Medium,Tier 1,Departmental Store
12.92,0.104,110.45,2009,DR2364,Low Sugar,Soft Drinks,OUT004,Medium,Tier 2,Supermarket Type2
11.64,0.104,112.77,1999,FD445,Low Sugar,Fruits and Vegetables,OUT003,Medium,Tier 1,Departmental Store
14.18,0.062,162.52,1987,FD8315,Regular,Dairy,OUT001,High,Tier 2,Supermarket Type1
9.36,0.073,113.66,1998,NC369,No Sugar,Health and Hygiene,OUT002,Small,Tier 3,Food Mart
12.03,0.128,166.1,2009,FD2047,Low Sugar,Snack Foods,OUT004,Medium,Tier 2,Supermarket Type2
13.75,0.017,154.64,2009,FD681,Low Sugar,Snack Foods,OUT004,Medium,Tier 2,Supermarket Type2
13.09,0.027,155.83,2009,FD6216,Low Sugar,Fruits and Vegetables,OUT004,Medium,Tier 2,Supermarket Type2
16.31,0.048,138.19,1987,NC4550,No Sugar,Others,OUT001,High,Tier 2,Supermarket Type1
11.67,0.12,137.27,2009,FD3424,Regular,Fruits and Vegetables,OUT004,Medium,Tier 2,Supermarket Type2
10.8,0.12,68.36,1998,FD6435,Low Sugar,Seafood,OUT002,Small,Tier 3,Food Mart
11.37,0.04,161.5,2009,FD6847,Low Sugar,Dairy,OUT004,Medium,Tier 2,Supermarket Type2
10.11,0.064,133.31,2009,FD2627,Regular,Meat,OUT004,Medium,Tier 2,Supermarket Type2
10.71,0.135,139.94,2009,FD4320,Low Sugar,Dairy,OUT004,Medium,Tier 2,Supermarket Type2
12.7,0.021,133.99,2009,FD5694,Regular,Snack Foods,OUT004,Medium,Tier 2,Supermarket Type2
12.65,0.064,168.33,2009,FD3401,Regular,Snack Foods,OUT004,Medium,Tier 2,Supermarket Type2
14.61,0.019,114.54,2009,NC272,No Sugar,Health and Hygiene,OUT004,Medium,Tier 2,Supermarket Type2
12.07,0.147,150.09,2009,FD2639,Low Sugar,Canned,OUT004,Medium,Tier 2,Supermarket Type2
17.03,0.11,134.98,1999,FD479,Low Sugar,Dairy,OUT003,Medium,Tier 1,Departmental Store
12.78,0.05,167.99,2009,FD1325,Regular,Baking Goods,OUT004,Medium,Tier 2,Supermarket Type2
17.32,0.168,191.1,1999,FD1169,Regular,Meat,OUT003,Medium,Tier 1,Departmental Store
11.49,0.077,148.29,2009,FD8660,Low Sugar,Frozen Foods,OUT004,Medium,Tier 2,Supermarket Type2
16.01,0.032,135.05,2009,FD7062,Regular,Dairy,OUT004,Medium,Tier 2,Supermarket Type2
15.76,0.103,188.46,1998,FD499,Low Sugar,Baking Goods,OUT002,Small,Tier 3,Food Mart
16.55,0.043,179.15,1999,FD5361,Low Sugar,Dairy,OUT003,Medium,Tier 1,Departmental Store
11.98,0.045,90.94,1998,FD4717,Low Sugar,Fruits and Vegetables,OUT002,Small,Tier 3,Food Mart
14.02,0.083,156.44,2009,NC580,No Sugar,Household,OUT004,Medium,Tier 2,Supermarket Type2
13.06,0.034,172.92,1987,FD1802,reg,Dairy,OUT001,High,Tier 2,Supermarket Type1
8.13,0.047,161.05,2009,FD1951,Low Sugar,Snack Foods,OUT004,Medium,Tier 2,Supermarket Type2
9.92,0.121,138.47,2009,FD7403,Regular,Dairy,OUT004,Medium,Tier 2,Supermarket Type2
11.81,0.039,144.64,2009,FD6993,Low Sugar,Meat,OUT004,Medium,Tier 2,Supermarket Type2
11.17,0.035,107.26,1987,FD4352,Low Sugar,Meat,OUT001,High,Tier 2,Supermarket Type1
9.38,0.053,118.33,1998,FD1188,Regular,Fruits and Vegetables,OUT002,Small,Tier 3,Food Mart
11.22,0.128,175.64,2009,FD5105,Low Sugar,Frozen Foods,OUT004,Medium,Tier 2,Supermarket Type2
14.14,0.06,146.62,2009,FD7317,Low Sugar,Frozen Foods,OUT004,Medium,Tier 2,Supermarket Type2
12.76,0.028,141.51,2009,FD1043,Regular,Fruits and Vegetables,OUT004,Medium,Tier 2,Supermarket Type2
13.26,0.026,143.96,2009,DR7074,Regular,Soft Drinks,OUT004,Medium,Tier 2,Supermarket Type2
14.14,0.044,155.64,2009,FD4181,Low Sugar,Meat,OUT004,Medium,Tier 2,Supermarket Type2
11.51,0.038,143.04,2009,FD5200,Low Sugar,Fruits and Vegetables,OUT004,Medium,Tier 2,Supermarket Type2
11.41,0.096,150.57,2009,FD608,Regular,Dairy,OUT004,Medium,Tier 2,Supermarket Type2
11.67,0.142,137.1,2009,NC8098,No Sugar,Others,OUT004,Medium,Tier 2,Supermarket Type2
17.58,0.033,169.66,1999,FD4096,Low Sugar,Frozen Foods,OUT003,Medium,Tier 1,Departmental Store
13.42,0.178,169.58,1987,FD5028,Regular,Baking Goods,OUT001,High,Tier 2,Supermarket Type1
15.35,0.064,177.53,1987,DR2356,Low Sugar,Soft Drinks,OUT001,High,Tier 2,Supermarket Type1
9.5,0.021,126.12,1987,FD5922,Low Sugar,Frozen Foods,OUT001,High,Tier 2,Supermarket Type1
11.06,0.051,106.69,1998,FD8468,Regular,Snack Foods,OUT002,Small,Tier 3,Food Mart
12.38,0.087,155.18,2009,FD7306,Low Sugar,Fruits and Vegetables,OUT004,Medium,Tier 2,Supermarket Type2
7.21,0.041,142.57,1998,FD54,Low Sugar,Snack Foods,OUT002,Small,Tier 3,Food Mart
12.19,0.119,165.79,2009,FD4365,Low Sugar,Fruits and Vegetables,OUT004,Medium,Tier 2,Supermarket Type2
10.71,0.176,160.48,2009,FD3353,Regular,Canned,OUT004,Medium,Tier 2,Supermarket Type2
13.73,0.006,108.52,2009,FD4029,Regular,Snack Foods,OUT004,Medium,Tier 2,Supermarket Type2
11.1,0.018,154.97,2009,FD6203,Regular,Meat,OUT004,Medium,Tier 2,Supermarket Type2
14.17,0.175,187.12,1987,FD5409,Low Sugar,Frozen Foods,OUT001,High,Tier 2,Supermarket Type1
8.58,0.086,131.62,1998,NC5554,No Sugar,Household,OUT002,Small,Tier 3,Food Mart
12.81,0.094,118.6,2009,FD6950,Low Sugar,Snack Foods,OUT004,Medium,Tier 2,Supermarket Type2
13.53,0.018,106.76,2009,FD5283,Low Sugar,Baking Goods,OUT004,Medium,Tier 2,Supermarket Type2
13.98,0.044,179.23,1999,DR6923,Regular,Hard Drinks,OUT003,Medium,Tier 1,Departmental Store
14.41,0.027,163.46,1987,FD7368,Regular,Starchy Foods,OUT001,High,Tier 2,Supermarket Type1
12.75,0.042,135.09,2009,NC7139,No Sugar,Household,OUT004,Medium,Tier 2,Supermarket Type2
9.92,0.035,164.32,2009,NC7369,No Sugar,Household,OUT004,Medium,Tier 2,Supermarket Type2
13.6,0.052,199.99,1987,FD910,Regular,Canned,OUT001,High,Tier 2,Supermarket Type1
17.65,0.102,179.13,1999,FD849,Regular,Meat,OUT003,Medium,Tier 1,Departmental Store
12.38,0.039,153.98,2009,FD2670,Low Sugar,Dairy,OUT004,Medium,Tier 2,Supermarket Type2
14.2,0.032,122.57,2009,NC8691,No Sugar,Household,OUT004,Medium,Tier 2,Supermarket Type2
12.63,0.086,134.76,2009,FD5529,Low Sugar,Dairy,OUT004,Medium,Tier 2,Supermarket Type2
12.02,0.015,140.6,2009,DR5565,Regular,Soft Drinks,OUT004,Medium,Tier 2,Supermarket Type2
13.73,0.04,157.71,2009,FD2192,Low Sugar,Fruits and Vegetables,OUT004,Medium,Tier 2,Supermarket Type2
15.64,0.049,174.12,1987,NC8744,No Sugar,Household,OUT001,High,Tier 2,Supermarket Type1
12.71,0.058,186.11,1999,FD6464,Regular,Fruits and Vegetables,OUT003,Medium,Tier 1,Departmental Store
14.66,0.015,189.89,1987,FD133,Regular,Frozen Foods,OUT001,High,Tier 2,Supermarket Type1
12.55,0.026,191.88,1999,NC7646,No Sugar,Household,OUT003,Medium,Tier 1,Departmental Store
14.16,0.053,158.08,1987,FD8367,Low Sugar,Fruits and Vegetables,OUT001,High,Tier 2,Supermarket Type1
10.75,0.007,89.33,1998,FD6196,Low Sugar,Snack Foods,OUT002,Small,Tier 3,Food Mart
10.86,0.038,91.06,1998,FD1915,Low Sugar,Canned,OUT002,Small,Tier 3,Food Mart
13.94,0.073,165.92,1987,FD8128,Low Sugar,Dairy,OUT001,High,Tier 2,Supermarket Type1
11.25,0.055,169.97,2009,FD3216,Low Sugar,Snack Foods,OUT004,Medium,Tier 2,Supermarket Type2
12.69,0.086,147.16,2009,DR2706,Low Sugar,Soft Drinks,OUT004,Medium,Tier 2,Supermarket Type2
12.52,0.016,136.45,2009,FD5802,Low Sugar,Frozen Foods,OUT004,Medium,Tier 2,Supermarket Type2
12.79,0.036,145.74,2009,FD2057,Low Sugar,Snack Foods,OUT004,Medium,Tier 2,Supermarket Type2
15.39,0.019,153.95,1999,FD1664,Low Sugar,Snack Foods,OUT003,Medium,Tier 1,Departmental Store
13.14,0.14,154.86,2009,FD8126,Low Sugar,Breads,OUT004,Medium,Tier 2,Supermarket Type2
10.98,0.04,132.87,2009,FD3653,Low Sugar,Frozen Foods,OUT004,Medium,Tier 2,Supermarket Type2
10.38,0.053,114.61,1998,FD4403,Regular,Snack Foods,OUT002,Small,Tier 3,Food Mart
13.93,0.058,161.15,1987,FD5544,Low Sugar,Baking Goods,OUT001,High,Tier 2,Supermarket Type1
9.92,0.012,157.86,2009,FD8031,Regular,Frozen Foods,OUT004,Medium,Tier 2,Supermarket Type2
11.89,0.118,166.17,2009,FD7704,Regular,Fruits and Vegetables,OUT004,Medium,Tier 2,Supermarket Type2
10.23,0.152,124.63,1987,FD1680,Low Sugar,Canned,OUT001,High,Tier 2,Supermarket Type1
10.63,0.061,157.66,2009,FD2254,Low Sugar,Snack Foods,OUT004,Medium,Tier 2,Supermarket Type2
9.81,0.086,94.37,1998,FD6996,Low Sugar,Snack Foods,OUT002,Small,Tier 3,Food Mart
10.22,0.077,129.55,2009,FD8263,Low Sugar,Canned,OUT004,Medium,Tier 2,Supermarket Type2
12.55,0.084,136.27,2009,FD3938,Low Sugar,Fruits and Vegetables,OUT004,Medium,Tier 2,Supermarket Type2
12.5,0.216,144.93,2009,FD5875,Regular,Snack Foods,OUT004,Medium,Tier 2,Supermarket Type2
13.72,0.116,149.44,2009,FD4333,Low Sugar,Dairy,OUT004,Medium,Tier 2,Supermarket Type2
14.65,0.055,150.66,2009,FD6296,Low Sugar,Frozen Foods,OUT004,Medium,Tier 2,Supermarket Type2
10.01,0.123,142.25,2009,FD1641,Low Sugar,Dairy,OUT004,Medium,Tier 2,Supermarket Type2
11.52,0.086,146.28,2009,FD6369,Low Sugar,Snack Foods,OUT004,Medium,Tier 2,Supermarket Type2
14.69,0.072,138.5,2009,NC8437,No Sugar,Household,OUT004,Medium,Tier 2,Supermarket Type2
15.1,0.067,122.59,2009,FD3571,Low Sugar,Frozen Foods,OUT004,Medium,Tier 2,Supermarket Type2
12.31,0.05,139.57,2009,FD4438,Low Sugar,Dairy,OUT004,Medium,Tier 2,Supermarket Type2
13.13,0.131,139.3,2009,NC6799,No Sugar,Health and Hygiene,OUT004,Medium,Tier 2,Supermarket Type2
17.02,0.118,198.9,1999,FD3347,Low Sugar,Dairy,OUT003,Medium,Tier 1,Departmental Store
17.89,0.048,181.87,1999,FD3230,Low Sugar,Starchy Foods,OUT003,Medium,Tier 1,Departmental Store
13.98,0.039,164.29,1987,FD5291,Low Sugar,Baking Goods,OUT001,High,Tier 2,Supermarket Type1
10.91,0.094,136.29,2009,FD4374,Low Sugar,Fruits and Vegetables,OUT004,Medium,Tier 2,Supermarket Type2
11.51,0.021,97.62,1998,FD2203,Low Sugar,Canned,OUT002,Small,Tier 3,Food Mart
13.48,0.175,123.66,2009,FD6432,Low Sugar,Snack Foods,OUT004,Medium,Tier 2,Supermarket Type2
9.76,0.07,153.64,2009,FD2667,Low Sugar,Snack Foods,OUT004,Medium,Tier 2,Supermarket Type2
11.14,0.038,120.31,2009,FD5548,Low Sugar,Meat,OUT004,Medium,Tier 2,Supermarket Type2
10.07,0.036,123.41,1987,NC8539,No Sugar,Household,OUT001,High,Tier 2,Supermarket Type1
15.64,0.054,146.74,1987,DR8376,Low Sugar,Soft Drinks,OUT001,High,Tier 2,Supermarket Type1
10.87,0.123,122.84,2009,FD3566,Regular,Canned,OUT004,Medium,Tier 2,Supermarket Type2
14.88,0.042,189.31,1987,FD4530,Low Sugar,Frozen Foods,OUT001,High,Tier 2,Supermarket Type1
8.79,0.078,132.61,1998,FD8164,Low Sugar,Baking Goods,OUT002,Small,Tier 3,Food Mart
9.57,0.01,123.67,1998,NC1180,No Sugar,Health and Hygiene,OUT002,Small,Tier 3,Food Mart
11.35,0.06,161.69,2009,FD6228,Regular,Frozen Foods,OUT004,Medium,Tier 2,Supermarket Type2
15.21,0.03,164.1,1999,FD6257,reg,Meat,OUT003,Medium,Tier 1,Departmental Store
9.33,0.162,146.11,2009,FD8720,Low Sugar,Meat,OUT004,Medium,Tier 2,Supermarket Type2
15.92,0.119,171.7,1987,FD4773,Low Sugar,Fruits and Vegetables,OUT001,High,Tier 2,Supermarket Type1
12.78,0.016,119.09,2009,FD7057,Regular,Fruits and Vegetables,OUT004,Medium,Tier 2,Supermarket Type2
11.72,0.01,116.1,2009,FD7565,Low Sugar,Meat,OUT004,Medium,Tier 2,Supermarket Type2
13.06,0.023,159.64,2009,FD4786,Low Sugar,Frozen Foods,OUT004,Medium,Tier 2,Supermarket Type2
11.43,0.042,179.39,2009,NC3436,No Sugar,Household,OUT004,Medium,Tier 2,Supermarket Type2
11.5,0.1,178.23,2009,FD2840,Regular,Starchy Foods,OUT004,Medium,Tier 2,Supermarket Type2
10.1,0.045,210.52,1987,FD2397,Regular,Snack Foods,OUT001,High,Tier 2,Supermarket Type1
11.13,0.22,166.74,2009,NC3872,No Sugar,Household,OUT004,Medium,Tier 2,Supermarket Type2
12.61,0.04,169.83,2009,FD2474,Low Sugar,Baking Goods,OUT004,Medium,Tier 2,Supermarket Type2
9.52,0.072,110.05,1998,FD3992,Low Sugar,Frozen Foods,OUT002,Small,Tier 3,Food Mart
8.77,0.164,122.41,1998,FD4844,Low Sugar,Baking Goods,OUT002,Small,Tier 3,Food Mart
15.76,0.121,172.81,1987,FD685,Regular,Baking Goods,OUT001,High,Tier 2,Supermarket Type1
12.43,0.233,161.15,2009,DR3082,Low Sugar,Soft Drinks,OUT004,Medium,Tier 2,Supermarket Type2
12.35,0.046,137.03,2009,DR970,Regular,Soft Drinks,OUT004,Medium,Tier 2,Supermarket Type2
9.51,0.024,88.16,1998,FD8146,Low Sugar,Fruits and Vegetables,OUT002,Small,Tier 3,Food Mart
9.33,0.018,139.2,2009,FD3462,Regular,Canned,OUT004,Medium,Tier 2,Supermarket Type2
15.01,0.141,146.88,2009,FD3409,Regular,Breads,OUT004,Medium,Tier 2,Supermarket Type2
12.94,0.172,132.17,2009,FD3620,Low Sugar,Starchy Foods,OUT004,Medium,Tier 2,Supermarket Type2
13.1,0.037,142.85,2009,FD5205,Low Sugar,Snack Foods,OUT004,Medium,Tier 2,Supermarket Type2
14.45,0.058,148.42,2009,FD3192,Low Sugar,Dairy,OUT004,Medium,Tier 2,Supermarket Type2
12.73,0.137,146.3,2009,NC8159,No Sugar,Household,OUT004,Medium,Tier 2,Supermarket Type2
11.79,0.079,152.91,2009,FD5562,Low Sugar,Frozen Foods,OUT004,Medium,Tier 2,Supermarket Type2
15.17,0.149,156.37,1999,NC1442,No Sugar,Health and Hygiene,OUT003,Medium,Tier 1,Departmental Store
10.47,0.102,167.98,2009,FD7505,Low Sugar,Fruits and Vegetables,OUT004,Medium,Tier 2,Supermarket Type2
9.66,0.108,177.44,2009,FD6259,Low Sugar,Fruits and Vegetables,OUT004,Medium,Tier 2,Supermarket Type2
9.17,0.128,93.75,1998,FD7400,Low Sugar,Snack Foods,OUT002,Small,Tier 3,Food Mart
14.67,0.074,149.81,2009,NC1287,No Sugar,Health and Hygiene,OUT004,Medium,Tier 2,Supermarket Type2
15.32,0.078,173.06,1987,FD3795,Low Sugar,Dairy,OUT001,High,Tier 2,Supermarket Type1
12.54,0.02,137.17,2009,FD3236,Regular,Frozen Foods,OUT004,Medium,Tier 2,Supermarket Type2
12.68,0.031,180.39,1987,FD8060,Regular,Meat,OUT001,High,Tier 2,Supermarket Type1
13.89,0.036,151.52,1998,FD552,Regular,Dairy,OUT002,Small,Tier 3,Food Mart
16.06,0.07,184.56,1999,FD4609,Regular,Canned,OUT003,Medium,Tier 1,Departmental Store
12.25,0.073,152.91,2009,FD7668,Low Sugar,Fruits and Vegetables,OUT004,Medium,Tier 2,Supermarket Type2
14.12,0.014,191.81,1987,FD3025,Low Sugar,Dairy,OUT001,High,Tier 2,Supermarket Type1
11.38,0.047,98.6,1998,NC8430,No Sugar,Household,OUT002,Small,Tier 3,Food Mart
12.92,0.083,180.95,1999,FD7466,Low Sugar,Meat,OUT003,Medium,Tier 1,Departmental Store
12.02,0.043,142.68,2009,NC6252,No Sugar,Others,OUT004,Medium,Tier 2,Supermarket Type2
11.14,0.011,127.18,2009,NC5271,No Sugar,Household,OUT004,Medium,Tier 2,Supermarket Type2
11.52,0.132,177.06,2009,FD6851,Low Sugar,Baking Goods,OUT004,Medium,Tier 2,Supermarket Type2
14.45,0.037,161.2,1987,FD5355,Regular,Fruits and Vegetables,OUT001,High,Tier 2,Supermarket Type1
13.34,0.039,147.68,2009,FD8486,Low Sugar,Frozen Foods,OUT004,Medium,Tier 2,Supermarket Type2
11.29,0.029,151.79,2009,FD4607,Low Sugar,Meat,OUT004,Medium,Tier 2,Supermarket Type2
11.22,0.233,131.33,2009,NC7008,No Sugar,Household,OUT004,Medium,Tier 2,Supermarket Type2
15.09,0.098,176.37,1987,NC6380,No Sugar,Household,OUT001,High,Tier 2,Supermarket Type1
7.55,0.054,106.1,1998,FD1844,Regular,Frozen Foods,OUT002,Small,Tier 3,Food Mart
12.81,0.053,128.9,1998,FD474,Low Sugar,Baking Goods,OUT002,Small,Tier 3,Food Mart
17.24,0.091,104.03,2009,FD5038,Low Sugar,Snack Foods,OUT004,Medium,Tier 2,Supermarket Type2
12.53,0.016,134.65,2009,NC5751,No Sugar,Health and Hygiene,OUT004,Medium,Tier 2,Supermarket Type2
9.36,0.036,117.28,1998,FD5067,Regular,Baking Goods,OUT002,Small,Tier 3,Food Mart
9.21,0.113,138.68,2009,FD1363,Low Sugar,Snack Foods,OUT004,Medium,Tier 2,Supermarket Type2
14.23,0.151,134.07,2009,DR1130,Regular,Soft Drinks,OUT004,Medium,Tier 2,Supermarket Type2
13.06,0.052,142.59,2009,FD3144,Low Sugar,Baking Goods,OUT004,Medium,Tier 2,Supermarket Type2
11.47,0.115,109.47,1987,FD5245,Regular,Canned,OUT001,High,Tier 2,Supermarket Type1
14.36,0.024,160.21,1987,DR3108,reg,Hard Drinks,OUT001,High,Tier 2,Supermarket Type1
10.07,0.016,136.53,2009,NC1936,No Sugar,Household,OUT004,Medium,Tier 2,Supermarket Type2
16.41,0.064,191.07,1999,FD3869,Low Sugar,Meat,OUT003,Medium,Tier 1,Departmental Store
13.98,0.067,138.18,2009,FD1513,Low Sugar,Snack Foods,OUT004,Medium,Tier 2,Supermarket Type2
11.65,0.047,132.02,2009,FD8318,Low Sugar,Baking Goods,OUT004,Medium,Tier 2,Supermarket Type2
11.81,0.061,113.34,2009,FD2497,Low Sugar,Frozen Foods,OUT004,Medium,Tier 2,Supermarket Type2
13.21,0.034,159.36,2009,FD2321,Low Sugar,Snack Foods,OUT004,Medium,Tier 2,Supermarket Type2
13.87,0.026,116.22,2009,FD8326,Low Sugar,Snack Foods,OUT004,Medium,Tier 2,Supermarket Type2
12.09,0.025,200.89,1999,FD8153,Low Sugar,Dairy,OUT003,Medium,Tier 1,Departmental Store
11.26,0.019,140.43,2009,NC5449,No Sugar,Household,OUT004,Medium,Tier 2,Supermarket Type2
14.67,0.048,168.6,1999,FD6160,Low Sugar,Frozen Foods,OUT003,Medium,Tier 1,Departmental Store
15.47,0.031,160.95,1999,FD3713,Low Sugar,Dairy,OUT003,Medium,Tier 1,Departmental Store
12.0,0.011,120.82,2009,NC7267,No Sugar,Household,OUT004,Medium,Tier 2,Supermarket Type2
11.87,0.031,124.59,2009,DR3161,Low Sugar,Hard Drinks,OUT004,Medium,Tier 2,Supermarket Type2
14.03,0.22,161.49,1987,NC1182,No Sugar,Household,OUT001,High,Tier 2,Supermarket Type1
5.38,0.071,98.43,1998,FD842,Low Sugar,Snack Foods,OUT002,Small,Tier 3,Food Mart
10.51,0.036,123.28,1987,FD6200,Regular,Baking Goods,OUT001,High,Tier 2,Supermarket Type1
10.29,0.171,103.21,1998,FD6281,Regular,Meat,OUT002,Small,Tier 3,Food Mart
13.81,0.056,137.22,2009,FD3629,Low Sugar,Dairy,OUT004,Medium,Tier 2,Supermarket Type2
11.14,0.114,140.55,2009,FD7672,Regular,Canned,OUT004,Medium,Tier 2,Supermarket Type2
12.27,0.073,144.98,2009,DR2281,Low Sugar,Soft Drinks,OUT004,Medium,Tier 2,Supermarket Type2
10.64,0.097,130.78,2009,NC5742,No Sugar,Household,OUT004,Medium,Tier 2,Supermarket Type2
11.61,0.062,150.7,2009,DR6954,Regular,Soft Drinks,OUT004,Medium,Tier 2,Supermarket Type2
10.47,0.125,139.07,2009,DR1566,Low Sugar,Soft Drinks,OUT004,Medium,Tier 2,Supermarket Type2
9.08,0.085,150.86,2009,FD2997,Low Sugar,Baking Goods,OUT004,Medium,Tier 2,Supermarket Type2
18.71,0.026,171.52,1999,FD1103,Low Sugar,Baking Goods,OUT003,Medium,Tier 1,Departmental Store
13.01,0.082,163.52,2009,NC2438,No Sugar,Household,OUT004,Medium,Tier 2,Supermarket Type2
13.77,0.161,109.65,2009,FD803,Low Sugar,Baking Goods,OUT004,Medium,Tier 2,Supermarket Type2
13.73,0.009,205.17,1998,NC255,No Sugar,Household,OUT002,Small,Tier 3,Food Mart
6.89,0.035,117.48,1998,NC8173,No Sugar,Household,OUT002,Small,Tier 3,Food Mart
10.93,0.082,109.82,1987,NC2461,No Sugar,Household,OUT001,High,Tier 2,Supermarket Type1
12.22,0.156,145.79,2009,FD4767,Regular,Frozen Foods,OUT004,Medium,Tier 2,Supermarket Type2
12.96,0.011,125.58,2009,NC5015,No Sugar,Household,OUT004,Medium,Tier 2,Supermarket Type2
13.34,0.022,144.41,2009,FD7993,Regular,Seafood,OUT004,Medium,Tier 2,Supermarket Type2
11.61,0.092,106.19,1987,FD5188,Low Sugar,Fruits and Vegetables,OUT001,High,Tier 2,Supermarket Type1
11.76,0.149,195.02,1999,DR3443,Regular,Hard Drinks,OUT003,Medium,Tier 1,Departmental Store
16.29,0.019,207.55,1999,FD3491,Low Sugar,Baking Goods,OUT003,Medium,Tier 1,Departmental Store
6.07,0.054,127.78,1998,FD2035,Low Sugar,Dairy,OUT002,Small,Tier 3,Food Mart
14.74,0.037,129.17,2009,FD8632,Low Sugar,Snack Foods,OUT004,Medium,Tier 2,Supermarket Type2
14.95,0.168,139.2,2009,FD3730,Low Sugar,Frozen Foods,OUT004,Medium,Tier 2,Supermarket Type2
16.42,0.118,177.08,1999,NC8373,No Sugar,Household,OUT003,Medium,Tier 1,Departmental Store
11.82,0.189,160.05,2009,FD5625,Low Sugar,Canned,OUT004,Medium,Tier 2,Supermarket Type2
11.38,0.066,185.17,2009,FD4223,Low Sugar,Fruits and Vegetables,OUT004,Medium,Tier 2,Supermarket Type2
11.97,0.081,133.78,2009,FD4827,Regular,Frozen Foods,OUT004,Medium,Tier 2,Supermarket Type2
13.52,0.026,112.97,2009,NC6686,No Sugar,Household,OUT004,Medium,Tier 2,Supermarket Type2
13.22,0.016,148.09,2009,FD6239,Low Sugar,Canned,OUT004,Medium,Tier 2,Supermarket Type2
14.43,0.031,193.59,1987,FD6305,Low Sugar,Frozen Foods,OUT001,High,Tier 2,Supermarket Type1
11.01,0.083,97.66,1998,FD516,Regular,Breads,OUT002,Small,Tier 3,Food Mart
10.92,0.036,140.2,2009,FD2366,Regular,Baking Goods,OUT004,Medium,Tier 2,Supermarket Type2
14.33,0.044,155.76,1999,FD350,Low Sugar,Meat,OUT003,Medium,Tier 1,Departmental Store
15.21,0.157,162.53,1999,FD4295,Low Sugar,Dairy,OUT003,Medium,Tier 1,Departmental Store
11.98,0.093,153.94,2009,FD5662,Low Sugar,Canned,OUT004,Medium,Tier 2,Supermarket Type2
9.92,0.118,136.49,2009,FD6481,Low Sugar,Frozen Foods,OUT004,Medium,Tier 2,Supermarket Type2
11.28,0.118,167.68,2009,NC2250,No Sugar,Household,OUT004,Medium,Tier 2,Supermarket Type2
13.99,0.033,140.84,2009,FD2969,Low Sugar,Fruits and Vegetables,OUT004,Medium,Tier 2,Supermarket Type2
9.87,0.02,144.26,2009,NC7424,No Sugar,Health and Hygiene,OUT004,Medium,Tier 2,Supermarket Type2
9.54,0.017,131.99,1987,FD4892,Low Sugar,Canned,OUT001,High,Tier 2,Supermarket Type1
16.79,0.013,111.26,2009,FD7195,Low Sugar,Snack Foods,OUT004,Medium,Tier 2,Supermarket Type2
10.89,0.085,122.89,2009,FD6032,Low Sugar,Baking Goods,OUT004,Medium,Tier 2,Supermarket Type2
15.52,0.014,200.75,1999,FD2603,Regular,Fruits and Vegetables,OUT003,Medium,Tier 1,Departmental Store
10.56,0.039,153.37,2009,FD1245,Regular,Frozen Foods,OUT004,Medium,Tier 2,Supermarket Type2
13.34,0.045,195.56,1987,NC1052,No Sugar,Household,OUT001,High,Tier 2,Supermarket Type1
14.89,0.056,133.25,2009,FD2653,Low Sugar,Dairy,OUT004,Medium,Tier 2,Supermarket Type2
13.63,0.058,133.01,2009,FD2648,Regular,Canned,OUT004,Medium,Tier 2,Supermarket Type2
10.27,0.014,158.01,2009,FD2112,Regular,Frozen Foods,OUT004,Medium,Tier 2,Supermarket Type2
14.71,0.038,152.32,1987,FD7507,Regular,Starchy Foods,OUT001,High,Tier 2,Supermarket Type1
11.54,0.182,135.38,2009,NC3485,No Sugar,Health and Hygiene,OUT004,Medium,Tier 2,Supermarket Type2
8.29,0.022,101.45,1998,DR7545,Low Sugar,Soft Drinks,OUT002,Small,Tier 3,Food Mart
16.17,0.156,132.92,2009,FD29,Regular,Canned,OUT004,Medium,Tier 2,Supermarket Type2
12.4,0.122,106.15,2009,FD2113,Low Sugar,Dairy,OUT004,Medium,Tier 2,Supermarket Type2
14.84,0.015,156.86,1987,FD5107,Low Sugar,Baking Goods,OUT001,High,Tier 2,Supermarket Type1
10.57,0.047,137.25,2009,NC6146,No Sugar,Household,OUT004,Medium,Tier 2,Supermarket Type2
11.81,0.039,144.22,2009,FD6795,Low Sugar,Canned,OUT004,Medium,Tier 2,Supermarket Type2
15.78,0.033,180.1,1987,FD8411,Low Sugar,Dairy,OUT001,High,Tier 2,Supermarket Type1
14.4,0.041,171.39,1999,FD4343,Low Sugar,Fruits and Vegetables,OUT003,Medium,Tier 1,Departmental Store
14.58,0.059,194.65,1987,FD1007,Low Sugar,Meat,OUT001,High,Tier 2,Supermarket Type1
9.03,0.119,123.07,1998,FD5492,Low Sugar,Dairy,OUT002,Small,Tier 3,Food Mart
10.94,0.074,157.78,2009,FD4415,Low Sugar,Canned,OUT004,Medium,Tier 2,Supermarket Type2
10.93,0.097,143.63,2009,DR858,Low Sugar,Soft Drinks,OUT004,Medium,Tier 2,Supermarket Type2
9.19,0.023,101.21,1998,FD4604,Low Sugar,Fruits and Vegetables,OUT002,Small,Tier 3,Food Mart
11.26,0.049,141.73,2009,FD3824,Low Sugar,Canned,OUT004,Medium,Tier 2,Supermarket Type2
13.21,0.064,118.47,2009,FD8198,Low Sugar,Snack Foods,OUT004,Medium,Tier 2,Supermarket Type2
15.54,0.079,168.78,1987,DR5254,Regular,Soft Drinks,OUT001,High,Tier 2,Supermarket Type1
11.92,0.035,164.91,2009,FD8675,Low Sugar,Baking Goods,OUT004,Medium,Tier 2,Supermarket Type2
11.85,0.17,130.09,2009,FD1088,Regular,Baking Goods,OUT004,Medium,Tier 2,Supermarket Type2
12.24,0.062,93.84,1998,FD1367,Low Sugar,Fruits and Vegetables,OUT002,Small,Tier 3,Food Mart
14.07,0.049,123.85,2009,FD732,Low Sugar,Fruits and Vegetables,OUT004,Medium,Tier 2,Supermarket Type2
10.0,0.058,144.39,2009,FD4051,Low Sugar,Seafood,OUT004,Medium,Tier 2,Supermarket Type2
18.36,0.079,172.49,1999,FD330,Low Sugar,Dairy,OUT003,Medium,Tier 1,Departmental Store
13.64,0.154,153.85,2009,FD6675,Low Sugar,Dairy,OUT004,Medium,Tier 2,Supermarket Type2
12.29,0.013,135.46,2009,FD2013,Regular,Frozen Foods,OUT004,Medium,Tier 2,Supermarket Type2
12.67,0.036,143.53,2009,FD8417,Low Sugar,Fruits and Vegetables,OUT004,Medium,Tier 2,Supermarket Type2
12.5,0.052,170.81,2009,FD2959,Low Sugar,Baking Goods,OUT004,Medium,Tier 2,Supermarket Type2
11.94,0.026,127.11,2009,FD1162,Low Sugar,Frozen Foods,OUT004,Medium,Tier 2,Supermarket Type2
13.62,0.061,97.14,2009,FD5530,Low Sugar,Snack Foods,OUT004,Medium,Tier 2,Supermarket Type2
14.53,0.02,135.14,2009,FD1308,Regular,Dairy,OUT004,Medium,Tier 2,Supermarket Type2
11.14,0.1,107.07,1998,DR2222,Regular,Soft Drinks,OUT002,Small,Tier 3,Food Mart
15.78,0.12,143.1,1987,FD7378,Regular,Dairy,OUT001,High,Tier 2,Supermarket Type1
13.7,0.142,105.59,2009,NC4503,No Sugar,Household,OUT004,Medium,Tier 2,Supermarket Type2
10.77,0.057,171.82,2009,FD6311,Low Sugar,Fruits and Vegetables,OUT004,Medium,Tier 2,Supermarket Type2
12.15,0.025,168.65,2009,FD5295,Regular,Baking Goods,OUT004,Medium,Tier 2,Supermarket Type2
15.33,0.287,164.42,1999,FD2407,Regular,Frozen Foods,OUT003,Medium,Tier 1,Departmental Store
16.21,0.165,174.07,1987,FD1868,Regular,Baking Goods,OUT001,High,Tier 2,Supermarket Type1
11.61,0.031,119.07,2009,NC4290,No Sugar,Health and Hygiene,OUT004,Medium,Tier 2,Supermarket Type2
16.03,0.086,183.59,1999,FD4678,Low Sugar,Dairy,OUT003,Medium,Tier 1,Departmental Store
13.14,0.037,147.18,2009,NC7060,No Sugar,Household,OUT004,Medium,Tier 2,Supermarket Type2
11.52,0.042,56.33,1998,FD1541,Regular,Snack Foods,OUT002,Small,Tier 3,Food Mart
14.72,0.016,147.66,2009,FD2703,Regular,Baking Goods,OUT004,Medium,Tier 2,Supermarket Type2
9.83,0.081,154.0,1999,FD264,Low Sugar,Snack Foods,OUT003,Medium,Tier 1,Departmental Store
11.31,0.108,150.22,2009,NC3906,No Sugar,Household,OUT004,Medium,Tier 2,Supermarket Type2
15.35,0.016,229.2,1999,FD2168,Low Sugar,Baking Goods,OUT003,Medium,Tier 1,Departmental Store
9.71,0.138,130.06,1998,FD298,Low Sugar,Dairy,OUT002,Small,Tier 3,Food Mart
13.48,0.01,143.92,2009,FD2577,Low Sugar,Frozen Foods,OUT004,Medium,Tier 2,Supermarket Type2
14.02,0.021,122.85,2009,FD4975,Low Sugar,Baking Goods,OUT004,Medium,Tier 2,Supermarket Type2
15.09,0.133,185.61,1987,FD782,Regular,Snack Foods,OUT001,High,Tier 2,Supermarket Type1
14.94,0.057,181.81,1987,FD8406,Low Sugar,Fruits and Vegetables,OUT001,High,Tier 2,Supermarket Type1
12.98,0.044,155.83,2009,FD6693,Low Sugar,Dairy,OUT004,Medium,Tier 2,Supermarket Type2
8.74,0.048,136.24,1987,FD5827,Low Sugar,Dairy,OUT001,High,Tier 2,Supermarket Type1
12.97,0.05,141.53,2009,FD4258,Low Sugar,Snack Foods,OUT004,Medium,Tier 2,Supermarket Type2
13.81,0.149,222.71,1999,FD1225,Regular,Canned,OUT003,Medium,Tier 1,Departmental Store
9.72,0.065,107.11,1998,FD4310,Regular,Seafood,OUT002,Small,Tier 3,Food Mart
13.29,0.035,181.89,1999,FD2715,Regular,Canned,OUT003,Medium,Tier 1,Departmental Store
10.08,0.006,119.38,1999,NC358,No Sugar,Health and Hygiene,OUT003,Medium,Tier 1,Departmental Store
12.43,0.168,144.04,2009,FD539,Low Sugar,Baking Goods,OUT004,Medium,Tier 2,Supermarket Type2
13.6,0.062,141.87,2009,NC8296,No Sugar,Household,OUT004,Medium,Tier 2,Supermarket Type2
9.51,0.053,126.58,1987,NC3402,No Sugar,Household,OUT001,High,Tier 2,Supermarket Type1
15.0,0.032,199.97,1999,DR7527,Regular,Soft Drinks,OUT003,Medium,Tier 1,Departmental Store
11.47,0.039,88.58,1998,FD4039,reg,Dairy,OUT002,Small,Tier 3,Food Mart
8.74,0.151,133.71,1998,FD8690,Regular,Breads,OUT002,Small,Tier 3,Food Mart
8.95,0.023,125.3,1998,FD5697,Low Sugar,Frozen Foods,OUT002,Small,Tier 3,Food Mart
16.63,0.099,191.04,1999,FD6588,Low Sugar,Breads,OUT003,Medium,Tier 1,Departmental Store
6.85,0.085,115.38,1998,FD2794,Low Sugar,Canned,OUT002,Small,Tier 3,Food Mart
14.77,0.156,185.6,1987,FD5414,Regular,Breads,OUT001,High,Tier 2,Supermarket Type1
13.58,0.045,147.02,2009,FD4080,Regular,Snack Foods,OUT004,Medium,Tier 2,Supermarket Type2
14.11,0.016,153.37,2009,FD3947,Regular,Fruits and Vegetables,OUT004,Medium,Tier 2,Supermarket Type2
11.06,0.023,124.69,2009,FD7583,Regular,Fruits and Vegetables,OUT004,Medium,Tier 2,Supermarket Type2
11.12,0.069,121.96,2009,FD8669,Low Sugar,Frozen Foods,OUT004,Medium,Tier 2,Supermarket Type2
15.9,0.114,141.25,1987,FD1512,Low Sugar,Dairy,OUT001,High,Tier 2,Supermarket Type1
12.18,0.09,145.02,2009,FD7041,Low Sugar,Frozen Foods,OUT004,Medium,Tier 2,Supermarket Type2
13.21,0.085,164.47,2009,FD7063,Low Sugar,Snack Foods,OUT004,Medium,Tier 2,Supermarket Type2
14.54,0.13,167.58,1999,FD2946,Low Sugar,Meat,OUT003,Medium,Tier 1,Departmental Store
12.65,0.019,190.83,1999,NC6882,No Sugar,Health and Hygiene,OUT003,Medium,Tier 1,Departmental Store
9.0,0.073,99.65,1998,FD4484,Low Sugar,Meat,OUT002,Small,Tier 3,Food Mart
11.7,0.025,180.97,2009,FD7781,Low Sugar,Seafood,OUT004,Medium,Tier 2,Supermarket Type2
15.17,0.076,121.39,2009,NC6399,No Sugar,Health and Hygiene,OUT004,Medium,Tier 2,Supermarket Type2
16.85,0.084,197.25,1999,FD2934,reg,Dairy,OUT003,Medium,Tier 1,Departmental Store
8.49,0.21,114.39,1999,FD42,Low Sugar,Canned,OUT003,Medium,Tier 1,Departmental Store
14.47,0.042,145.07,2009,NC2905,No Sugar,Household,OUT004,Medium,Tier 2,Supermarket Type2
14.57,0.018,179.19,1987,FD2773,Low Sugar,Meat,OUT001,High,Tier 2,Supermarket Type1
13.52,0.044,175.31,1999,FD2309,Low Sugar,Fruits and Vegetables,OUT003,Medium,Tier 1,Departmental Store
13.46,0.011,142.12,2009,FD5750,Low Sugar,Fruits and Vegetables,OUT004,Medium,Tier 2,Supermarket Type2
11.52,0.042,157.58,2009,FD7563,Low Sugar,Canned,OUT004,Medium,Tier 2,Supermarket Type2
12.33,0.185,159.15,2009,DR1204,Low Sugar,Hard Drinks,OUT004,Medium,Tier 2,Supermarket Type2
9.46,0.026,163.09,2009,FD2067,Regular,Frozen Foods,OUT004,Medium,Tier 2,Supermarket Type2
10.98,0.055,142.47,2009,FD8036,Low Sugar,Meat,OUT004,Medium,Tier 2,Supermarket Type2
14.95,0.233,168.62,1999,FD1893,Low Sugar,Canned,OUT003,Medium,Tier 1,Departmental Store
10.15,0.128,133.89,2009,FD1995,Low Sugar,Starchy Foods,OUT004,Medium,Tier 2,Supermarket Type2
13.45,0.087,75.23,1998,FD2633,Regular,Fruits and Vegetables,OUT002,Small,Tier 3,Food Mart
14.84,0.078,133.89,2009,FD6901,Low Sugar,Dairy,OUT004,Medium,Tier 2,Supermarket Type2
12.97,0.064,177.78,1987,FD5519,Regular,Snack Foods,OUT001,High,Tier 2,Supermarket Type1
11.99,0.012,157.85,2009,DR4291,Low Sugar,Soft Drinks,OUT004,Medium,Tier 2,Supermarket Type2
9.53,0.104,92.78,1998,FD653,Regular,Meat,OUT002,Small,Tier 3,Food Mart
11.62,0.015,142.64,2009,FD2590,Regular,Fruits and Vegetables,OUT004,Medium,Tier 2,Supermarket Type2
10.86,0.1,130.03,2009,FD6544,Regular,Baking Goods,OUT004,Medium,Tier 2,Supermarket Type2
10.96,0.029,137.54,2009,FD871,Low Sugar,Meat,OUT004,Medium,Tier 2,Supermarket Type2
10.92,0.012,152.98,2009,DR3382,Regular,Soft Drinks,OUT004,Medium,Tier 2,Supermarket Type2
9.61,0.014,122.88,1998,FD4024,Low Sugar,Snack Foods,OUT002,Small,Tier 3,Food Mart
19.09,0.077,181.58,1999,FD4498,Low Sugar,Fruits and Vegetables,OUT003,Medium,Tier 1,Departmental Store
13.3,0.066,150.81,2009,FD3514,Regular,Canned,OUT004,Medium,Tier 2,Supermarket Type2
11.95,0.086,155.99,2009,NC7077,No Sugar,Household,OUT004,Medium,Tier 2,Supermarket Type2
12.49,0.061,119.85,2009,FD6508,Low Sugar,Fruits and Vegetables,OUT004,Medium,Tier 2,Supermarket Type2
11.82,0.067,138.92,2009,FD4961,Regular,Meat,OUT004,Medium,Tier 2,Supermarket Type2
12.98,0.116,165.88,2009,FD4286,Low Sugar,Snack Foods,OUT004,Medium,Tier 2,Supermarket Type2
12.0,0.048,148.72,2009,FD489,Low Sugar,Snack Foods,OUT004,Medium,Tier 2,Supermarket Type2
10.93,0.015,145.11,2009,FD5195,Low Sugar,Baking Goods,OUT004,Medium,Tier 2,Supermarket Type2
12.03,0.034,177.25,2009,NC3542,No Sugar,Health and Hygiene,OUT004,Medium,Tier 2,Supermarket Type2
11.99,0.032,164.02,2009,FD1942,Regular,Meat,OUT004,Medium,Tier 2,Supermarket Type2
14.99,0.032,191.47,1987,FD3427,Low Sugar,Fruits and Vegetables,OUT001,High,Tier 2,Supermarket Type1
14.93,0.086,127.68,2009,FD3098,Low Sugar,Frozen Foods,OUT004,Medium,Tier 2,Supermarket Type2
16.08,0.061,218.76,1999,FD8085,Regular,Baking Goods,OUT003,Medium,Tier 1,Departmental Store
14.81,0.013,180.48,1987,FD1311,Low Sugar,Dairy,OUT001,High,Tier 2,Supermarket Type1
11.41,0.128,165.99,2009,FD2532,Low Sugar,Fruits and Vegetables,OUT004,Medium,Tier 2,Supermarket Type2
12.18,0.093,116.95,2009,FD2886,Regular,Snack Foods,OUT004,Medium,Tier 2,Supermarket Type2
13.7,0.01,177.8,1999,NC3320,No Sugar,Health and Hygiene,OUT003,Medium,Tier 1,Departmental Store
10.86,0.041,95.23,1998,FD7743,Regular,Baking Goods,OUT002,Small,Tier 3,Food Mart
11.86,0.027,169.84,2009,FD7319,Low Sugar,Dairy,OUT004,Medium,Tier 2,Supermarket Type2
10.91,0.129,120.67,2009,FD6937,Low Sugar,Fruits and Vegetables,OUT004,Medium,Tier 2,Supermarket Type2
14.42,0.025,153.71,2009,NC2393,No Sugar,Health and Hygiene,OUT004,Medium,Tier 2,Supermarket Type2
17.62,0.019,174.13,1999,FD2938,Regular,Canned,OUT003,Medium,Tier 1,Departmental Store
12.67,0.047,118.07,2009,FD541,Low Sugar,Snack Foods,OUT004,Medium,Tier 2,Supermarket Type2
10.76,0.073,115.85,1987,NC1869,No Sugar,Household,OUT001,High,Tier 2,Supermarket Type1
13.23,0.047,170.95,1987,NC3563,No Sugar,Household,OUT001,High,Tier 2,Supermarket Type1
13.72,0.051,144.15,2009,DR6917,Low Sugar,Hard Drinks,OUT004,Medium,Tier 2,Supermarket Type2
9.52,0.092,172.9,2009,DR5715,Low Sugar,Hard Drinks,OUT004,Medium,Tier 2,Supermarket Type2
11.28,0.025,120.09,2009,FD4395,Low Sugar,Frozen Foods,OUT004,Medium,Tier 2,Supermarket Type2
13.65,0.077,187.98,1987,NC625,No Sugar,Household,OUT001,High,Tier 2,Supermarket Type1
14.26,0.072,174.91,1999,DR4649,Low Sugar,Soft Drinks,OUT003,Medium,Tier 1,Departmental Store
9.14,0.046,93.58,1998,FD7018,Regular,Dairy,OUT002,Small,Tier 3,Food Mart
11.85,0.039,129.34,2009,FD6139,Regular,Meat,OUT004,Medium,Tier 2,Supermarket Type2
13.07,0.086,139.77,2009,FD6952,Low Sugar,Snack Foods,OUT004,Medium,Tier 2,Supermarket Type2
12.03,0.129,100.64,1987,FD6813,Regular,Snack Foods,OUT001,High,Tier 2,Supermarket Type1
11.36,0.047,150.66,2009,FD7441,Low Sugar,Baking Goods,OUT004,Medium,Tier 2,Supermarket Type2
12.97,0.034,134.98,2009,NC5156,No Sugar,Household,OUT004,Medium,Tier 2,Supermarket Type2
12.02,0.226,125.31,2009,FD2967,Low Sugar,Fruits and Vegetables,OUT004,Medium,Tier 2,Supermarket Type2
14.21,0.021,219.86,1999,DR5150,Low Sugar,Soft Drinks,OUT003,Medium,Tier 1,Departmental Store
11.08,0.066,111.41,1987,FD1507,Low Sugar,Fruits and Vegetables,OUT001,High,Tier 2,Supermarket Type1
13.37,0.156,168.63,1987,NC8017,No Sugar,Health and Hygiene,OUT001,High,Tier 2,Supermarket Type1
8.42,0.041,106.32,1998,FD3966,Regular,Canned,OUT002,Small,Tier 3,Food Mart
8.26,0.073,125.38,1998,FD7995,Regular,Baking Goods,OUT002,Small,Tier 3,Food Mart
13.08,0.109,129.29,2009,FD1815,Low Sugar,Frozen Foods,OUT004,Medium,Tier 2,Supermarket Type2
7.04,0.025,110.88,1998,FD3655,Regular,Starchy Foods,OUT002,Small,Tier 3,Food Mart
12.82,0.038,150.37,2009,FD2601,Low Sugar,Frozen Foods,OUT004,Medium,Tier 2,Supermarket Type2
12.54,0.066,156.38,2009,FD5706,Regular,Fruits and Vegetables,OUT004,Medium,Tier 2,Supermarket Type2
15.75,0.052,153.4,1999,FD2122,Low Sugar,Snack Foods,OUT003,Medium,Tier 1,Departmental Store
11.0,0.107,131.4,2009,FD6459,Low Sugar,Fruits and Vegetables,OUT004,Medium,Tier 2,Supermarket Type2
16.55,0.178,200.9,1999,FD7670,Low Sugar,Snack Foods,OUT003,Medium,Tier 1,Departmental Store
10.2,0.04,157.81,2009,FD4025,Regular,Meat,OUT004,Medium,Tier 2,Supermarket Type2
11.67,0.12,86.03,1998,DR4820,Low Sugar,Soft Drinks,OUT002,Small,Tier 3,Food Mart
12.61,0.074,106.46,2009,FD7630,Low Sugar,Frozen Foods,OUT004,Medium,Tier 2,Supermarket Type2
16.39,0.059,185.65,1999,FD1696,Low Sugar,Starchy Foods,OUT003,Medium,Tier 1,Departmental Store
8.98,0.038,101.43,1998,FD1794,Low Sugar,Canned,OUT002,Small,Tier 3,Food Mart
11.76,0.115,146.13,2009,FD7952,Low Sugar,Snack Foods,OUT004,Medium,Tier 2,Supermarket Type2
10.19,0.021,113.5,1987,FD477,Low Sugar,Dairy,OUT001,High,Tier 2,Supermarket Type1
15.44,0.122,154.64,1998,FD328,Low Sugar,Fruits and Vegetables,OUT002,Small,Tier 3,Food Mart
15.52,0.017,152.1,1999,FD2235,Low Sugar,Snack Foods,OUT003,Medium,Tier 1,Departmental Store
11.69,0.098,144.09,2009,FD7324,Regular,Meat,OUT004,Medium,Tier 2,Supermarket Type2
15.06,0.042,186.81,1987,FD6017,Regular,Snack Foods,OUT001,High,Tier 2,Supermarket Type1
9.44,0.038,136.96,2009,FD71,Low Sugar,Fruits and Vegetables,OUT004,Medium,Tier 2,Supermarket Type2
13.86,0.032,149.76,2009,FD2018,Low Sugar,Snack Foods,OUT004,Medium,Tier 2,Supermarket Type2
10.94,0.129,106.17,1998,FD7584,Low Sugar,Snack Foods,OUT002,Small,Tier 3,Food Mart
13.48,0.042,187.97,1999,FD2848,Regular,Meat,OUT003,Medium,Tier 1,Departmental Store
14.85,0.04,134.13,2009,FD8737,Low Sugar,Snack Foods,OUT004,Medium,Tier 2,Supermarket Type2
13.34,0.155,138.51,2009,FD755,Low Sugar,Frozen Foods,OUT004,Medium,Tier 2,Supermarket Type2
10.98,0.133,120.13,2009,NC6672,No Sugar,Others,OUT004,Medium,Tier 2,Supermarket Type2
11.27,0.09,121.14,2009,NC5193,No Sugar,Household,OUT004,Medium,Tier 2,Supermarket Type2
11.48,0.025,130.03,2009,NC3769,No Sugar,Health and Hygiene,OUT004,Medium,Tier 2,Supermarket Type2
12.09,0.1,140.01,2009,FD5032,Low Sugar,Baking Goods,OUT004,Medium,Tier 2,Supermarket Type2
10.33,0.076,151.21,2009,FD5695,Low Sugar,Dairy,OUT004,Medium,Tier 2,Supermarket Type2
13.56,0.137,188.63,1987,FD419,Regular,Canned,OUT001,High,Tier 2,Supermarket Type1
12.92,0.021,117.97,2009,DR5116,Regular,Soft Drinks,OUT004,Medium,Tier 2,Supermarket Type2
8.86,0.024,137.9,1987,FD1742,Low Sugar,Canned,OUT001,High,Tier 2,Supermarket Type1
11.43,0.031,137.66,2009,FD2460,Regular,Fruits and Vegetables,OUT004,Medium,Tier 2,Supermarket Type2
14.53,0.088,171.17,1999,FD6613,Low Sugar,Baking Goods,OUT003,Medium,Tier 1,Departmental Store
12.3,0.06,170.87,2009,FD7442,Low Sugar,Baking Goods,OUT004,Medium,Tier 2,Supermarket Type2
12.44,0.112,153.52,2009,FD6914,Regular,Fruits and Vegetables,OUT004,Medium,Tier 2,Supermarket Type2
9.72,0.022,112.11,1998,NC6856,No Sugar,Household,OUT002,Small,Tier 3,Food Mart
10.0,0.123,92.43,1998,FD2994,Low Sugar,Fruits and Vegetables,OUT002,Small,Tier 3,Food Mart
13.52,0.092,190.15,1987,NC1550,No Sugar,Household,OUT001,High,Tier 2,Supermarket Type1
10.5,0.018,109.36,1998,FD8584,Low Sugar,Dairy,OUT002,Small,Tier 3,Food Mart
12.1,0.017,115.8,2009,NC4394,No Sugar,Household,OUT004,Medium,Tier 2,Supermarket Type2
11.43,0.053,161.36,2009,FD6692,Regular,Breads,OUT004,Medium,Tier 2,Supermarket Type2
14.24,0.157,133.74,2009,FD269,Low Sugar,Fruits and Vegetables,OUT004,Medium,Tier 2,Supermarket Type2
14.17,0.016,210.21,1999,FD7140,Low Sugar,Seafood,OUT003,Medium,Tier 1,Departmental Store
9.09,0.081,82.27,1998,DR6038,Low Sugar,Soft Drinks,OUT002,Small,Tier 3,Food Mart
15.16,0.112,150.81,1987,NC5806,No Sugar,Others,OUT001,High,Tier 2,Supermarket Type1
13.15,0.009,138.92,2009,FD5002,Regular,Snack Foods,OUT004,Medium,Tier 2,Supermarket Type2
13.32,0.092,129.5,2009,FD961,Low Sugar,Fruits and Vegetables,OUT004,Medium,Tier 2,Supermarket Type2
11.25,0.033,140.87,2009,FD4391,Low Sugar,Fruits and Vegetables,OUT004,Medium,Tier 2,Supermarket Type2
12.15,0.043,146.37,2009,FD1823,Low Sugar,Breads,OUT004,Medium,Tier 2,Supermarket Type2
11.47,0.066,134.31,2009,FD3063,Regular,Snack Foods,OUT004,Medium,Tier 2,Supermarket Type2
14.46,0.044,159.0,1987,FD7162,Low Sugar,Dairy,OUT001,High,Tier 2,Supermarket Type1
13.84,0.012,100.79,2009,FD7056,Low Sugar,Baking Goods,OUT004,Medium,Tier 2,Supermarket Type2
13.03,0.026,160.57,2009,FD7717,Regular,Fruits and Vegetables,OUT004,Medium,Tier 2,Supermarket Type2
13.76,0.063,143.02,2009,FD611,Low Sugar,Dairy,OUT004,Medium,Tier 2,Supermarket Type2
13.94,0.036,121.2,2009,FD6103,Low Sugar,Starchy Foods,OUT004,Medium,Tier 2,Supermarket Type2
17.03,0.03,148.95,1999,FD6473,Low Sugar,Snack Foods,OUT003,Medium,Tier 1,Departmental Store
14.54,0.017,169.96,1999,NC3290,No Sugar,Health and Hygiene,OUT003,Medium,Tier 1,Departmental Store
12.55,0.025,138.27,2009,DR1269,Low Sugar,Soft Drinks,OUT004,Medium,Tier 2,Supermarket Type2
10.16,0.109,124.5,1987,FD5962,Low Sugar,Dairy,OUT001,High,Tier 2,Supermarket Type1
12.9,0.046,167.89,2009,FD6630,Regular,Snack Foods,OUT004,Medium,Tier 2,Supermarket Type2
14.1,0.029,156.16,2009,FD1679,Low Sugar,Snack Foods,OUT004,Medium,Tier 2,Supermarket Type2
13.36,0.022,104.11,2009,NC7359,No Sugar,Others,OUT004,Medium,Tier 2,Supermarket Type2
9.99,0.016,112.69,1998,NC5576,No Sugar,Household,OUT002,Small,Tier 3,Food Mart
13.39,0.047,117.96,2009,FD7788,Regular,Snack Foods,OUT004,Medium,Tier 2,Supermarket Type2
12.6,0.03,142.58,2009,FD6378,Low Sugar,Dairy,OUT004,Medium,Tier 2,Supermarket Type2
10.9,0.067,178.42,2009,NC7943,No Sugar,Household,OUT004,Medium,Tier 2,Supermarket Type2
13.11,0.191,159.36,2009,FD972,Low Sugar,Starchy Foods,OUT004,Medium,Tier 2,Supermarket Type2
